Load Date,Total Load [MW] - Norway,Total Load [MW] - Sweden,Total Load [MW] - Finland,Temp - Norway,Temp - Sweden,Temp - Finland,WindSpeed - Norway,WindSpeed - Sweden,WindSpeed - Finland,Day of Week,Month,Year,Holiday_Norway,Holiday_Sweden,Holiday_Finland
1/1/2010,457617,472863,274243,-11.02,-7.91,-14.40,2.63,2.73,6.73,Friday,January,2010,1,1,1
1/2/2010,469580,487585,291092,-13.64,-9.32,-17.59,2.41,2.54,5.41,Saturday,January,2010,0,0,0
1/3/2010,468754,500255,286191,-12.54,-10.57,-14.68,2.01,2.73,4.44,Sunday,January,2010,0,0,0
1/4/2010,490222,525910,293990,-12.14,-7.44,-9.45,2.23,2.9,5.33,Monday,January,2010,0,0,0
1/5/2010,513643,560086,305419,-15.49,-12.37,-12.88,2.03,2.43,4.51,Tuesday,January,2010,0,0,0
1/6/2010,535809,551334,303093,-18.80,-12.89,-17.71,2.33,2.51,2.84,Wednesday,January,2010,0,1,1
1/7/2010,532426,572118,320501,-18.44,-9.98,-15.78,2.41,3.54,6.81,Thursday,January,2010,0,0,0
1/8/2010,534842,577043,321334,-18.97,-13.95,-17.65,2.45,2.79,4.81,Friday,January,2010,0,0,0
1/9/2010,519060,549194,309894,-16.23,-11.97,-15.30,2.53,2.5,2.67,Saturday,January,2010,0,0,0
1/10/2010,497315,520101,289806,-12.60,-7.32,-10.72,2.57,2.08,1.62,Sunday,January,2010,0,0,0
1/11/2010,519035,549179,295572,-9.51,-7.54,-6.13,2.47,1.68,3.19,Monday,January,2010,0,0,0
1/12/2010,501649,552207,288217,-7.76,-5.95,-4.06,1.97,1.37,3.43,Tuesday,January,2010,0,0,0
1/13/2010,498366,552910,286954,-7.77,-5.69,-5.36,1.59,1.06,1.46,Wednesday,January,2010,0,0,0
1/14/2010,497604,538786,291464,-7.28,-4.98,-5.93,1.43,0.94,2.86,Thursday,January,2010,0,0,0
1/15/2010,491932,518336,287031,-7.48,-4.13,-5.97,1.28,1.1,2.6,Friday,January,2010,0,0,0
1/16/2010,455305,467392,266092,-5.29,-3.04,-5.78,1.79,2.53,3.78,Saturday,January,2010,0,0,0
1/17/2010,445142,461959,260658,-4.29,-2.72,-7.49,1.88,3.09,5.56,Sunday,January,2010,0,0,0
1/18/2010,469220,505460,286901,-4.93,-2.34,-8.71,1.45,2.53,5.25,Monday,January,2010,0,0,0
1/19/2010,466728,505221,296226,-4.56,-2.15,-11.59,1.98,1.81,4.54,Tuesday,January,2010,0,0,0
1/20/2010,470335,509665,305843,-5.24,-3.05,-13.76,1.95,2.38,4.62,Wednesday,January,2010,0,0,0
1/21/2010,470352,511149,317866,-4.83,-3.02,-15.94,1.59,2.34,4.72,Thursday,January,2010,0,0,0
1/22/2010,468545,504029,326047,-5.54,-3.95,-16.56,1.48,2.22,4.21,Friday,January,2010,0,0,0
1/23/2010,445952,468691,308308,-5.97,-5.23,-16.44,1.45,2.46,3.56,Saturday,January,2010,0,0,0
1/24/2010,440375,476678,298476,-6.77,-6.32,-14.09,0.75,2.47,2.18,Sunday,January,2010,0,0,0
1/25/2010,474884,537054,305506,-7.98,-8.64,-10.75,1.76,2.09,3.32,Monday,January,2010,0,0,0
1/26/2010,480343,545732,314040,-7.04,-10.03,-15.35,1.64,1.21,3.67,Tuesday,January,2010,0,0,0
1/27/2010,457642,526041,327353,-1.97,-4.24,-17.70,2.32,3.46,5.73,Wednesday,January,2010,0,0,0
1/28/2010,456638,511718,330234,-4.93,-5.15,-19.00,2.33,2.86,8.34,Thursday,January,2010,0,0,0
1/29/2010,472612,541094,321906,-9.75,-10.60,-14.58,1.28,2.56,6.64,Friday,January,2010,0,0,0
1/30/2010,465279,536224,296637,-11.69,-13.84,-10.72,1.13,2.03,5.19,Saturday,January,2010,0,0,0
1/31/2010,464594,531292,275584,-13.05,-11.93,-6.26,1.51,2.58,6.41,Sunday,January,2010,0,0,0
2/1/2010,511167,545219,296608,-14.02,-5.64,-7.54,2.18,2.67,4.86,Monday,February,2010,0,0,0
2/2/2010,506766,531654,294137,-12.19,-5.55,-6.59,2.24,2.12,3.86,Tuesday,February,2010,0,0,0
2/3/2010,494450,517177,294022,-9.00,-2.80,-6.98,2.79,4.54,4.56,Wednesday,February,2010,0,0,0
2/4/2010,478565,507337,295155,-7.56,-3.56,-5.95,1.36,2.7,4.73,Thursday,February,2010,0,0,0
2/5/2010,463946,501313,290411,-5.36,-3.80,-4.65,1.26,2.1,3.84,Friday,February,2010,0,0,0
2/6/2010,432828,457711,270513,-3.59,-3.59,-5.63,1.53,2.12,3.73,Saturday,February,2010,0,0,0
2/7/2010,431295,463705,256408,-5.86,-6.02,-5.77,1.94,1.88,5.01,Sunday,February,2010,0,0,0
2/8/2010,473049,521880,281456,-8.62,-7.64,-4.76,1.8,1.83,5.86,Monday,February,2010,0,0,0
2/9/2010,480395,518904,288525,-9.72,-6.31,-8.21,2.24,1.6,3.94,Tuesday,February,2010,0,0,0
2/10/2010,492331,524159,302125,-9.77,-6.06,-11.69,1.89,1.49,1.98,Wednesday,February,2010,0,0,0
2/11/2010,483689,534148,303941,-8.14,-8.57,-11.29,1.19,2.11,2.34,Thursday,February,2010,0,0,0
2/12/2010,472763,524487,300779,-7.56,-7.13,-9.85,2.14,3.16,4.43,Friday,February,2010,0,0,0
2/13/2010,444187,483989,286839,-7.44,-6.08,-10.41,2.23,2.21,3.69,Saturday,February,2010,0,0,0
2/14/2010,429234,466864,279632,-5.28,-6.15,-10.58,1.47,1.59,1.38,Sunday,February,2010,0,0,0
2/15/2010,456898,517398,296185,-5.33,-6.50,-9.02,0.98,1.58,1.71,Monday,February,2010,0,0,0
2/16/2010,457949,514935,298249,-5.79,-5.23,-9.00,1.15,0.97,1.43,Tuesday,February,2010,0,0,0
2/17/2010,462745,511012,304425,-6.20,-4.77,-11.88,1.43,1.54,3.45,Wednesday,February,2010,0,0,0
2/18/2010,470900,522790,308470,-8.07,-5.00,-15.97,1.88,2.25,3.62,Thursday,February,2010,0,0,0
2/19/2010,479443,520519,320111,-10.05,-6.13,-18.77,2.63,3.54,8.6,Friday,February,2010,0,0,0
2/20/2010,470757,499540,308434,-12.30,-7.52,-21.73,3.38,4.73,11.49,Saturday,February,2010,0,0,0
2/21/2010,469403,511817,299680,-13.79,-12.08,-18.78,2.17,3.38,7.12,Sunday,February,2010,0,0,0
2/22/2010,494526,556197,302426,-12.56,-13.03,-14.73,1.2,1.89,4.4,Monday,February,2010,0,0,0
2/23/2010,489143,537752,309728,-11.76,-8.51,-14.36,1.39,3.3,4.96,Tuesday,February,2010,0,0,0
2/24/2010,488241,533083,308429,-10.66,-9.15,-15.03,1.56,2.01,4.19,Wednesday,February,2010,0,0,0
2/25/2010,472974,517319,303952,-7.75,-4.30,-11.29,1.69,2.17,4.2,Thursday,February,2010,0,0,0
2/26/2010,456520,473486,298423,-5.08,-0.09,-7.04,1.9,2.12,3.97,Friday,February,2010,0,0,0
2/27/2010,427459,432152,267671,-3.83,0.22,-1.54,2.57,1.96,3.22,Saturday,February,2010,0,0,0
2/28/2010,418391,423320,252694,-4.84,0.27,-0.08,1.95,2,5.08,Sunday,February,2010,0,0,0
3/1/2010,447080,480846,271058,-5.80,-1.63,-0.41,2.48,3.76,5.27,Monday,March,2010,0,0,0
3/2/2010,444915,493484,268188,-6.76,-4.40,-1.28,2.33,3.45,3.4,Tuesday,March,2010,0,0,0
3/3/2010,440546,496035,270347,-5.69,-4.97,-3.68,2.34,3.14,4.13,Wednesday,March,2010,0,0,0
3/4/2010,443854,508468,268937,-6.73,-6.77,-4.65,2.22,4.01,3.11,Thursday,March,2010,0,0,0
3/5/2010,450253,505826,271245,-6.87,-8.24,-8.92,1.48,2.6,4.03,Friday,March,2010,0,0,0
3/6/2010,428888,468748,255544,-7.28,-8.15,-9.52,1.8,2.2,3.68,Saturday,March,2010,0,0,0
3/7/2010,409174,456226,246297,-3.28,-6.15,-9.64,1.65,1.49,2.44,Sunday,March,2010,0,0,0
3/8/2010,427078,475808,259523,-2.14,-3.58,-3.97,1.98,2.7,6.8,Monday,March,2010,0,0,0
3/9/2010,422299,470979,252494,-2.21,-2.55,-4.53,1.56,2.64,4.81,Tuesday,March,2010,0,0,0
3/10/2010,410409,472530,246490,-0.85,-1.52,-1.38,1.77,3.11,7.08,Wednesday,March,2010,0,0,0
3/11/2010,404976,462244,243074,-0.17,-0.52,-0.99,1.63,3.24,8.46,Thursday,March,2010,0,0,0
3/12/2010,399445,449134,245813,-1.05,-0.67,-4.55,1.75,2.74,3.98,Friday,March,2010,0,0,0
3/13/2010,386939,416886,234481,-1.92,-2.01,-7.60,2,2.31,3.55,Saturday,March,2010,0,0,0
3/14/2010,387215,416678,230972,-3.40,-3.30,-8.79,2.18,2.94,4.84,Sunday,March,2010,0,0,0
3/15/2010,413854,472245,260420,-3.95,-3.90,-10.88,2.22,2.16,4.07,Monday,March,2010,0,0,0
3/16/2010,420880,477095,264058,-2.84,-4.03,-12.20,1.76,2.09,2.69,Tuesday,March,2010,0,0,0
3/17/2010,410076,465967,264607,-0.84,-0.62,-11.10,1.22,2.01,2.56,Wednesday,March,2010,0,0,0
3/18/2010,404880,454653,256366,0.78,2.21,-7.58,1.84,3.09,3.89,Thursday,March,2010,0,0,0
3/19/2010,393839,435716,245118,1.52,3.41,-1.35,2.16,3,3.48,Friday,March,2010,0,0,0
3/20/2010,367069,387480,227861,1.67,3.45,0.16,2.27,3.78,6.47,Saturday,March,2010,0,0,0
3/21/2010,366656,397545,224753,-0.16,0.87,-2.35,2.08,2.92,3.62,Sunday,March,2010,0,0,0
3/22/2010,401212,449725,257340,-0.43,-0.65,-4.77,1.55,2.33,5.69,Monday,March,2010,0,0,0
3/23/2010,390667,440654,263073,0.69,1.81,-4.01,1.22,1.86,3.26,Tuesday,March,2010,0,0,0
3/24/2010,396308,438671,266348,0.08,0.97,-5.19,1.24,1.61,2.56,Wednesday,March,2010,0,0,0
3/25/2010,387882,432385,269380,1.57,2.48,-4.29,1.02,2.42,2.78,Thursday,March,2010,0,0,0
3/26/2010,384335,412836,260595,1.71,4.47,-0.23,0.94,1.71,3.11,Friday,March,2010,0,0,0
3/27/2010,355896,386047,241506,1.62,2.81,1.05,1.09,1.8,3.03,Saturday,March,2010,0,0,0
3/28/2010,339854,372264,225970,0.73,2.63,1.17,1.11,1.91,4.87,Sunday,March,2010,0,0,0
3/29/2010,374948,431684,262835,0.34,2.30,0.28,1.33,1.79,4.35,Monday,March,2010,0,0,0
3/30/2010,383315,425530,258645,-0.64,2.21,0.30,1.37,2.3,4.05,Tuesday,March,2010,0,0,0
3/31/2010,374188,430589,259536,1.12,3.57,1.35,1.78,2.49,5.45,Wednesday,March,2010,0,0,0
4/1/2010,348908,415773,246980,1.81,3.68,3.43,1.33,2.69,4.8,Thursday,April,2010,1,0,0
4/2/2010,344947,376090,222076,1.79,2.96,2.33,2.26,2.41,1.66,Friday,April,2010,1,1,1
4/3/2010,337702,358073,221784,2.09,3.40,1.88,1.07,1.48,2.1,Saturday,April,2010,0,0,0
4/4/2010,329759,358869,215849,1.86,2.49,1.86,1.87,2.04,3.32,Sunday,April,2010,1,1,1
4/5/2010,341097,381450,219632,1.43,2.35,1.97,1.39,1.66,3.16,Monday,April,2010,1,1,1
4/6/2010,372612,414195,243128,2.37,3.41,1.82,1.55,1.7,2.08,Tuesday,April,2010,0,0,0
4/7/2010,358490,402347,245333,4.01,5.44,1.42,1.6,1.8,3.4,Wednesday,April,2010,0,0,0
4/8/2010,357426,401529,245011,3.23,5.36,2.38,1.26,2.68,4.29,Thursday,April,2010,0,0,0
4/9/2010,348042,396683,242949,3.51,5.02,2.58,2.21,1.84,3.81,Friday,April,2010,0,0,0
4/10/2010,325011,367040,221709,3.40,3.76,2.96,2.52,3.2,2.83,Saturday,April,2010,0,0,0
4/11/2010,315997,356062,212440,4.23,4.82,3.22,1.41,2.64,2.78,Sunday,April,2010,0,0,0
4/12/2010,338765,387172,231168,4.26,5.12,3.60,1.45,1.52,4.04,Monday,April,2010,0,0,0
4/13/2010,332417,382184,228920,4.32,5.53,3.88,2.54,2.84,3.04,Tuesday,April,2010,0,0,0
4/14/2010,335989,383036,228386,4.26,5.50,2.78,1.41,2.11,2.79,Wednesday,April,2010,0,0,0
4/15/2010,338558,376598,233371,4.07,6.22,3.22,2.03,2.49,2.71,Thursday,April,2010,0,0,0
4/16/2010,341907,366109,237513,3.07,5.06,2.55,2.52,2.95,2.8,Friday,April,2010,0,0,0
4/17/2010,323292,335126,226194,3.78,5.70,1.78,3.2,4.06,5.92,Saturday,April,2010,0,0,0
4/18/2010,319652,327656,215337,1.53,5.25,1.76,2.07,2.72,6.85,Sunday,April,2010,0,0,0
4/19/2010,357347,371043,234547,0.80,3.46,1.51,1.56,1.94,2.9,Monday,April,2010,0,0,0
4/20/2010,360752,375279,232207,0.99,2.87,2.14,1.24,2.22,2.42,Tuesday,April,2010,0,0,0
4/21/2010,356815,388516,234543,1.44,2.16,3.26,2.14,2.69,4.84,Wednesday,April,2010,0,0,0
4/22/2010,352623,391625,233403,1.79,2.89,2.54,1.68,2.53,2.12,Thursday,April,2010,0,0,0
4/23/2010,352819,375929,234756,1.54,3.83,1.74,1.98,1.98,3.63,Friday,April,2010,0,0,0
4/24/2010,323326,332606,220087,2.64,4.88,1.68,1.4,2.39,4.52,Saturday,April,2010,0,0,0
4/25/2010,314010,323193,207165,3.99,6.03,3.62,1.48,2.4,4.59,Sunday,April,2010,0,0,0
4/26/2010,337054,353307,228788,4.74,8.25,5.36,1.41,3.09,3.89,Monday,April,2010,0,0,0
4/27/2010,328865,355600,229705,5.14,8.46,6.12,1.75,2.53,4.72,Tuesday,April,2010,0,0,0
4/28/2010,349141,365733,231923,3.59,7.22,3.47,1.68,2.39,4.41,Wednesday,April,2010,0,0,0
4/29/2010,330336,356739,238698,6.77,10.81,3.11,2.01,3.24,4.81,Thursday,April,2010,0,0,0
4/30/2010,316967,341718,228882,6.31,10.09,6.45,1.49,2.35,3.47,Friday,April,2010,0,0,0
5/1/2010,299838,313440,204260,3.97,8.29,6.81,2.47,3.82,5.41,Saturday,May,2010,1,1,1
5/2/2010,309884,316796,204500,3.30,6.57,4.94,1.19,2.73,5.71,Sunday,May,2010,0,0,0
5/3/2010,336489,373540,225304,3.56,6.73,4.88,1.21,1.92,2.57,Monday,May,2010,0,0,0
5/4/2010,344170,379656,234169,2.45,5.69,3.08,3.53,1.94,5.01,Tuesday,May,2010,0,0,0
5/5/2010,338547,383961,227667,3.40,5.53,4.41,1.56,1.52,2.93,Wednesday,May,2010,0,0,0
5/6/2010,331838,378606,228021,4.55,5.75,4.67,1.57,2.47,2.25,Thursday,May,2010,0,0,0
5/7/2010,316705,372377,230669,5.84,6.29,4.52,2.43,4.34,7.46,Friday,May,2010,0,0,0
5/8/2010,292412,348447,215389,5.77,4.94,5.13,1.63,3.94,4.93,Saturday,May,2010,0,0,0
5/9/2010,292315,338706,203291,4.49,6.38,5.46,2.23,2.22,3.54,Sunday,May,2010,0,0,0
5/10/2010,328667,378394,227097,3.50,6.20,5.56,1.63,2.77,1.7,Monday,May,2010,0,0,0
5/11/2010,336836,376049,222372,3.55,6.67,7.92,1.67,1.74,3.6,Tuesday,May,2010,0,0,0
5/12/2010,329662,379832,217606,4.88,7.20,10.94,1.33,2.32,2.91,Wednesday,May,2010,0,0,0
5/13/2010,306792,343027,196565,5.30,9.30,13.61,1.82,2.32,4.48,Thursday,May,2010,1,1,1
5/14/2010,301790,339067,201012,7.59,10.67,17.38,1.47,1.83,4.32,Friday,May,2010,0,0,0
5/15/2010,280047,308160,187415,9.36,12.72,17.67,1.91,2.7,4.75,Saturday,May,2010,0,0,0
5/16/2010,273611,307948,183119,8.77,10.13,17.96,1.94,2.13,3.47,Sunday,May,2010,0,0,0
5/17/2010,274886,349572,208546,8.57,11.37,17.47,0.96,1.31,3.71,Monday,May,2010,1,0,0
5/18/2010,299237,339264,206408,9.73,13.83,16.62,2.91,2.74,3.99,Tuesday,May,2010,0,0,0
5/19/2010,294668,340544,207971,12.02,15.64,17.04,1.5,2.47,4.52,Wednesday,May,2010,0,0,0
5/20/2010,292744,340873,210252,12.29,16.03,17.43,0.99,1.69,2.43,Thursday,May,2010,0,0,0
5/21/2010,287887,329504,210388,11.99,14.97,17.26,1.79,1.34,1.72,Friday,May,2010,0,0,0
5/22/2010,265301,292299,192898,11.76,15.36,14.80,1.36,2.01,2.48,Saturday,May,2010,0,0,0
5/23/2010,258605,293932,186445,9.93,12.89,11.96,2.46,2.94,2.21,Sunday,May,2010,1,1,1
5/24/2010,274680,340750,215384,7.27,11.13,9.95,1.51,2.49,4.21,Monday,May,2010,1,0,0
5/25/2010,306967,352012,213469,6.80,8.65,10.37,2.8,2.2,3.34,Tuesday,May,2010,0,0,0
5/26/2010,303928,351029,213515,7.19,10.11,10.37,1.43,2.11,4.09,Wednesday,May,2010,0,0,0
5/27/2010,298812,348843,218985,7.45,10.10,9.87,1.54,1.2,2.5,Thursday,May,2010,0,0,0
5/28/2010,295741,342866,219223,7.98,9.82,9.68,1.44,1.74,3.43,Friday,May,2010,0,0,0
5/29/2010,273373,304345,200474,8.83,10.07,9.18,1.37,3.19,3.82,Saturday,May,2010,0,0,0
5/30/2010,264949,297381,193770,9.58,11.79,9.68,1.31,1.71,4.83,Sunday,May,2010,0,0,0
5/31/2010,289376,354237,211441,11.06,12.56,11.85,1.26,1.97,1.31,Monday,May,2010,0,0,0
6/1/2010,281971,340807,208392,11.65,12.75,13.55,1.46,3.19,3.54,Tuesday,June,2010,0,0,0
6/2/2010,281112,336853,208343,12.20,14.84,14.64,2.23,2.04,2.75,Wednesday,June,2010,0,0,0
6/3/2010,282045,329851,208230,11.70,14.93,13.77,2.19,2.25,2.82,Thursday,June,2010,0,0,0
6/4/2010,282139,323876,208536,10.86,14.10,11.18,1.25,2.72,5.05,Friday,June,2010,0,0,0
6/5/2010,264679,291129,193079,10.66,13.77,9.21,1.41,2.03,5.97,Saturday,June,2010,0,0,0
6/6/2010,260835,290157,187553,11.03,14.56,10.21,1.19,1.47,3.06,Sunday,June,2010,0,1,0
6/7/2010,283094,340708,208569,11.10,12.62,11.41,1.48,2.7,2.58,Monday,June,2010,0,0,0
6/8/2010,283634,340580,211637,11.10,13.04,11.88,1.64,2.42,4.66,Tuesday,June,2010,0,0,0
6/9/2010,278665,342232,216389,11.77,12.80,12.83,1.14,1.89,2.36,Wednesday,June,2010,0,0,0
6/10/2010,276432,340186,209705,13.10,13.49,14.20,1.56,2,1.46,Thursday,June,2010,0,0,0
6/11/2010,279193,334929,209940,10.87,13.08,13.91,1.35,2.18,4.72,Friday,June,2010,0,0,0
6/12/2010,265132,304315,193869,10.02,12.13,12.22,2.44,4.68,8.07,Saturday,June,2010,0,0,0
6/13/2010,265782,299290,189973,9.62,13.27,11.61,1.64,2.84,5.2,Sunday,June,2010,0,0,0
6/14/2010,291484,323695,209995,9.23,12.03,12.06,1.82,1.88,2.97,Monday,June,2010,0,0,0
6/15/2010,287038,317167,213619,9.81,12.01,11.46,1.85,2.45,3.72,Tuesday,June,2010,0,0,0
6/16/2010,287524,334800,211858,11.06,13.84,11.39,1.28,1.83,4.93,Wednesday,June,2010,0,0,0
6/17/2010,282577,333972,207992,12.14,14.46,12.70,1.46,1.76,3.84,Thursday,June,2010,0,0,0
6/18/2010,281498,327905,205571,9.98,12.82,13.43,3.32,3.03,4.87,Friday,June,2010,0,0,0
6/19/2010,272885,295311,186042,9.34,11.90,14.96,3.97,1.22,5.55,Saturday,June,2010,0,0,0
6/20/2010,263089,294263,177279,9.18,11.93,13.27,1.94,2.14,3.53,Sunday,June,2010,0,0,0
6/21/2010,285883,339686,197244,11.04,12.94,12.17,1.34,2.01,2.06,Monday,June,2010,0,0,0
6/22/2010,286209,336978,194181,11.38,14.61,13.56,1.81,1.32,2.12,Tuesday,June,2010,0,0,0
6/23/2010,282708,339372,181690,12.24,15.05,14.60,1.27,1.8,2.82,Wednesday,June,2010,0,0,0
6/24/2010,284100,328656,170832,12.47,16.58,16.38,1.86,1.57,1.82,Thursday,June,2010,0,0,0
6/25/2010,278390,273023,150771,12.73,16.43,16.86,1.58,2.22,2.59,Friday,June,2010,0,0,0
6/26/2010,256542,263650,143365,12.77,15.62,15.81,1.6,2.43,4.11,Saturday,June,2010,0,1,1
6/27/2010,251718,273358,145508,12.82,16.37,13.52,1.69,2.03,5.66,Sunday,June,2010,0,0,0
6/28/2010,279047,329608,172258,13.98,18.01,15.35,1.76,2.07,4.71,Monday,June,2010,0,0,0
6/29/2010,273587,330512,183401,14.71,19.31,17.31,1.54,2.44,1.87,Tuesday,June,2010,0,0,0
6/30/2010,274898,328413,188702,13.20,17.54,19.01,2.05,3.25,2.97,Wednesday,June,2010,0,0,0
7/1/2010,274046,326370,191706,13.85,16.67,17.72,1.42,2.81,4.41,Thursday,July,2010,0,0,0
7/2/2010,270884,319400,194856,16.00,19.06,16.64,1.85,1.49,2.68,Friday,July,2010,0,0,0
7/3/2010,245293,278155,178823,16.69,21.47,18.71,2.14,3.08,1.85,Saturday,July,2010,0,0,0
7/4/2010,240666,276080,174591,15.69,20.87,20.54,2.31,3.11,1.96,Sunday,July,2010,0,0,0
7/5/2010,266709,322513,197302,14.88,19.66,20.85,2.7,2.3,2.41,Monday,July,2010,0,0,0
7/6/2010,266956,316142,198841,14.03,17.02,21.37,1.41,1.41,1.97,Tuesday,July,2010,0,0,0
7/7/2010,269194,318012,201417,14.17,18.06,19.95,2.36,1.88,1.34,Wednesday,July,2010,0,0,0
7/8/2010,265427,323022,198360,14.47,19.19,20.92,2.69,2.64,2.5,Thursday,July,2010,0,0,0
7/9/2010,261156,308067,195187,15.14,20.15,20.23,1.87,2.52,4.09,Friday,July,2010,0,0,0
7/10/2010,240146,274326,178812,16.11,22.49,20.57,1.85,2.72,3.14,Saturday,July,2010,0,0,0
7/11/2010,235351,271008,173188,16.32,23.53,22.42,1.63,2.56,3.32,Sunday,July,2010,0,0,0
7/12/2010,257164,303405,194042,15.24,23.55,24.32,2.2,2.09,2.72,Monday,July,2010,0,0,0
7/13/2010,259573,300332,195082,14.21,22.27,25.15,2.53,3.63,3.12,Tuesday,July,2010,0,0,0
7/14/2010,255976,299646,200451,14.05,21.09,24.36,2.02,2.03,3.45,Wednesday,July,2010,0,0,0
7/15/2010,256168,300035,198661,15.34,21.00,22.76,3.01,2.65,2.58,Thursday,July,2010,0,0,0
7/16/2010,251522,283057,200512,16.09,21.02,21.81,2.94,2.62,4.07,Friday,July,2010,0,0,0
7/17/2010,233163,260173,183052,15.69,20.49,21.53,1.78,3,2.56,Saturday,July,2010,0,0,0
7/18/2010,226585,257270,179330,14.42,18.23,21.31,2.47,3.01,3.49,Sunday,July,2010,0,0,0
7/19/2010,246045,277521,193703,14.25,18.37,19.96,2.27,2.97,4.79,Monday,July,2010,0,0,0
7/20/2010,251907,274278,197675,14.24,20.43,19.81,2.1,3.17,5.3,Tuesday,July,2010,0,0,0
7/21/2010,249949,275973,196778,15.56,21.03,20.82,1.82,3.07,3.43,Wednesday,July,2010,0,0,0
7/22/2010,250249,277962,199549,13.85,20.98,22.28,2.9,3.42,4.52,Thursday,July,2010,0,0,0
7/23/2010,252070,271480,196478,12.36,16.95,18.56,2.07,3.2,4.76,Friday,July,2010,0,0,0
7/24/2010,236035,249135,182662,13.97,15.83,15.64,1.36,4.17,7.53,Saturday,July,2010,0,0,0
7/25/2010,232018,255738,176565,13.67,14.88,19.97,2.56,3.88,5.92,Sunday,July,2010,0,0,0
7/26/2010,253219,287022,197965,13.67,16.75,23.91,1.7,3.32,2.95,Monday,July,2010,0,0,0
7/27/2010,250260,283722,195380,15.21,18.15,22.94,1.81,2.13,2.3,Tuesday,July,2010,0,0,0
7/28/2010,244803,285449,195848,15.16,18.44,23.60,0.83,2.06,3.61,Wednesday,July,2010,0,0,0
7/29/2010,247033,287473,198400,15.10,17.20,24.70,2.9,2.97,3.74,Thursday,July,2010,0,0,0
7/30/2010,246568,280875,194558,15.23,16.48,21.06,1.9,5.12,4.98,Friday,July,2010,0,0,0
7/31/2010,232836,258140,180122,14.65,17.29,18.70,2.45,4.03,6.43,Saturday,July,2010,0,0,0
8/1/2010,225946,261275,175251,14.30,17.92,18.94,2.63,3.44,3.19,Sunday,August,2010,0,0,0
8/2/2010,248081,290627,198117,13.70,16.92,20.07,1.41,1.3,1.83,Monday,August,2010,0,0,0
8/3/2010,251288,288061,195296,13.52,16.56,19.87,1.56,1.31,3.34,Tuesday,August,2010,0,0,0
8/4/2010,251801,292597,198315,13.89,15.95,19.56,1.29,2.65,6.49,Wednesday,August,2010,0,0,0
8/5/2010,253176,293687,195681,14.28,17.65,17.78,1.8,2.03,1.46,Thursday,August,2010,0,0,0
8/6/2010,247021,287190,197509,14.57,17.89,19.84,2.21,1.9,2.36,Friday,August,2010,0,0,0
8/7/2010,231055,264251,183558,15.37,17.98,23.26,1.05,1.94,2.86,Saturday,August,2010,0,0,0
8/8/2010,229569,266450,180261,16.12,17.38,24.48,1.49,1.58,2.31,Sunday,August,2010,0,0,0
8/9/2010,261915,312171,203211,15.87,17.13,20.51,1.22,1.84,4.74,Monday,August,2010,0,0,0
8/10/2010,266171,311080,202650,15.45,17.12,18.38,1.91,2.7,6.34,Tuesday,August,2010,0,0,0
8/11/2010,264531,317448,202383,14.46,17.69,18.25,1.87,2.42,4.21,Wednesday,August,2010,0,0,0
8/12/2010,262344,324353,205086,14.94,18.57,19.02,1.14,2.2,3,Thursday,August,2010,0,0,0
8/13/2010,263607,316814,207009,15.62,19.59,21.45,2.16,2.45,3.67,Friday,August,2010,0,0,0
8/14/2010,242048,278949,187365,15.84,19.90,21.80,1.43,1.32,3.14,Saturday,August,2010,0,0,0
8/15/2010,238854,278534,178813,15.59,19.03,19.86,2.3,2.91,1.95,Sunday,August,2010,0,0,0
8/16/2010,270619,331166,203421,15.73,18.07,16.01,2.01,3.5,5.29,Monday,August,2010,0,0,0
8/17/2010,267349,334060,204193,15.41,17.24,16.56,2.46,3.06,6.84,Tuesday,August,2010,0,0,0
8/18/2010,272012,336303,208449,15.15,16.62,16.04,2.28,1.26,6.89,Wednesday,August,2010,0,0,0
8/19/2010,274431,338951,208293,14.21,15.43,14.17,1.91,2.18,5.77,Thursday,August,2010,0,0,0
8/20/2010,269186,327816,210680,13.94,15.91,14.40,2.15,1.98,3.29,Friday,August,2010,0,0,0
8/21/2010,243398,290918,192828,15.09,17.63,15.96,2.7,3.36,4.9,Saturday,August,2010,0,0,0
8/22/2010,241061,287858,186104,13.33,16.76,16.54,2.29,4.04,7.43,Sunday,August,2010,0,0,0
8/23/2010,271998,331164,207771,12.52,15.89,14.50,1.46,2.54,6.01,Monday,August,2010,0,0,0
8/24/2010,275877,332031,207938,11.60,14.94,12.62,2.64,3.72,4.35,Tuesday,August,2010,0,0,0
8/25/2010,275582,340072,211326,11.83,13.33,12.97,1.99,2.73,4.91,Wednesday,August,2010,0,0,0
8/26/2010,280012,339755,210445,10.88,12.88,11.56,1.01,2.13,3.98,Thursday,August,2010,0,0,0
8/27/2010,278562,333361,214584,10.45,12.54,10.42,1.09,2.53,3.2,Friday,August,2010,0,0,0
8/28/2010,261485,301666,198902,9.56,12.15,10.46,1.13,2.34,4.94,Saturday,August,2010,0,0,0
8/29/2010,259943,300866,194833,9.42,11.43,10.42,1.85,1.7,5.8,Sunday,August,2010,0,0,0
8/30/2010,286495,345349,217929,10.37,11.56,10.38,1.67,2.21,3.5,Monday,August,2010,0,0,0
8/31/2010,288930,341808,216165,10.84,12.25,10.76,1.59,1.5,2.87,Tuesday,August,2010,0,0,0
9/1/2010,287334,340449,217397,10.66,12.42,11.19,1.75,2.33,3.47,Wednesday,September,2010,0,0,0
9/2/2010,288144,342909,219368,9.85,11.16,9.82,1.95,4.16,7.55,Thursday,September,2010,0,0,0
9/3/2010,290646,341904,223185,9.55,10.40,7.56,1.62,4.39,9.61,Friday,September,2010,0,0,0
9/4/2010,271504,307336,202893,10.08,10.64,8.57,1.34,2.25,4.9,Saturday,September,2010,0,0,0
9/5/2010,265052,303115,193898,11.11,11.65,10.75,1.34,1.5,3,Sunday,September,2010,0,0,0
9/6/2010,287767,343365,216499,12.34,12.82,12.47,1.59,1.6,1.17,Monday,September,2010,0,0,0
9/7/2010,284287,343731,214648,12.45,12.82,13.08,1.7,1.7,1.77,Tuesday,September,2010,0,0,0
9/8/2010,285398,342247,214312,12.46,13.63,13.41,1.99,2.43,1.02,Wednesday,September,2010,0,0,0
9/9/2010,286897,340471,213739,12.54,13.55,13.71,2,2.72,1.87,Thursday,September,2010,0,0,0
9/10/2010,290130,338297,213017,11.89,13.16,13.47,1.66,2.8,3.94,Friday,September,2010,0,0,0
9/11/2010,270721,298177,197790,12.09,14.18,12.60,2.22,1.99,3.76,Saturday,September,2010,0,0,0
9/12/2010,259289,295060,188936,12.52,15.43,13.77,2.36,2.79,4.58,Sunday,September,2010,0,0,0
9/13/2010,282944,343866,208214,11.42,13.59,14.29,1.74,1.61,4.64,Monday,September,2010,0,0,0
9/14/2010,287237,346647,210832,11.13,12.99,13.41,3.13,4.02,5.13,Tuesday,September,2010,0,0,0
9/15/2010,289936,347655,213668,8.63,11.86,12.28,1.95,3.16,8.47,Wednesday,September,2010,0,0,0
9/16/2010,297611,354279,217458,8.92,11.11,11.24,1.62,3.97,6.87,Thursday,September,2010,0,0,0
9/17/2010,292241,346626,219793,8.98,10.91,10.72,1.3,3.29,6.44,Friday,September,2010,0,0,0
9/18/2010,272205,315391,203413,8.89,10.05,10.18,1.81,2,6.73,Saturday,September,2010,0,0,0
9/19/2010,266838,312404,196339,8.73,10.35,9.20,1.4,1.82,5.24,Sunday,September,2010,0,0,0
9/20/2010,305955,362500,216714,7.60,10.94,9.73,1.37,2.21,3.91,Monday,September,2010,0,0,0
9/21/2010,303560,359502,219251,8.62,11.10,10.02,2.33,3.13,7.31,Tuesday,September,2010,0,0,0
9/22/2010,308509,365717,218153,9.34,10.31,10.23,1.71,2.55,3.95,Wednesday,September,2010,0,0,0
9/23/2010,303651,356779,221794,10.74,12.67,10.55,2.22,3.08,6.18,Thursday,September,2010,0,0,0
9/24/2010,310019,345174,220975,8.14,13.41,11.47,2.49,2.65,5.21,Friday,September,2010,0,0,0
9/25/2010,291678,312891,204580,7.00,11.90,11.19,3.89,2.71,4.14,Saturday,September,2010,0,0,0
9/26/2010,287333,319295,200063,7.25,10.46,7.72,2.6,4.17,5.56,Sunday,September,2010,0,0,0
9/27/2010,318608,375313,225676,7.00,9.86,6.58,2.45,4.64,7.7,Monday,September,2010,0,0,0
9/28/2010,325903,382471,227069,6.19,8.19,6.00,2.19,5.05,8.75,Tuesday,September,2010,0,0,0
9/29/2010,332889,385763,230120,6.21,7.80,6.05,1.17,2.55,4.78,Wednesday,September,2010,0,0,0
9/30/2010,329389,393966,230128,6.46,7.56,6.30,1.47,1.29,1.84,Thursday,September,2010,0,0,0
10/1/2010,327668,386587,232266,6.68,8.02,5.62,1.51,1.8,1.9,Friday,October,2010,0,0,0
10/2/2010,304971,347426,215798,7.41,8.63,5.87,2.17,2.53,1.72,Saturday,October,2010,0,0,0
10/3/2010,297666,338528,205559,8.25,10.10,7.22,3.07,3.92,3.7,Sunday,October,2010,0,0,0
10/4/2010,314248,362672,225103,9.74,10.66,8.19,2.67,4.93,5.82,Monday,October,2010,0,0,0
10/5/2010,308911,365201,222061,10.59,10.09,7.23,2.7,4.56,6.34,Tuesday,October,2010,0,0,0
10/6/2010,317708,373162,220696,10.10,10.32,6.67,3.25,5.1,6.43,Wednesday,October,2010,0,0,0
10/7/2010,315466,375449,225658,10.09,10.16,7.16,1.65,3.89,6.87,Thursday,October,2010,0,0,0
10/8/2010,317385,364712,227183,8.35,9.14,8.02,0.84,1.7,4.07,Friday,October,2010,0,0,0
10/9/2010,302833,329379,210127,7.50,7.98,7.98,0.6,1.66,3.17,Saturday,October,2010,0,0,0
10/10/2010,305152,336301,204882,6.08,6.80,6.36,1.52,2.85,6.97,Sunday,October,2010,0,0,0
10/11/2010,341862,403567,234096,4.45,5.50,5.02,1.45,3.06,7.39,Monday,October,2010,0,0,0
10/12/2010,346822,405388,240493,4.60,5.54,2.41,1.52,3.23,8.81,Tuesday,October,2010,0,0,0
10/13/2010,349146,412147,244423,4.63,4.92,2.73,0.94,2.57,5.84,Wednesday,October,2010,0,0,0
10/14/2010,346139,400194,246761,4.50,6.33,1.75,2.3,4.46,6.92,Thursday,October,2010,0,0,0
10/15/2010,353862,416081,251500,2.55,2.82,0.92,1.89,2.98,8.63,Friday,October,2010,0,0,0
10/16/2010,339388,386411,233827,2.26,1.65,0.57,1.68,2.44,5.07,Saturday,October,2010,0,0,0
10/17/2010,332554,379605,225809,3.48,2.20,1.93,1.98,2.43,5.59,Sunday,October,2010,0,0,0
10/18/2010,347112,413345,245102,5.63,5.12,4.79,2.94,4.11,8.13,Monday,October,2010,0,0,0
10/19/2010,350761,407349,243788,3.90,6.20,4.63,1.5,4.25,8.35,Tuesday,October,2010,0,0,0
10/20/2010,373359,417733,245549,0.81,3.42,4.59,2.55,2.88,4.57,Wednesday,October,2010,0,0,0
10/21/2010,394827,438662,248468,-0.84,1.00,1.58,1.4,2.96,3.79,Thursday,October,2010,0,0,0
10/22/2010,388670,432667,257495,0.37,2.13,-0.77,1.5,3.08,6.14,Friday,October,2010,0,0,0
10/23/2010,361243,386435,238071,0.36,4.20,1.27,1.18,2.14,7.77,Saturday,October,2010,0,0,0
10/24/2010,355026,384030,230427,0.27,3.23,2.14,2.19,2.35,4.9,Sunday,October,2010,0,0,0
10/25/2010,388179,437702,253561,0.20,1.69,2.06,1.81,2.05,4.33,Monday,October,2010,0,0,0
10/26/2010,394319,443295,253175,0.27,1.46,0.86,1.6,1.89,3.31,Tuesday,October,2010,0,0,0
10/27/2010,373417,437689,256256,4.19,4.10,-0.01,2.58,3.37,3.73,Wednesday,October,2010,0,0,0
10/28/2010,357991,407609,253249,4.46,7.45,4.50,2,3.43,7.58,Thursday,October,2010,0,0,0
10/29/2010,364567,396177,243564,4.65,7.24,4.66,2.18,2.98,4.95,Friday,October,2010,0,0,0
10/30/2010,329440,352799,230264,5.91,8.36,4.93,2.68,3.48,6.39,Saturday,October,2010,0,0,0
10/31/2010,323311,347875,220192,5.44,8.09,6.61,2.15,2.3,6.89,Sunday,October,2010,0,0,0
11/1/2010,363152,397322,240337,3.50,6.79,6.12,1.52,2.05,4.12,Monday,November,2010,0,0,0
11/2/2010,374737,413872,246522,3.98,5.68,2.97,2.83,2.81,3.08,Tuesday,November,2010,0,0,0
11/3/2010,361167,404573,243912,4.16,7.51,5.64,2.22,4.75,8.86,Wednesday,November,2010,0,0,0
11/4/2010,368755,408649,245757,2.77,5.97,4.54,2.22,4.11,8.52,Thursday,November,2010,0,0,0
11/5/2010,376688,412941,251207,1.66,4.22,2.12,1.59,2.76,4.77,Friday,November,2010,0,0,0
11/6/2010,364969,386017,236601,-0.41,1.97,-0.08,1.9,2.44,3.67,Saturday,November,2010,0,1,1
11/7/2010,376891,397827,236042,-1.75,-0.11,-0.76,1.73,2.65,6.18,Sunday,November,2010,0,0,0
11/8/2010,421977,472100,265021,-3.56,-1.48,-2.02,1.6,2.16,4.12,Monday,November,2010,0,0,0
11/9/2010,433954,477962,272570,-4.41,0.50,-2.38,3.56,6.35,10.79,Tuesday,November,2010,0,0,0
11/10/2010,433647,470366,266514,-3.71,0.64,0.93,2.33,2.21,3.68,Wednesday,November,2010,0,0,0
11/11/2010,434147,459666,263543,-3.53,0.55,0.37,1.46,2.31,5.34,Thursday,November,2010,0,0,0
11/12/2010,413037,442556,260246,-0.54,3.40,0.18,2.03,2.61,6.82,Friday,November,2010,0,0,0
11/13/2010,385641,395336,241995,-0.64,3.33,1.03,1.2,1.77,5.69,Saturday,November,2010,0,0,0
11/14/2010,375794,389209,234870,-1.11,3.98,0.40,0.9,2.43,6.14,Sunday,November,2010,0,0,0
11/15/2010,415817,446600,259162,-1.77,3.00,2.34,1.82,2.16,5.67,Monday,November,2010,0,0,0
11/16/2010,425008,470459,263136,-2.73,-0.50,-0.83,1.26,1.76,5.3,Tuesday,November,2010,0,0,0
11/17/2010,431925,482587,270636,-3.28,-0.79,-2.81,1.65,1.53,5.21,Wednesday,November,2010,0,0,0
11/18/2010,444671,477545,273572,-4.40,0.00,-2.72,1.98,2.91,5.83,Thursday,November,2010,0,0,0
11/19/2010,451095,478025,278841,-5.12,-0.61,-4.69,2.41,3.66,6.74,Friday,November,2010,0,0,0
11/20/2010,428179,434408,262579,-4.44,0.81,-3.77,2.63,3.03,7.92,Saturday,November,2010,0,0,0
11/21/2010,404992,422382,256238,-2.42,1.17,-5.35,2.28,3.34,6.43,Sunday,November,2010,0,0,0
11/22/2010,438843,477913,283897,-4.02,-0.16,-6.71,2.09,3.03,5.29,Monday,November,2010,0,0,0
11/23/2010,451664,490189,283645,-6.52,-1.45,-7.76,2.92,5.74,9.69,Tuesday,November,2010,0,0,0
11/24/2010,465532,505629,294324,-8.09,-3.13,-6.20,3.81,5.85,12.42,Wednesday,November,2010,0,0,0
11/25/2010,478573,514091,299425,-10.07,-4.60,-9.55,2.93,4.05,8.8,Thursday,November,2010,0,0,0
11/26/2010,489230,519997,305318,-12.24,-6.65,-11.41,2.65,2.87,5.89,Friday,November,2010,0,0,0
11/27/2010,472445,492407,290368,-11.47,-6.97,-12.48,2.72,2.71,5.84,Saturday,November,2010,0,0,0
11/28/2010,462825,484218,289702,-11.21,-5.71,-14.79,3.33,3.78,5.82,Sunday,November,2010,0,0,0
11/29/2010,497263,552148,319963,-11.58,-8.38,-16.05,2.38,3.28,5.54,Monday,November,2010,0,0,0
11/30/2010,507848,569343,319022,-12.95,-10.52,-13.06,2.35,2.56,6.12,Tuesday,November,2010,0,0,0
12/1/2010,506868,577784,299301,-12.98,-11.84,-8.68,2.26,2.04,4.07,Wednesday,December,2010,0,0,0
12/2/2010,505335,576699,291090,-11.57,-8.58,-6.25,2.17,1.66,3.88,Thursday,December,2010,0,0,0
12/3/2010,505374,543450,295085,-12.36,-7.51,-8.72,2.04,1.76,6.7,Friday,December,2010,0,0,0
12/4/2010,477816,499487,280897,-11.07,-6.89,-8.70,1.55,2.85,5.61,Saturday,December,2010,0,0,0
12/5/2010,455769,474314,269736,-8.01,-2.44,-6.44,1.42,2.49,7.16,Sunday,December,2010,0,0,0
12/6/2010,489188,510077,266291,-11.05,-3.16,-4.99,2.19,2.34,8.29,Monday,December,2010,0,0,1
12/7/2010,499126,521014,290316,-12.49,-5.59,-6.27,2.15,2.38,5.42,Tuesday,December,2010,0,0,0
12/8/2010,493480,532402,287455,-10.20,-6.65,-5.97,1.12,2.4,4.84,Wednesday,December,2010,0,0,0
12/9/2010,501933,530274,286934,-10.28,-6.45,-6.53,2.3,2.54,7.03,Thursday,December,2010,0,0,0
12/10/2010,489094,536428,298876,-7.71,-7.76,-10.44,1.55,3.37,10.49,Friday,December,2010,0,0,0
12/11/2010,437695,473585,283528,-3.62,-2.14,-11.93,1.8,2.41,4.34,Saturday,December,2010,0,0,0
12/12/2010,438316,498059,281411,-7.34,-8.48,-13.77,2.1,3.15,7.41,Sunday,December,2010,0,0,0
12/13/2010,473232,553705,308250,-8.47,-8.57,-14.25,1.82,3.03,6.67,Monday,December,2010,0,0,0
12/14/2010,485039,550808,309927,-7.56,-7.61,-12.86,2.08,3.35,7.51,Tuesday,December,2010,0,0,0
12/15/2010,476523,561039,315284,-6.15,-8.70,-13.76,2,2.46,4.52,Wednesday,December,2010,0,0,0
12/16/2010,460430,529896,311338,-4.42,-3.01,-7.81,2.02,4.55,6.59,Thursday,December,2010,0,0,0
12/17/2010,477711,516043,300983,-10.54,-4.28,-8.65,1.79,3.16,5.84,Friday,December,2010,0,0,0
12/18/2010,452395,482797,297901,-6.95,-4.60,-12.87,3.24,3.53,8.97,Saturday,December,2010,0,0,0
12/19/2010,460828,498258,293601,-10.77,-7.47,-12.55,3.14,3.76,8.77,Sunday,December,2010,0,0,0
12/20/2010,502228,543810,307369,-12.91,-9.42,-11.26,2.15,2.79,4.95,Monday,December,2010,0,0,0
12/21/2010,510047,577476,295472,-14.20,-13.12,-11.75,1.37,2.28,2.67,Tuesday,December,2010,0,0,0
12/22/2010,511716,586092,296298,-14.91,-15.03,-14.66,1.32,1.69,3.06,Wednesday,December,2010,0,0,0
12/23/2010,503885,563309,301411,-13.03,-10.23,-19.64,1.55,2.35,3.61,Thursday,December,2010,0,0,0
12/24/2010,482191,521967,283801,-14.08,-10.39,-19.48,1.93,3.8,7.22,Friday,December,2010,0,0,0
12/25/2010,467126,498895,261904,-15.90,-9.68,-14.24,2.42,4.55,10.31,Saturday,December,2010,1,1,1
12/26/2010,461318,484374,252054,-12.65,-8.14,-9.27,2.52,2.41,8.99,Sunday,December,2010,1,1,1
12/27/2010,477434,530015,270179,-12.29,-8.87,-10.00,1.78,1.75,2.77,Monday,December,2010,0,0,0
12/28/2010,480495,542531,284776,-11.88,-9.40,-13.51,1.45,2.23,4.06,Tuesday,December,2010,0,0,0
12/29/2010,488467,543146,291152,-11.96,-10.13,-12.90,1.75,2.04,5.92,Wednesday,December,2010,0,0,0
12/30/2010,474091,530451,294673,-7.66,-8.64,-11.06,1.4,2.18,4.3,Thursday,December,2010,0,0,0
12/31/2010,445696,480347,284564,-3.95,-5.07,-8.63,2.47,3.06,3.56,Friday,December,2010,0,0,0
1/1/2011,401764,436308,262903,-1.56,-1.84,-7.98,3.75,3.84,7.96,Saturday,January,2011,1,1,1
1/2/2011,416995,458445,274676,-5.31,-6.52,-12.14,2.63,2.37,4.6,Sunday,January,2011,0,0,0
1/3/2011,460901,521474,303328,-8.33,-9.00,-12.80,1.66,1.83,1.83,Monday,January,2011,0,0,0
1/4/2011,460103,520279,316481,-6.47,-6.53,-13.44,1.16,1.38,2.01,Tuesday,January,2011,0,0,0
1/5/2011,454126,500375,318576,-4.82,-2.99,-11.68,1.57,2.06,2.94,Wednesday,January,2011,0,0,0
1/6/2011,453415,469016,291373,-4.71,-2.14,-8.20,1.84,3.66,6.79,Thursday,January,2011,0,1,1
1/7/2011,452905,460731,291149,-7.16,-1.70,-5.74,1.78,2.88,6.35,Friday,January,2011,0,0,0
1/8/2011,440206,452449,273636,-6.51,-1.25,-4.81,1.53,3.01,5.51,Saturday,January,2011,0,0,0
1/9/2011,418372,429116,259274,-2.65,1.12,-0.61,3.23,3.48,6.25,Sunday,January,2011,0,0,0
1/10/2011,436083,476915,273962,-1.64,0.42,0.04,3.03,4.6,8.91,Monday,January,2011,0,0,0
1/11/2011,440147,489023,279105,-1.78,-1.53,-1.05,2.8,3.62,9.11,Tuesday,January,2011,0,0,0
1/12/2011,443004,496017,283383,-4.87,-1.96,-3.48,1.64,2.19,4.76,Wednesday,January,2011,0,0,0
1/13/2011,462648,515050,285209,-8.50,-5.17,-4.67,1.4,2.53,5.23,Thursday,January,2011,0,0,0
1/14/2011,459748,519054,295055,-7.33,-7.04,-8.32,1.45,1.89,5.51,Friday,January,2011,0,0,0
1/15/2011,436914,483477,297198,-5.17,-4.21,-15.51,1.62,2.51,3.98,Saturday,January,2011,0,0,0
1/16/2011,409871,443881,294718,0.02,2.19,-13.12,1.75,3.92,5.47,Sunday,January,2011,0,0,0
1/17/2011,423036,464550,291484,0.16,2.50,-3.44,1.88,3.8,5.03,Monday,January,2011,0,0,0
1/18/2011,425634,470295,283494,-3.07,0.12,-1.97,1.75,2.23,3.28,Tuesday,January,2011,0,0,0
1/19/2011,451073,493732,280599,-5.64,-3.55,-2.24,2.09,2.61,1.87,Wednesday,January,2011,0,0,0
1/20/2011,450675,510606,286742,-6.00,-5.48,-5.12,2.22,2.23,3.55,Thursday,January,2011,0,0,0
1/21/2011,447837,504630,291725,-4.67,-4.81,-7.48,1.67,1.81,2.32,Friday,January,2011,0,0,0
1/22/2011,421213,453371,271553,-2.98,-2.59,-6.46,2.15,2.62,2.89,Saturday,January,2011,0,0,0
1/23/2011,398822,451146,266401,-1.58,-4.24,-8.21,2.11,1.78,2.18,Sunday,January,2011,0,0,0
1/24/2011,429963,485936,283592,-2.17,-1.56,-4.79,1.69,2.69,5.92,Monday,January,2011,0,0,0
1/25/2011,442567,493088,281611,-4.59,-2.71,-6.91,2.63,3.58,6.1,Tuesday,January,2011,0,0,0
1/26/2011,466373,529628,302270,-8.68,-7.80,-13.67,2.27,2.59,3.96,Wednesday,January,2011,0,0,0
1/27/2011,468487,542677,303348,-8.04,-8.75,-10.12,1.97,2.3,4.36,Thursday,January,2011,0,0,0
1/28/2011,459290,511445,282605,-5.92,-3.83,-1.96,1.41,3.31,5.91,Friday,January,2011,0,0,0
1/29/2011,419773,443293,262690,-3.06,-0.33,-1.29,2.55,4.58,8.14,Saturday,January,2011,0,0,0
1/30/2011,414171,441270,262613,-4.26,-2.66,-5.71,1.87,3.39,8.37,Sunday,January,2011,0,0,0
1/31/2011,438805,490038,288750,-1.82,-1.50,-4.55,2.07,3.68,6.85,Monday,January,2011,0,0,0
2/1/2011,421124,471320,279138,0.10,0.95,-3.24,1.96,3.1,5.06,Tuesday,February,2011,0,0,0
2/2/2011,420082,465331,275096,-0.47,0.91,-1.87,2.06,3.27,5.02,Wednesday,February,2011,0,0,0
2/3/2011,413857,461268,277787,-0.48,1.63,-2.22,1.92,4.08,6.38,Thursday,February,2011,0,0,0
2/4/2011,419496,463514,279891,-1.13,0.49,-2.66,2.85,4.08,7.61,Friday,February,2011,0,0,0
2/5/2011,402774,425658,263407,-2.29,1.12,-4.42,2.03,2.21,4.49,Saturday,February,2011,0,0,0
2/6/2011,398489,422837,261370,-2.36,-0.13,-6.57,1.85,3.26,4.72,Sunday,February,2011,0,0,0
2/7/2011,431139,469938,288265,-2.84,0.54,-7.87,1.84,2.45,3.52,Monday,February,2011,0,0,0
2/8/2011,422679,458073,283468,-1.76,0.88,-3.29,2.47,3.66,7.17,Tuesday,February,2011,0,0,0
2/9/2011,434036,473096,294444,-4.08,-2.42,-9.08,1.83,3.48,7.62,Wednesday,February,2011,0,0,0
2/10/2011,437375,492072,309622,-2.92,-1.80,-14.68,1.43,3.71,3.27,Thursday,February,2011,0,0,0
2/11/2011,440946,486860,313060,-5.80,-3.63,-15.73,3.58,5.17,6.54,Friday,February,2011,0,0,0
2/12/2011,445101,474285,293656,-10.90,-7.98,-14.78,1.45,2.76,6.94,Saturday,February,2011,0,0,0
2/13/2011,450664,478898,296801,-11.06,-8.18,-18.37,2.01,1.99,6.26,Sunday,February,2011,0,0,0
2/14/2011,479098,545725,325233,-9.22,-8.33,-21.51,2.11,1.96,4.19,Monday,February,2011,0,0,0
2/15/2011,473790,550169,328539,-8.99,-7.45,-21.36,1.63,2.33,2.24,Tuesday,February,2011,0,0,0
2/16/2011,472269,535373,326784,-8.18,-5.63,-20.65,1.83,2.74,2.79,Wednesday,February,2011,0,0,0
2/17/2011,468688,525102,328563,-6.99,-5.60,-22.15,1.6,2.97,4.01,Thursday,February,2011,0,0,0
2/18/2011,466466,532100,337878,-8.05,-7.80,-24.25,1.44,2.38,2.47,Friday,February,2011,0,0,0
2/19/2011,445695,516119,316275,-10.09,-10.45,-22.39,0.77,1.54,1.4,Saturday,February,2011,0,0,0
2/20/2011,447042,507584,301434,-11.37,-10.87,-19.80,1.2,2.25,1.58,Sunday,February,2011,0,0,0
2/21/2011,482593,542355,319229,-11.27,-8.37,-18.94,1.43,2.15,2.92,Monday,February,2011,0,0,0
2/22/2011,482504,549003,312268,-10.01,-8.68,-18.06,1.44,2.09,3.21,Tuesday,February,2011,0,0,0
2/23/2011,480622,564449,316899,-10.69,-10.68,-17.52,1.56,1.38,2.56,Wednesday,February,2011,0,0,0
2/24/2011,483247,560743,324642,-7.38,-9.02,-17.63,1.36,2.53,1.67,Thursday,February,2011,0,0,0
2/25/2011,446596,508522,320316,-0.85,-3.20,-13.66,2.99,3.96,4.63,Friday,February,2011,0,0,0
2/26/2011,401618,443997,281492,0.50,-1.52,-5.30,1.67,3.45,6.63,Saturday,February,2011,0,0,0
2/27/2011,393510,442577,261218,-1.20,-2.96,-4.79,1.14,2.67,3.43,Sunday,February,2011,0,0,0
2/28/2011,426434,500319,283132,-1.87,-2.57,-7.25,1.23,1.23,3.03,Monday,February,2011,0,0,0
3/1/2011,427000,504230,281353,-2.36,-2.72,-6.20,1.5,2.23,2.61,Tuesday,March,2011,0,0,0
3/2/2011,426584,500741,268008,-1.56,-2.67,-2.42,2.05,2.49,4.31,Wednesday,March,2011,0,0,0
3/3/2011,423576,491144,264462,-0.47,-1.16,-0.83,1.44,2.94,7.31,Thursday,March,2011,0,0,0
3/4/2011,417533,475161,267486,0.00,0.04,-0.44,2.13,3.91,7.43,Friday,March,2011,0,0,0
3/5/2011,392717,424914,250414,-1.30,0.68,-1.82,3.25,4.63,7.4,Saturday,March,2011,0,0,0
3/6/2011,393676,433419,250855,-3.48,-2.76,-4.97,1.92,3.06,6.49,Sunday,March,2011,0,0,0
3/7/2011,420646,472576,277793,-0.43,-1.28,-5.10,2.05,3.5,4.73,Monday,March,2011,0,0,0
3/8/2011,409782,451811,273066,0.33,0.47,-1.68,3.38,4.12,6.21,Tuesday,March,2011,0,0,0
3/9/2011,413191,462322,267111,-0.09,0.41,-0.68,2.7,4.59,8.68,Wednesday,March,2011,0,0,0
3/10/2011,420401,460660,265523,-2.00,1.05,0.18,2.19,4.92,9.34,Thursday,March,2011,0,0,0
3/11/2011,423068,448862,270415,-3.00,0.60,-0.49,2.23,3.83,9.04,Friday,March,2011,0,0,0
3/12/2011,390985,408617,253098,-1.83,0.97,-2.60,1.77,3.56,6.05,Saturday,March,2011,0,0,0
3/13/2011,382853,403795,248112,-1.32,1.21,-2.54,1.13,1.4,2.94,Sunday,March,2011,0,0,0
3/14/2011,403475,442506,265667,-0.51,1.62,-1.43,1.97,2.57,3.86,Monday,March,2011,0,0,0
3/15/2011,406115,454822,270081,-1.83,-1.95,-5.30,1.3,2.41,5.41,Tuesday,March,2011,0,0,0
3/16/2011,405828,468126,272593,-2.89,-2.42,-6.21,1.65,2.27,3.2,Wednesday,March,2011,0,0,0
3/17/2011,415221,467840,272589,-2.96,-1.17,-5.42,1.68,3.29,5.21,Thursday,March,2011,0,0,0
3/18/2011,409967,458620,267295,-1.58,-0.28,-2.37,1.32,2.98,5.51,Friday,March,2011,0,0,0
3/19/2011,375909,404058,249973,-0.75,0.39,-2.05,1.3,2.51,3.3,Saturday,March,2011,0,0,0
3/20/2011,370157,400221,240605,-0.04,0.02,-1.98,1.96,2.73,3.94,Sunday,March,2011,0,0,0
3/21/2011,375117,432066,261094,3.45,3.97,-0.37,2.67,3.75,5.81,Monday,March,2011,0,0,0
3/22/2011,366167,412444,246011,3.27,5.85,2.35,2.91,4.28,5.71,Tuesday,March,2011,0,0,0
3/23/2011,372485,421543,252782,1.92,3.88,-0.06,2.61,4.31,8.68,Wednesday,March,2011,0,0,0
3/24/2011,372011,420658,261201,0.82,3.51,-3.42,2.3,4.44,9,Thursday,March,2011,0,0,0
3/25/2011,387903,427816,272832,-2.41,0.19,-7.03,2.15,4.07,7.35,Friday,March,2011,0,0,0
3/26/2011,372985,404646,255394,-3.62,-1.80,-6.49,2.06,3.43,4.99,Saturday,March,2011,0,0,0
3/27/2011,354904,384757,234994,-1.51,-0.15,-3.95,2.5,4.05,6.57,Sunday,March,2011,0,0,0
3/28/2011,394287,417375,265295,-1.18,0.71,-3.01,1.86,2.81,7.09,Monday,March,2011,0,0,0
3/29/2011,383983,424881,268466,-0.69,1.03,-4.50,2.05,2.33,3.65,Tuesday,March,2011,0,0,0
3/30/2011,388921,423253,268376,-2.20,0.47,-4.98,1.57,1.73,4.03,Wednesday,March,2011,0,0,0
3/31/2011,397165,427793,267602,-1.03,1.05,-4.50,1.92,3.2,3.04,Thursday,March,2011,0,0,0
4/1/2011,374480,423226,265547,1.76,3.58,-1.87,1.49,1.92,4.76,Friday,April,2011,0,0,0
4/2/2011,341496,370502,243685,4.40,6.59,1.44,2.02,2.74,3.18,Saturday,April,2011,0,0,0
4/3/2011,326110,358890,234178,3.79,7.48,3.18,1.37,3.02,6.81,Sunday,April,2011,0,0,0
4/4/2011,353506,403223,252509,3.35,5.79,2.30,2.06,2.86,6.3,Monday,April,2011,0,0,0
4/5/2011,359012,398272,244927,3.51,5.71,2.07,2.31,3.38,5.19,Tuesday,April,2011,0,0,0
4/6/2011,345364,389096,248140,5.10,7.76,1.82,1.74,2.69,3.92,Wednesday,April,2011,0,0,0
4/7/2011,341800,391014,247723,4.30,7.30,1.35,3.32,5.34,3.15,Thursday,April,2011,0,0,0
4/8/2011,340625,389440,247126,4.38,6.32,1.52,4.04,3.85,4.31,Friday,April,2011,0,0,0
4/9/2011,319678,352210,228107,4.24,6.49,1.97,2.34,4.85,5.82,Saturday,April,2011,0,0,0
4/10/2011,306460,342103,216370,6.52,7.80,1.44,1.47,3.13,5.77,Sunday,April,2011,0,0,0
4/11/2011,322642,371597,242116,6.92,8.92,0.90,1.33,2,2,Monday,April,2011,0,0,0
4/12/2011,330604,392975,241254,3.53,5.55,1.71,3.38,1.73,0.97,Tuesday,April,2011,0,0,0
4/13/2011,331734,401148,243250,3.57,4.92,1.30,1.91,2,1.24,Wednesday,April,2011,0,0,0
4/14/2011,338695,388817,244143,3.78,6.12,1.36,1.35,1.87,1.16,Thursday,April,2011,0,0,0
4/15/2011,329010,380357,241777,5.21,6.77,2.65,1.63,2.84,3.81,Friday,April,2011,0,0,0
4/16/2011,302921,335347,216955,5.71,8.38,4.48,1.95,2.91,3.73,Saturday,April,2011,0,0,0
4/17/2011,293769,325182,205928,6.43,9.01,5.87,2.14,2.82,5.08,Sunday,April,2011,0,0,0
4/18/2011,305558,364339,229650,7.18,9.68,4.72,1.34,2.7,5.97,Monday,April,2011,0,0,0
4/19/2011,301959,370373,234364,6.38,7.99,2.50,2.15,1.59,4.02,Tuesday,April,2011,0,0,0
4/20/2011,294637,369917,241018,6.85,9.53,1.83,1.52,2.73,3.39,Wednesday,April,2011,0,0,0
4/21/2011,276049,355934,233950,7.19,10.81,4.81,1.52,1.83,2.37,Thursday,April,2011,1,0,0
4/22/2011,264136,315810,212296,8.42,11.01,5.93,1.96,2.31,1.22,Friday,April,2011,1,1,1
4/23/2011,258028,301907,208607,9.30,10.24,7.23,1.79,1.5,2.15,Saturday,April,2011,0,0,0
4/24/2011,253563,295236,198113,8.78,10.96,8.44,1.76,2.08,3.06,Sunday,April,2011,1,1,1
4/25/2011,268701,302814,199099,8.04,12.57,10.06,1.68,1.99,3.22,Monday,April,2011,1,1,1
4/26/2011,298842,345501,219415,6.40,11.81,9.36,2.13,2.41,3.02,Tuesday,April,2011,0,0,0
4/27/2011,300135,357169,221478,6.55,10.35,8.15,1.83,2.81,2.91,Wednesday,April,2011,0,0,0
4/28/2011,297906,355277,224359,7.39,10.29,7.11,1.18,1.93,2.11,Thursday,April,2011,0,0,0
4/29/2011,292307,345028,224777,8.14,10.45,6.98,1.12,2.73,1.37,Friday,April,2011,0,0,0
4/30/2011,266920,314506,205624,7.81,8.77,5.14,2.07,3.26,3.18,Saturday,April,2011,0,0,0
5/1/2011,267789,322065,201091,5.75,5.81,3.46,1.6,3.41,4.45,Sunday,May,2011,1,1,1
5/2/2011,301196,373544,230676,4.88,4.47,2.65,1.39,3.73,2.71,Monday,May,2011,0,0,0
5/3/2011,312631,386675,231031,4.19,3.40,3.28,1.64,3.33,4.8,Tuesday,May,2011,0,0,0
5/4/2011,317388,383280,233642,4.85,4.35,4.20,1.39,3.21,3.72,Wednesday,May,2011,0,0,0
5/5/2011,306979,371886,226623,5.84,6.34,5.62,1.19,1.56,2.88,Thursday,May,2011,0,0,0
5/6/2011,304496,356615,224087,5.79,8.08,7.04,1.21,2.95,2.8,Friday,May,2011,0,0,0
5/7/2011,274781,311574,202774,9.60,10.45,8.37,1.51,1.61,2.14,Saturday,May,2011,0,0,0
5/8/2011,257994,301409,191475,11.30,11.55,10.66,2.02,1.6,2.14,Sunday,May,2011,0,0,0
5/9/2011,282366,340795,214476,11.86,13.58,12.04,1.7,1.51,1.63,Monday,May,2011,0,0,0
5/10/2011,283025,332355,212490,11.83,14.93,12.50,1.41,2.01,2.32,Tuesday,May,2011,0,0,0
5/11/2011,281838,334879,213932,11.19,14.91,12.75,1.28,2.08,1.28,Wednesday,May,2011,0,0,0
5/12/2011,284272,332323,213524,9.55,13.01,11.84,1.75,1.89,2.26,Thursday,May,2011,0,0,0
5/13/2011,284355,330286,216847,8.47,11.43,9.24,1.74,1.65,7.28,Friday,May,2011,0,0,0
5/14/2011,270211,299857,201910,7.28,10.65,8.25,1.92,1.8,6.36,Saturday,May,2011,0,0,0
5/15/2011,267769,302474,196902,7.26,9.12,9.37,1.41,2.32,3.4,Sunday,May,2011,0,0,0
5/16/2011,285883,343673,218894,7.60,9.61,8.28,1.48,2.29,3.34,Monday,May,2011,0,0,0
5/17/2011,263730,343496,213279,7.63,10.26,8.16,2.02,3.11,4.83,Tuesday,May,2011,1,0,0
5/18/2011,299541,338991,210248,7.16,11.37,8.92,2.62,2.91,5.63,Wednesday,May,2011,0,0,0
5/19/2011,293029,336090,217539,8.53,12.66,8.88,2.98,4.09,5.31,Thursday,May,2011,0,0,0
5/20/2011,294568,327367,214048,7.90,12.15,11.44,2.6,2.69,4.24,Friday,May,2011,0,0,0
5/21/2011,275578,295551,194412,8.45,12.63,11.27,2.68,3.33,4.2,Saturday,May,2011,0,0,0
5/22/2011,268815,291398,186082,9.47,13.88,12.79,2.92,3.33,3.55,Sunday,May,2011,0,0,0
5/23/2011,292865,333753,211771,8.89,12.78,11.91,3.82,3.81,5.82,Monday,May,2011,0,0,0
5/24/2011,296604,336424,210212,8.40,11.91,12.24,4.4,4.89,6.01,Tuesday,May,2011,0,0,0
5/25/2011,294183,338122,208441,8.39,11.09,10.27,2.83,4.35,6.33,Wednesday,May,2011,0,0,0
5/26/2011,297323,338069,209656,7.63,12.02,9.71,1.52,2.15,5.37,Thursday,May,2011,0,0,0
5/27/2011,300807,340742,216558,8.04,11.38,9.76,1.3,3.25,4.15,Friday,May,2011,0,0,0
5/28/2011,278368,308837,195553,7.74,11.13,10.61,2.56,3.29,4.87,Saturday,May,2011,0,0,0
5/29/2011,270495,302070,190188,8.04,11.55,9.91,3.18,3.96,5.33,Sunday,May,2011,0,0,0
5/30/2011,291362,348013,208410,9.05,14.13,10.70,2.94,4.01,6.15,Monday,May,2011,0,0,0
5/31/2011,290560,345600,208563,9.60,16.55,15.49,1.46,3.56,4.11,Tuesday,May,2011,0,0,0
6/1/2011,284022,340895,208414,9.85,13.78,17.74,2.29,1.84,4.62,Wednesday,June,2011,0,0,0
6/2/2011,261698,307531,192678,11.77,14.76,14.04,2.58,3.36,4.16,Thursday,June,2011,1,1,1
6/3/2011,269916,312844,202128,13.94,17.32,14.03,1.6,1.76,4.46,Friday,June,2011,0,0,0
6/4/2011,252115,289229,187974,12.41,17.69,15.93,1.91,3.27,3.56,Saturday,June,2011,0,0,0
6/5/2011,248389,284559,183077,11.89,15.49,13.44,1.89,3.17,2.87,Sunday,June,2011,0,0,0
6/6/2011,275799,291128,207680,13.47,18.78,16.14,2.33,2.8,4.52,Monday,June,2011,0,1,0
6/7/2011,277974,330095,209063,13.41,18.96,20.02,2.05,3.3,4.64,Tuesday,June,2011,0,0,0
6/8/2011,278453,333615,206771,14.38,18.71,20.55,1.34,2.41,4.84,Wednesday,June,2011,0,0,0
6/9/2011,277330,332565,208421,14.28,17.59,20.94,2.15,3.13,3.95,Thursday,June,2011,0,0,0
6/10/2011,277792,328523,209736,13.23,16.62,23.31,0.91,2.64,3.09,Friday,June,2011,0,0,0
6/11/2011,253909,291975,187481,13.25,17.24,22.23,1.36,2.41,3.39,Saturday,June,2011,0,0,0
6/12/2011,241275,284954,178975,12.25,15.32,19.43,2.43,2.37,1.78,Sunday,June,2011,1,1,1
6/13/2011,248267,331129,205207,11.73,14.80,11.85,2.28,3.73,2.02,Monday,June,2011,1,0,0
6/14/2011,275469,335556,205141,11.56,14.51,11.68,2.27,1.69,2.99,Tuesday,June,2011,0,0,0
6/15/2011,274364,337497,207032,11.58,13.52,12.65,1.44,2.5,1.92,Wednesday,June,2011,0,0,0
6/16/2011,276485,337323,204712,12.77,14.83,14.90,1.62,1.66,2.24,Thursday,June,2011,0,0,0
6/17/2011,275015,329711,204201,11.18,13.50,15.33,2.15,2.41,2.8,Friday,June,2011,0,0,0
6/18/2011,255285,294404,185492,11.58,13.94,13.78,1.51,2.52,5.41,Saturday,June,2011,0,0,0
6/19/2011,251172,295631,175201,11.76,12.67,14.24,1.61,2.92,2.5,Sunday,June,2011,0,0,0
6/20/2011,277557,341848,191803,12.48,13.74,13.83,1.17,2.76,2.79,Monday,June,2011,0,0,0
6/21/2011,276697,339615,185752,11.97,14.14,13.48,1.53,3.2,6.07,Tuesday,June,2011,0,0,0
6/22/2011,277847,340543,175717,11.76,15.15,14.32,1.34,3.01,5.72,Wednesday,June,2011,0,0,0
6/23/2011,272930,330615,169156,11.81,14.26,14.60,1.64,3.33,7.14,Thursday,June,2011,0,0,0
6/24/2011,271215,282352,147699,10.81,13.85,14.97,1.42,2.66,4.48,Friday,June,2011,0,0,0
6/25/2011,257361,275227,140721,11.03,13.47,14.37,1.53,1.32,2.66,Saturday,June,2011,0,1,1
6/26/2011,251319,280725,143511,12.60,14.99,15.39,1.25,1.59,3.27,Sunday,June,2011,0,0,0
6/27/2011,274722,332803,171661,13.68,17.36,16.78,1.87,1.46,3.53,Monday,June,2011,0,0,0
6/28/2011,269972,330952,187449,15.87,19.62,19.19,2.33,1.3,1.42,Tuesday,June,2011,0,0,0
6/29/2011,265979,332451,194676,15.09,19.73,20.20,2.05,2.11,3.14,Wednesday,June,2011,0,0,0
6/30/2011,265858,329990,200131,13.14,18.97,20.71,1.24,2.26,3.79,Thursday,June,2011,0,0,0
7/1/2011,272746,322361,204487,12.65,18.08,22.70,1.57,1.79,3.45,Friday,July,2011,0,0,0
7/2/2011,251919,287282,186566,13.71,19.49,22.88,2.68,3.53,3.55,Saturday,July,2011,0,0,0
7/3/2011,248469,279384,179422,15.00,18.28,19.30,1.35,4,2.16,Sunday,July,2011,0,0,0
7/4/2011,274182,343969,200106,15.01,16.97,16.03,1.36,2.64,4.24,Monday,July,2011,0,0,0
7/5/2011,270855,344529,201478,15.46,17.36,16.57,1.53,1.2,3.29,Tuesday,July,2011,0,0,0
7/6/2011,268964,345642,201469,16.47,18.29,19.03,1.16,1.65,3.17,Wednesday,July,2011,0,0,0
7/7/2011,267191,343020,201268,15.90,18.72,20.85,1.52,1.43,2.22,Thursday,July,2011,0,0,0
7/8/2011,263967,330227,200273,15.24,18.57,22.14,1.11,2.32,2.21,Friday,July,2011,0,0,0
7/9/2011,244808,292642,183263,15.21,19.08,22.41,2.23,1.84,2.37,Saturday,July,2011,0,0,0
7/10/2011,239504,288390,177509,13.98,18.45,21.01,2.59,2.52,3.55,Sunday,July,2011,0,0,0
7/11/2011,259498,306794,195671,13.35,17.71,20.85,1.84,1.87,1.95,Monday,July,2011,0,0,0
7/12/2011,258794,302751,193015,12.09,16.52,17.30,1.99,2.89,4.91,Tuesday,July,2011,0,0,0
7/13/2011,263879,304872,193297,11.99,15.34,15.75,1.33,1.62,5.36,Wednesday,July,2011,0,0,0
7/14/2011,261817,304629,192493,13.56,15.44,16.04,1.3,2.64,2.61,Thursday,July,2011,0,0,0
7/15/2011,260442,299111,194436,12.94,15.02,16.30,1.7,3.66,4.3,Friday,July,2011,0,0,0
7/16/2011,247435,270298,181046,14.04,16.16,15.92,1.29,2.28,4.93,Saturday,July,2011,0,0,0
7/17/2011,240304,266774,175272,13.79,17.29,16.88,2.52,2.4,3.21,Sunday,July,2011,0,0,0
7/18/2011,252612,296440,192743,14.12,16.79,19.29,1.62,3.4,4.81,Monday,July,2011,0,0,0
7/19/2011,254309,295873,191555,14.16,17.26,19.03,2.41,2.53,3.49,Tuesday,July,2011,0,0,0
7/20/2011,250317,294667,193712,14.05,17.67,19.70,1.9,2.14,2.17,Wednesday,July,2011,0,0,0
7/21/2011,255559,295094,195802,14.17,17.09,21.73,1.13,3.12,4.05,Thursday,July,2011,0,0,0
7/22/2011,258893,292203,194230,13.15,19.22,22.85,2.97,2.89,3.94,Friday,July,2011,0,0,0
7/23/2011,247198,266968,179746,15.36,18.76,21.96,2.46,2.61,3.85,Saturday,July,2011,0,0,0
7/24/2011,236636,268407,171789,15.35,15.49,19.14,2.12,4.58,4.82,Sunday,July,2011,0,0,0
7/25/2011,252720,291890,188586,14.17,16.04,18.92,1.67,3.37,4.15,Monday,July,2011,0,0,0
7/26/2011,257055,284867,190284,14.54,17.43,20.44,1.31,1.27,2.15,Tuesday,July,2011,0,0,0
7/27/2011,258745,286748,192191,15.26,18.92,21.51,0.95,2.2,1.42,Wednesday,July,2011,0,0,0
7/28/2011,258645,289765,191888,16.00,19.05,21.47,1.21,2.61,2.95,Thursday,July,2011,0,0,0
7/29/2011,256244,289558,196247,16.30,19.59,20.12,1.48,3.95,4.28,Friday,July,2011,0,0,0
7/30/2011,242888,269706,180612,16.27,19.07,18.88,1.6,3.15,4.67,Saturday,July,2011,0,0,0
7/31/2011,238056,266692,174270,16.66,19.04,17.75,1.2,2.64,4.1,Sunday,July,2011,0,0,0
8/1/2011,259914,300031,192236,16.67,18.92,14.70,1.21,2.23,3.92,Monday,August,2011,0,0,0
8/2/2011,261119,302257,189245,16.99,19.04,15.70,1.22,1.81,2.75,Tuesday,August,2011,0,0,0
8/3/2011,260947,300541,193303,17.34,18.95,17.61,1.52,2.17,1.86,Wednesday,August,2011,0,0,0
8/4/2011,259049,298620,195898,16.79,18.56,17.92,1.27,2.54,3.33,Thursday,August,2011,0,0,0
8/5/2011,262388,301473,195530,15.19,18.33,16.60,1.98,2.95,4.23,Friday,August,2011,0,0,0
8/6/2011,244148,276418,181348,14.61,18.06,16.32,1.85,2.62,5.88,Saturday,August,2011,0,0,0
8/7/2011,241763,275644,177153,13.05,16.76,17.48,1.91,2.94,5.52,Sunday,August,2011,0,0,0
8/8/2011,265177,311731,197955,12.64,15.63,16.56,2.5,3.97,7.43,Monday,August,2011,0,0,0
8/9/2011,268026,315468,198979,12.36,14.99,14.90,1.8,1.4,4.58,Tuesday,August,2011,0,0,0
8/10/2011,274981,320894,199522,9.69,13.26,14.19,2.53,1.5,3.81,Wednesday,August,2011,0,0,0
8/11/2011,274459,328829,203860,11.15,13.40,13.17,1.64,2.43,4.16,Thursday,August,2011,0,0,0
8/12/2011,272085,320122,208318,12.13,14.46,13.81,1.38,2.37,2.69,Friday,August,2011,0,0,0
8/13/2011,251480,289290,190547,13.44,15.36,14.96,1.66,2.25,4,Saturday,August,2011,0,0,0
8/14/2011,250764,287153,186233,14.40,16.56,16.19,2.62,3.34,5.81,Sunday,August,2011,0,0,0
8/15/2011,277997,331595,209422,14.31,17.00,16.65,1.97,3.03,5.93,Monday,August,2011,0,0,0
8/16/2011,277780,331865,211431,13.43,15.89,17.38,0.88,2.23,3.31,Tuesday,August,2011,0,0,0
8/17/2011,276976,334980,212602,13.20,15.60,16.43,0.89,2.43,3.62,Wednesday,August,2011,0,0,0
8/18/2011,276703,337498,212961,13.08,15.65,14.92,0.93,1.83,4.68,Thursday,August,2011,0,0,0
8/19/2011,275401,335739,209164,12.01,14.64,15.33,1.42,2.72,2.87,Friday,August,2011,0,0,0
8/20/2011,256813,301849,190609,12.81,15.21,15.84,1.55,3.13,7.22,Saturday,August,2011,0,0,0
8/21/2011,256468,297798,184243,12.33,15.93,15.56,2.22,2.02,2.3,Sunday,August,2011,0,0,0
8/22/2011,277066,330721,206042,13.36,16.25,15.52,1.69,2.61,1.81,Monday,August,2011,0,0,0
8/23/2011,279047,326533,202859,13.49,15.61,15.42,1.48,1.69,1.31,Tuesday,August,2011,0,0,0
8/24/2011,280844,334586,201055,13.59,15.91,15.77,1.89,1.69,1.7,Wednesday,August,2011,0,0,0
8/25/2011,277618,336204,203853,14.31,17.27,16.19,1.48,2.48,2.17,Thursday,August,2011,0,0,0
8/26/2011,272967,324572,207998,14.92,18.59,17.94,1.77,2.02,3.71,Friday,August,2011,0,0,0
8/27/2011,256014,286727,187765,15.42,18.96,19.37,2.56,3.12,4.45,Saturday,August,2011,0,0,0
8/28/2011,250072,273500,182435,12.45,15.31,18.84,2.95,3.65,6.48,Sunday,August,2011,0,0,0
8/29/2011,277835,329705,202986,11.40,13.70,14.68,2.3,2.98,7.15,Monday,August,2011,0,0,0
8/30/2011,282370,332433,204989,11.57,13.28,13.62,1.13,1.49,4.89,Tuesday,August,2011,0,0,0
8/31/2011,281910,338237,204038,11.84,13.45,12.99,1.11,1.54,5.28,Wednesday,August,2011,0,0,0
9/1/2011,285346,346446,202856,11.95,13.31,12.80,1.09,1.83,3.05,Thursday,September,2011,0,0,0
9/2/2011,282195,338218,208164,11.69,13.26,12.94,1.77,1.85,1.43,Friday,September,2011,0,0,0
9/3/2011,267286,301827,193499,12.17,13.99,12.87,1.89,1.37,2.54,Saturday,September,2011,0,0,0
9/4/2011,259802,295723,186570,14.21,16.96,12.83,2.29,3.01,2.08,Sunday,September,2011,0,0,0
9/5/2011,284667,328906,206041,14.19,16.43,15.18,1.96,4.26,4.44,Monday,September,2011,0,0,0
9/6/2011,285329,325846,209423,11.94,14.91,15.08,3.58,3.73,6.48,Tuesday,September,2011,0,0,0
9/7/2011,286432,329356,210416,11.10,13.31,14.15,1.96,4.02,6.97,Wednesday,September,2011,0,0,0
9/8/2011,289012,334400,210320,10.55,12.32,13.32,1.42,2.27,3.83,Thursday,September,2011,0,0,0
9/9/2011,289444,328034,213281,10.61,12.73,13.01,1.51,2.68,1.89,Friday,September,2011,0,0,0
9/10/2011,269704,293400,195496,11.79,13.68,12.57,1.29,2.35,3.35,Saturday,September,2011,0,0,0
9/11/2011,262287,291692,187534,13.29,15.48,13.26,2.79,3.03,3.97,Sunday,September,2011,0,0,0
9/12/2011,288499,343563,212590,11.84,14.94,13.56,2.65,2.45,5.56,Monday,September,2011,0,0,0
9/13/2011,285103,341522,212858,12.05,14.10,13.20,3.41,5.82,8.26,Tuesday,September,2011,0,0,0
9/14/2011,284805,344637,214566,11.35,13.53,12.58,2.23,5.67,12.41,Wednesday,September,2011,0,0,0
9/15/2011,295764,349080,214198,9.49,11.71,11.98,2.29,3.56,9.08,Thursday,September,2011,0,0,0
9/16/2011,300870,344696,211913,8.66,11.33,11.86,1.21,2.86,5.19,Friday,September,2011,0,0,0
9/17/2011,287143,319749,191361,8.68,10.88,10.81,1.64,1.51,3.44,Saturday,September,2011,0,0,0
9/18/2011,285930,316358,185484,9.35,12.18,10.14,2.75,3.34,1.88,Sunday,September,2011,0,0,0
9/19/2011,307478,358908,208000,9.73,12.34,10.63,2.31,3.62,7.04,Monday,September,2011,0,0,0
9/20/2011,302519,355009,205566,10.19,13.12,11.67,1.85,3.28,5.62,Tuesday,September,2011,0,0,0
9/21/2011,304336,361473,208420,9.90,13.04,11.62,1.89,2.14,5.89,Wednesday,September,2011,0,0,0
9/22/2011,305817,358556,210942,8.79,11.94,10.69,2.81,4.26,6.58,Thursday,September,2011,0,0,0
9/23/2011,300810,355377,213385,8.65,10.97,9.37,2.19,3.98,8.06,Friday,September,2011,0,0,0
9/24/2011,285874,323645,196940,9.53,11.28,8.27,1.57,2.76,6.58,Saturday,September,2011,0,0,0
9/25/2011,277480,318022,190896,10.75,12.54,9.05,1.6,2.43,2.92,Sunday,September,2011,0,0,0
9/26/2011,301266,359616,212913,10.45,13.65,10.54,2.45,2.57,2.1,Monday,September,2011,0,0,0
9/27/2011,308414,356267,211477,9.54,11.63,11.03,1.78,2.7,5.84,Tuesday,September,2011,0,0,0
9/28/2011,306772,363688,215688,11.84,12.81,9.86,1.85,2.7,6.21,Wednesday,September,2011,0,0,0
9/29/2011,296635,355359,218417,13.47,14.94,10.31,1.73,2.49,4.51,Thursday,September,2011,0,0,0
9/30/2011,293474,344534,216137,13.53,14.85,13.58,1.55,2.48,5.36,Friday,September,2011,0,0,0
10/1/2011,274417,311477,201369,12.68,13.34,9.00,1.13,1.77,5.04,Saturday,October,2011,0,0,0
10/2/2011,268437,311684,197203,11.27,13.49,9.01,1.25,2.33,4.01,Sunday,October,2011,0,0,0
10/3/2011,299630,359345,217506,10.38,13.35,8.72,1.55,2.67,3.79,Monday,October,2011,0,0,0
10/4/2011,305657,357370,216976,9.05,13.22,9.68,3.35,4.69,5.22,Tuesday,October,2011,0,0,0
10/5/2011,313062,360952,212370,8.97,12.03,9.15,2.88,4.2,7.65,Wednesday,October,2011,0,0,0
10/6/2011,310064,365625,217817,8.18,11.87,10.27,2.95,4.89,8.46,Thursday,October,2011,0,0,0
10/7/2011,318645,372037,220951,7.09,8.97,8.80,2.78,4.51,10.89,Friday,October,2011,0,0,0
10/8/2011,304177,347030,206929,5.37,7.76,7.65,2.75,3.19,4.11,Saturday,October,2011,0,0,0
10/9/2011,319292,358493,203120,4.69,6.36,5.78,2.17,2.78,3.78,Sunday,October,2011,0,0,0
10/10/2011,338099,380762,225426,5.61,8.54,6.63,1.76,2.73,8.69,Monday,October,2011,0,0,0
10/11/2011,340453,380175,222184,4.46,7.54,5.96,2.07,2.77,5.59,Tuesday,October,2011,0,0,0
10/12/2011,339798,384375,226594,5.10,7.09,4.63,2.72,3.15,3.94,Wednesday,October,2011,0,0,0
10/13/2011,350295,395346,231921,3.56,5.50,4.68,1.92,4.09,7.62,Thursday,October,2011,0,0,0
10/14/2011,358494,402851,237905,4.31,4.05,3.02,1.36,2.33,5.96,Friday,October,2011,0,0,0
10/15/2011,330042,363404,219326,6.38,4.92,3.97,1.64,2.71,3.74,Saturday,October,2011,0,0,0
10/16/2011,316335,350633,209521,6.51,5.64,5.90,2,3.31,6.31,Sunday,October,2011,0,0,0
10/17/2011,341075,389472,225420,7.34,6.63,6.49,2.51,2.7,7.04,Monday,October,2011,0,0,0
10/18/2011,336342,383472,224277,5.79,7.47,7.22,3,4.68,9.21,Tuesday,October,2011,0,0,0
10/19/2011,353251,391872,224790,3.99,6.66,6.03,1.73,3.61,10.03,Wednesday,October,2011,0,0,0
10/20/2011,363596,398464,224121,3.21,5.11,5.97,2.27,2.95,7.66,Thursday,October,2011,0,0,0
10/21/2011,371809,402382,230002,3.96,4.90,4.24,1.69,2.98,5.9,Friday,October,2011,0,0,0
10/22/2011,324362,348002,214636,7.16,8.83,5.21,1.83,3.29,7.41,Saturday,October,2011,0,0,0
10/23/2011,316398,345594,209416,6.62,6.71,4.89,2.37,2.69,2.5,Sunday,October,2011,0,0,0
10/24/2011,349083,396884,223535,5.77,5.91,6.03,1.29,2.4,5.05,Monday,October,2011,0,0,0
10/25/2011,354951,391567,230188,5.49,6.69,5.73,1.65,1.93,4.13,Tuesday,October,2011,0,0,0
10/26/2011,358386,396335,230846,5.49,7.28,4.68,2.3,3.18,2.12,Wednesday,October,2011,0,0,0
10/27/2011,346499,390061,236783,6.85,8.04,4.41,1.78,1.77,4.38,Thursday,October,2011,0,0,0
10/28/2011,341488,380824,236231,6.32,8.66,6.11,2.21,2.69,4.57,Friday,October,2011,0,0,0
10/29/2011,333651,347286,215011,5.76,6.90,6.33,2.07,2.59,5.87,Saturday,October,2011,0,0,0
10/30/2011,311717,341140,209558,7.70,9.21,6.56,2.3,3.09,7.28,Sunday,October,2011,0,0,0
10/31/2011,340607,380123,227160,7.41,9.41,6.98,1.24,2.22,5.77,Monday,October,2011,0,0,0
11/1/2011,338156,379257,232766,8.97,10.30,7.20,2.44,2.66,5.1,Tuesday,November,2011,0,0,0
11/2/2011,339148,384419,230384,7.89,9.86,9.00,1.59,2.17,6.54,Wednesday,November,2011,0,0,0
11/3/2011,342698,387089,233796,7.25,8.29,7.24,1.47,1.71,2.53,Thursday,November,2011,0,0,0
11/4/2011,345872,380191,239474,6.61,7.93,6.78,1.39,1.97,3.22,Friday,November,2011,0,0,0
11/5/2011,323154,350962,217462,7.50,7.86,6.33,1.15,1.85,5.82,Saturday,November,2011,0,1,1
11/6/2011,317574,352400,214685,6.55,7.47,5.66,1.17,1.64,6.35,Sunday,November,2011,0,0,0
11/7/2011,355784,398689,238055,4.55,6.77,6.34,1.29,1.56,4.79,Monday,November,2011,0,0,0
11/8/2011,367693,405923,234290,4.53,6.05,6.14,1.76,2.03,5.38,Tuesday,November,2011,0,0,0
11/9/2011,371226,412091,243473,4.28,5.41,1.93,1.35,1.24,3.38,Wednesday,November,2011,0,0,0
11/10/2011,371518,410069,247413,4.77,5.76,1.97,0.89,2.04,2.79,Thursday,November,2011,0,0,0
11/11/2011,371784,416066,247350,3.65,3.55,3.24,0.55,2.1,3.87,Friday,November,2011,0,0,0
11/12/2011,357631,392902,232127,2.37,2.24,2.30,0.93,1.53,2.19,Saturday,November,2011,0,0,0
11/13/2011,350952,389741,221465,3.52,2.40,3.41,1.37,3.03,6.77,Sunday,November,2011,0,0,0
11/14/2011,384960,426633,240961,1.82,3.51,3.48,1.77,3.22,6.17,Monday,November,2011,0,0,0
11/15/2011,395192,430458,249688,0.40,2.62,-0.21,1.84,2.22,5.12,Tuesday,November,2011,0,0,0
11/16/2011,407452,442920,247367,0.31,1.30,2.05,0.99,2.89,6.8,Wednesday,November,2011,0,0,0
11/17/2011,414160,435658,242311,0.03,2.16,2.91,1.04,3.21,5.17,Thursday,November,2011,0,0,0
11/18/2011,396616,424516,245596,3.33,3.71,2.58,1.22,3.1,4.37,Friday,November,2011,0,0,0
11/19/2011,355775,371019,234630,3.81,5.66,0.87,1.3,2.43,6.74,Saturday,November,2011,0,0,0
11/20/2011,349285,371023,243197,3.02,5.18,-2.87,0.44,1.99,3.39,Sunday,November,2011,0,0,0
11/21/2011,385038,418599,260350,2.67,4.49,-0.21,0.98,1.74,4.78,Monday,November,2011,0,0,0
11/22/2011,392907,426488,253083,2.51,3.80,-0.21,0.93,0.91,1.8,Tuesday,November,2011,0,0,0
11/23/2011,385973,424101,248844,4.22,4.45,2.51,2.3,3.16,5.63,Wednesday,November,2011,0,0,0
11/24/2011,379373,412597,247796,4.14,6.60,3.90,2.01,3.62,9.42,Thursday,November,2011,0,0,0
11/25/2011,371569,400792,253427,4.44,6.80,4.18,3.54,4.62,8.38,Friday,November,2011,0,0,0
11/26/2011,362003,377073,235793,3.44,5.32,3.12,2.97,4.72,8.59,Saturday,November,2011,0,0,0
11/27/2011,345725,368621,232302,4.09,7.63,3.07,3.66,5.36,9.6,Sunday,November,2011,0,0,0
11/28/2011,389351,428704,256258,2.34,4.35,0.85,2.21,4.79,10.53,Monday,November,2011,0,0,0
11/29/2011,376324,420968,259116,5.22,5.32,0.26,3.85,3.38,4.99,Tuesday,November,2011,0,0,0
11/30/2011,369727,418075,251880,3.88,5.86,3.72,3.69,4.87,8.28,Wednesday,November,2011,0,0,0
12/1/2011,376837,427964,252121,3.77,5.23,2.40,4.37,4.93,7.36,Thursday,December,2011,0,0,0
12/2/2011,398905,428858,254985,-0.16,3.01,2.84,1.9,3.41,8,Friday,December,2011,0,0,0
12/3/2011,374810,398905,239938,1.26,2.62,0.55,3.3,4.43,8.32,Saturday,December,2011,0,0,0
12/4/2011,373536,389297,233748,-0.28,2.84,1.77,2.55,4.26,9.51,Sunday,December,2011,0,0,0
12/5/2011,414839,443907,247844,-1.16,0.92,0.47,2.55,3.33,7.89,Monday,December,2011,0,0,0
12/6/2011,421454,454184,237946,-2.21,0.15,-0.56,1.66,2.54,7.34,Tuesday,December,2011,0,0,1
12/7/2011,439174,456067,261055,-4.38,0.31,-0.98,2.6,2.74,6.61,Wednesday,December,2011,0,0,0
12/8/2011,449870,463580,260280,-4.24,-0.62,-0.08,2.3,2.44,7.81,Thursday,December,2011,0,0,0
12/9/2011,422344,443004,265917,-0.72,2.68,-0.27,2.92,5.31,10.7,Friday,December,2011,0,0,0
12/10/2011,401943,405936,245784,-2.29,1.48,0.39,1.96,3.47,10.65,Saturday,December,2011,0,0,0
12/11/2011,406905,411175,239204,-2.57,0.38,-0.70,1.63,2.35,6.75,Sunday,December,2011,0,0,0
12/12/2011,418852,459886,267370,0.24,1.86,-1.38,1.89,3.1,6.86,Monday,December,2011,0,0,0
12/13/2011,414582,445331,264943,0.13,2.94,1.37,3.05,4.21,8.27,Tuesday,December,2011,0,0,0
12/14/2011,405072,445182,261570,1.70,3.38,2.13,4.13,4.13,9.06,Wednesday,December,2011,0,0,0
12/15/2011,400211,443210,257719,1.29,2.62,1.89,1.99,2.72,8.37,Thursday,December,2011,0,0,0
12/16/2011,415337,440774,255568,-1.64,1.87,1.61,1.56,2.49,6.98,Friday,December,2011,0,0,0
12/17/2011,403122,414522,241380,-2.99,1.04,0.54,2.25,3.64,6.9,Saturday,December,2011,0,0,0
12/18/2011,408520,417015,232121,-3.58,0.38,1.61,2.59,2.74,7.73,Sunday,December,2011,0,0,0
12/19/2011,430662,457378,249552,-1.81,0.81,0.67,2.15,3,8.79,Monday,December,2011,0,0,0
12/20/2011,439203,462061,247248,-4.88,0.09,0.52,1.57,2.78,8.66,Tuesday,December,2011,0,0,0
12/21/2011,452059,467994,247686,-5.02,-0.98,-0.49,1.91,1.38,3.74,Wednesday,December,2011,0,0,0
12/22/2011,438959,465436,240678,-1.09,-0.42,-1.55,1.01,2.25,3.6,Thursday,December,2011,0,0,0
12/23/2011,394476,417982,227133,2.11,4.20,0.08,1.83,3.33,8.38,Friday,December,2011,0,0,0
12/24/2011,373703,369825,199267,-1.08,1.68,1.12,2.07,2.3,7.22,Saturday,December,2011,0,0,0
12/25/2011,345531,364745,191125,3.18,4.51,0.37,3.48,4.59,7.63,Sunday,December,2011,1,1,1
12/26/2011,336795,353582,182476,4.30,7.43,3.57,3.33,5.43,12.45,Monday,December,2011,1,1,1
12/27/2011,365983,391197,206387,2.09,5.99,3.15,3.59,5.96,11.1,Tuesday,December,2011,0,0,0
12/28/2011,380347,418986,231896,1.29,2.57,-0.54,2.88,3.15,8.28,Wednesday,December,2011,0,0,0
12/29/2011,381528,412922,239762,0.16,3.46,1.74,2.51,5.01,10.4,Thursday,December,2011,0,0,0
12/30/2011,397443,426406,243534,-2.82,-0.22,0.26,1.92,2.51,8.28,Friday,December,2011,0,0,0
12/31/2011,405728,420897,237710,-5.11,-2.95,-2.63,1.23,1.99,4.16,Saturday,December,2011,0,0,0
1/1/2012,376251,399069,235263,0.21,0.82,-4.03,1.99,2.88,3.09,Sunday,January,2012,1,1,1
1/2/2012,411304,434022,267418,-0.08,3.56,-2.06,1.4,3.37,9.44,Monday,January,2012,0,0,0
1/3/2012,418969,448470,266543,-0.68,2.26,0.21,3.19,4.37,5.9,Tuesday,January,2012,0,0,0
1/4/2012,414526,454344,265236,-0.20,2.59,0.31,2.6,4.99,10.88,Wednesday,January,2012,0,0,0
1/5/2012,434091,460783,265331,-4.40,0.07,-0.46,2.2,2.88,8.04,Thursday,January,2012,0,0,0
1/6/2012,445066,449946,250489,-5.14,-1.92,-2.64,2.28,3.44,4.34,Friday,January,2012,0,1,1
1/7/2012,415175,437479,258823,-2.96,-1.42,-6.29,1.42,2.05,5.19,Saturday,January,2012,0,0,0
1/8/2012,417418,439468,262291,-4.75,-2.19,-7.44,2.15,2.4,3.92,Sunday,January,2012,0,0,0
1/9/2012,461469,498190,284854,-4.11,-3.65,-6.43,1.4,1.63,3.38,Monday,January,2012,0,0,0
1/10/2012,447304,485902,285074,-2.24,-0.88,-6.87,1.96,2.42,3.5,Tuesday,January,2012,0,0,0
1/11/2012,428524,459136,276837,-0.95,2.24,-2.20,2.3,3.39,6.99,Wednesday,January,2012,0,0,0
1/12/2012,425385,461271,270558,-0.70,2.47,-2.04,2.64,4.45,7.36,Thursday,January,2012,0,0,0
1/13/2012,427152,465220,274470,-0.70,0.46,-3.30,3.3,5.53,8.21,Friday,January,2012,0,0,0
1/14/2012,408727,441234,264480,-2.97,-1.42,-5.96,2.41,5.48,9.6,Saturday,January,2012,0,0,0
1/15/2012,401694,444294,263460,-1.93,-2.30,-7.55,1.5,2.02,5.08,Sunday,January,2012,0,0,0
1/16/2012,436653,479086,290639,-1.83,-0.51,-8.06,1.87,1.63,3.2,Monday,January,2012,0,0,0
1/17/2012,442122,477405,280682,-3.33,-0.57,-5.72,1.63,1.66,3.06,Tuesday,January,2012,0,0,0
1/18/2012,442807,475927,274419,-2.51,0.51,-5.31,1.59,1.88,3.98,Wednesday,January,2012,0,0,0
1/19/2012,446253,474430,272546,-3.58,0.29,-3.75,1.57,2.35,6.79,Thursday,January,2012,0,0,0
1/20/2012,458718,484131,273347,-7.05,-2.52,-3.79,2.04,2.01,6.8,Friday,January,2012,0,0,0
1/21/2012,434950,450762,258079,-4.86,-2.34,-4.89,2.38,2.17,6.22,Saturday,January,2012,0,0,0
1/22/2012,416773,429825,247427,-4.77,-1.23,-5.45,2.25,2.98,5.22,Sunday,January,2012,0,0,0
1/23/2012,459808,492198,276796,-5.74,-3.30,-6.24,1.46,2.63,5.54,Monday,January,2012,0,0,0
1/24/2012,464463,511256,285180,-6.89,-4.72,-9.05,1.27,2.17,4.74,Tuesday,January,2012,0,0,0
1/25/2012,468276,515229,295144,-6.68,-5.48,-9.98,1.48,2.24,4.89,Wednesday,January,2012,0,0,0
1/26/2012,462365,503497,293019,-4.18,-3.50,-9.08,2.06,2.41,5.49,Thursday,January,2012,0,0,0
1/27/2012,452333,494181,297869,-2.70,-2.61,-9.99,2.62,2.61,6.84,Friday,January,2012,0,0,0
1/28/2012,430412,465350,282467,-4.56,-3.44,-11.42,1.46,2.44,5.82,Saturday,January,2012,0,0,0
1/29/2012,430322,462515,283350,-6.46,-3.58,-14.14,2.05,2.64,4.52,Sunday,January,2012,0,0,0
1/30/2012,469320,522708,304929,-7.21,-4.74,-15.16,1.66,2.23,3.31,Monday,January,2012,0,0,0
1/31/2012,485367,530082,312868,-9.10,-5.37,-16.29,1.66,1.56,4.33,Tuesday,January,2012,0,0,0
2/1/2012,492897,537860,315476,-10.05,-6.10,-18.75,1.56,2.46,6.24,Wednesday,February,2012,0,0,0
2/2/2012,491943,558035,325095,-9.43,-9.89,-21.83,1.31,2.83,6.73,Thursday,February,2012,0,0,0
2/3/2012,503113,573277,328755,-12.09,-12.47,-20.63,2,2.65,5.85,Friday,February,2012,0,0,0
2/4/2012,483704,555153,313708,-12.66,-14.51,-22.19,1.29,1.6,3.84,Saturday,February,2012,0,0,0
2/5/2012,470777,546500,305815,-8.82,-11.72,-19.80,2.34,3.29,4.7,Sunday,February,2012,0,0,0
2/6/2012,482415,572420,301722,-5.25,-9.06,-7.87,3.15,3.82,6.64,Monday,February,2012,0,0,0
2/7/2012,471276,558092,300026,-4.99,-7.99,-11.01,1.01,2.65,5.84,Tuesday,February,2012,0,0,0
2/8/2012,464841,540999,313508,-5.51,-5.58,-16.31,1.66,3.02,4.92,Wednesday,February,2012,0,0,0
2/9/2012,468937,554420,318969,-5.48,-6.91,-16.06,1.51,2.15,4.8,Thursday,February,2012,0,0,0
2/10/2012,462939,546543,319749,-4.80,-8.17,-16.04,1.13,2.13,1.92,Friday,February,2012,0,0,0
2/11/2012,439552,489538,289208,-4.36,-5.21,-8.63,1.63,2.58,5.12,Saturday,February,2012,0,0,0
2/12/2012,423435,459764,268716,-4.11,-3.05,-5.98,2.07,2.45,6.2,Sunday,February,2012,0,0,0
2/13/2012,457898,515688,292894,-4.00,-5.43,-9.07,1.43,1.88,4.17,Monday,February,2012,0,0,0
2/14/2012,453082,496247,291670,-2.75,-1.42,-6.91,2.55,2.68,7.23,Tuesday,February,2012,0,0,0
2/15/2012,438698,498640,281989,-2.29,-2.57,-5.25,2.87,2.82,5.37,Wednesday,February,2012,0,0,0
2/16/2012,436439,516340,282210,-1.53,-4.52,-6.09,1.81,2.7,4.99,Thursday,February,2012,0,0,0
2/17/2012,430216,475894,279950,-1.26,-1.25,-4.34,1.38,1.79,7.23,Friday,February,2012,0,0,0
2/18/2012,400801,441866,262450,0.03,-0.29,-5.69,2.64,3.94,6.38,Saturday,February,2012,0,0,0
2/19/2012,395607,424072,258203,-2.00,0.56,-4.61,2.27,3.08,10.3,Sunday,February,2012,0,0,0
2/20/2012,440503,482339,267190,-2.31,-1.69,-2.95,2.7,3.73,6.33,Monday,February,2012,0,0,0
2/21/2012,415201,463478,268095,-0.13,1.72,-1.08,1.94,3.6,8.04,Tuesday,February,2012,0,0,0
2/22/2012,409311,467184,267796,1.51,2.30,-2.38,2.03,3.5,6.61,Wednesday,February,2012,0,0,0
2/23/2012,399958,448409,262473,1.61,3.26,-0.74,2.39,3.2,4.19,Thursday,February,2012,0,0,0
2/24/2012,393588,435856,268264,1.43,3.20,-3.66,2.21,2.26,2.84,Friday,February,2012,0,0,0
2/25/2012,378438,409682,254819,0.17,1.55,-4.18,2.47,4.03,2.75,Saturday,February,2012,0,0,0
2/26/2012,387823,428327,251582,-2.47,-1.75,-5.92,1.66,3.6,5.8,Sunday,February,2012,0,0,0
2/27/2012,421444,486161,278478,-0.28,-1.79,-7.58,1.65,2.05,3.07,Monday,February,2012,0,0,0
2/28/2012,393402,443685,279877,3.47,3.98,-5.11,1.93,3.15,5.71,Tuesday,February,2012,0,0,0
2/29/2012,388558,439411,262241,3.12,3.99,-2.91,2.23,2.18,3.16,Wednesday,February,2012,0,0,0
3/1/2012,383859,428992,256456,3.16,4.41,-0.31,2.16,1.85,3,Thursday,March,2012,0,0,0
3/2/2012,391629,424722,256256,0.82,2.99,0.76,1.95,4.65,7.49,Friday,March,2012,0,0,0
3/3/2012,379469,404044,243618,-1.07,-0.09,-2.65,1.55,2.45,6.02,Saturday,March,2012,0,0,0
3/4/2012,383971,418534,244747,-1.46,-1.18,-6.78,1.6,0.93,4.33,Sunday,March,2012,0,0,0
3/5/2012,417545,469566,268582,-1.86,-1.90,-8.44,1.18,1.49,5.03,Monday,March,2012,0,0,0
3/6/2012,420576,471740,275938,-1.70,-1.98,-9.38,1.51,1.37,3.39,Tuesday,March,2012,0,0,0
3/7/2012,427026,475143,279068,-0.48,-1.12,-9.60,3.68,3.77,2.45,Wednesday,March,2012,0,0,0
3/8/2012,417706,473095,280093,0.17,-0.02,-7.73,1.33,3.35,3.7,Thursday,March,2012,0,0,0
3/9/2012,396515,447785,278383,2.53,2.45,-3.71,2.46,3.52,5.61,Friday,March,2012,0,0,0
3/10/2012,371028,388269,244615,2.27,4.54,0.46,2.85,3.34,4.62,Saturday,March,2012,0,0,0
3/11/2012,360314,385443,231205,2.90,3.79,0.24,2.13,3.86,4.38,Sunday,March,2012,0,0,0
3/12/2012,370369,406400,246494,4.55,6.14,1.71,2.27,3.16,7.72,Monday,March,2012,0,0,0
3/13/2012,369040,409912,250557,4.30,5.51,-0.21,2.07,4.08,7.57,Tuesday,March,2012,0,0,0
3/14/2012,375139,428011,254709,2.83,2.78,-2.25,1.08,2.84,6.76,Wednesday,March,2012,0,0,0
3/15/2012,385308,431556,258410,2.89,3.47,-2.74,1.4,2.56,3.31,Thursday,March,2012,0,0,0
3/16/2012,378679,412661,252611,2.81,4.69,0.71,1.82,3.04,5.07,Friday,March,2012,0,0,0
3/17/2012,355676,378895,237166,2.54,4.57,0.72,1.46,2.94,5.44,Saturday,March,2012,0,0,0
3/18/2012,351749,375557,225833,1.41,4.52,-0.95,1.7,1.45,2.88,Sunday,March,2012,0,0,0
3/19/2012,390005,418776,252870,0.50,2.31,-0.56,3.51,4.78,4.08,Monday,March,2012,0,0,0
3/20/2012,374239,411243,251973,3.87,4.31,-0.59,2.11,2.47,6.39,Tuesday,March,2012,0,0,0
3/21/2012,360459,385815,251305,5.11,7.23,-0.27,2.13,2.32,3.02,Wednesday,March,2012,0,0,0
3/22/2012,356343,383576,249031,5.53,7.76,1.91,1.91,2.65,4.84,Thursday,March,2012,0,0,0
3/23/2012,355918,373845,245956,4.77,6.91,1.05,1.42,2.28,4.77,Friday,March,2012,0,0,0
3/24/2012,336342,347720,235039,4.42,6.25,0.00,1.63,2.35,3.16,Saturday,March,2012,0,0,0
3/25/2012,311707,326445,217756,4.78,5.86,-0.60,1.44,3.96,5.54,Sunday,March,2012,0,0,0
3/26/2012,352720,402513,249755,5.83,6.89,0.17,1.92,2.67,4.95,Monday,March,2012,0,0,0
3/27/2012,337416,380863,243086,7.50,9.50,1.99,2.18,3.36,4.43,Tuesday,March,2012,0,0,0
3/28/2012,343143,390117,240810,5.10,7.62,2.03,2.89,3.2,4.32,Wednesday,March,2012,0,0,0
3/29/2012,354366,400628,243745,3.71,5.51,0.34,2.7,3.11,2.89,Thursday,March,2012,0,0,0
3/30/2012,362804,398933,249434,2.18,4.22,-1.65,2.71,2.59,2.41,Friday,March,2012,0,0,0
3/31/2012,348790,383096,235579,0.67,0.98,-3.89,3.27,4.84,6.14,Saturday,March,2012,0,0,0
4/1/2012,346711,389576,233743,-0.15,1.22,-4.28,2.88,2.83,3.65,Sunday,April,2012,0,0,0
4/2/2012,383854,433627,257462,-1.88,0.06,-3.52,2.99,3.89,4.04,Monday,April,2012,0,0,0
4/3/2012,379467,433438,258248,-1.44,0.27,-4.36,1.35,2.65,4.53,Tuesday,April,2012,0,0,0
4/4/2012,370933,427021,255852,-0.50,1.54,-3.22,1.55,2.43,4.8,Wednesday,April,2012,0,0,0
4/5/2012,357112,416886,247950,0.74,2.51,-0.64,1.97,3.41,6.54,Thursday,April,2012,1,0,0
4/6/2012,352166,377828,228701,-0.77,0.98,-1.19,2.35,3.05,5.65,Friday,April,2012,1,1,1
4/7/2012,353225,375307,230935,-1.44,-0.22,-3.47,2.17,3.64,5.35,Saturday,April,2012,0,0,0
4/8/2012,350221,364697,221947,-0.52,0.73,-3.72,1.82,2.3,3.89,Sunday,April,2012,1,1,1
4/9/2012,357732,384227,223313,0.64,1.97,-2.61,2.24,3.5,4.25,Monday,April,2012,1,1,1
4/10/2012,376384,426877,246100,2.43,4.47,0.53,2.52,5.08,6.03,Tuesday,April,2012,0,0,0
4/11/2012,371012,416045,241153,3.27,5.90,2.02,1.36,3.07,5.44,Wednesday,April,2012,0,0,0
4/12/2012,364688,405002,234406,2.91,6.00,3.26,1.22,1.07,4.17,Thursday,April,2012,0,0,0
4/13/2012,363090,402289,238829,2.18,4.20,2.80,1.88,3.35,3.39,Friday,April,2012,0,0,0
4/14/2012,338072,372271,228830,1.89,3.76,2.03,1.21,4.16,6.59,Saturday,April,2012,0,0,0
4/15/2012,338166,366424,217180,1.45,4.26,1.94,1.46,1.98,5.38,Sunday,April,2012,0,0,0
4/16/2012,371839,409600,237816,0.70,3.45,1.19,0.99,1.97,5.57,Monday,April,2012,0,0,0
4/17/2012,370120,412696,243462,0.70,2.51,1.02,1.25,1.75,5.5,Tuesday,April,2012,0,0,0
4/18/2012,373507,412795,243210,1.49,3.83,0.77,1.94,2.11,6.67,Wednesday,April,2012,0,0,0
4/19/2012,356708,401923,238562,3.81,5.52,1.13,2.3,3.32,4.15,Thursday,April,2012,0,0,0
4/20/2012,346620,413300,242746,3.50,3.01,1.96,2.75,3.84,7.62,Friday,April,2012,0,0,0
4/21/2012,330230,368363,219622,2.75,4.82,3.17,1.19,2.64,3.5,Saturday,April,2012,0,0,0
4/22/2012,325414,359205,206009,3.49,5.60,4.50,1.76,1.73,4.57,Sunday,April,2012,0,0,0
4/23/2012,343029,393719,221026,3.95,6.10,5.76,1.59,1.17,3.49,Monday,April,2012,0,0,0
4/24/2012,339218,383534,226787,4.49,6.99,4.23,0.93,1.94,3.2,Tuesday,April,2012,0,0,0
4/25/2012,340058,381008,226598,5.04,7.39,5.31,2.63,3.26,3.63,Wednesday,April,2012,0,0,0
4/26/2012,339895,385286,228621,5.38,7.80,5.51,2.08,3.05,4.42,Thursday,April,2012,0,0,0
4/27/2012,334616,365759,227093,5.39,10.00,7.90,2.61,3.67,5.3,Friday,April,2012,0,0,0
4/28/2012,315166,324611,204969,4.38,9.46,7.39,2.14,3.27,5.85,Saturday,April,2012,0,0,0
4/29/2012,301865,320105,195110,5.55,8.68,6.56,1.88,2.24,2.09,Sunday,April,2012,0,0,0
4/30/2012,323085,342090,210138,6.27,9.65,6.81,0.95,1.62,2.57,Monday,April,2012,0,0,0
5/1/2012,293165,319760,200976,6.92,9.41,5.21,1.61,2.42,4,Tuesday,May,2012,1,1,1
5/2/2012,315090,359841,224954,7.63,10.92,6.32,1.54,2.37,5.15,Wednesday,May,2012,0,0,0
5/3/2012,316764,359489,224551,6.26,9.59,4.38,1.69,2.14,4.47,Thursday,May,2012,0,0,0
5/4/2012,327834,366961,225663,4.32,7.89,5.02,1.33,2.84,4.51,Friday,May,2012,0,0,0
5/5/2012,318433,335453,211427,2.68,7.02,5.53,2.7,3.49,5.27,Saturday,May,2012,0,0,0
5/6/2012,315903,336178,197512,2.79,6.28,5.87,1.84,2.22,3.87,Sunday,May,2012,0,0,0
5/7/2012,340915,380090,217086,4.00,6.87,6.33,1.52,2.01,3.9,Monday,May,2012,0,0,0
5/8/2012,336112,372643,212310,4.79,8.03,7.46,2.07,2.63,2.57,Tuesday,May,2012,0,0,0
5/9/2012,324688,375510,212005,6.83,10.29,9.42,1.93,3.84,3.85,Wednesday,May,2012,0,0,0
5/10/2012,322627,366983,213434,5.87,11.93,10.46,1.64,3.64,5.03,Thursday,May,2012,0,0,0
5/11/2012,322594,353494,217568,5.50,12.13,9.85,1.4,3.95,5.89,Friday,May,2012,0,0,0
5/12/2012,301583,330549,201439,5.67,8.14,6.75,3.28,3.57,6.74,Saturday,May,2012,0,0,0
5/13/2012,302694,324919,189689,5.53,8.47,6.28,2.99,2.51,3.21,Sunday,May,2012,0,0,0
5/14/2012,322790,351959,212957,6.43,9.24,7.84,4.91,4.6,5.1,Monday,May,2012,0,0,0
5/15/2012,318894,343453,211183,6.29,10.40,9.96,1.87,3.06,3.37,Tuesday,May,2012,0,0,0
5/16/2012,316210,346667,212654,6.57,9.65,12.01,1.42,1.87,4.26,Wednesday,May,2012,0,0,0
5/17/2012,290650,318428,196145,6.39,8.78,13.03,1.24,2.42,3.79,Thursday,May,2012,1,1,1
5/18/2012,309669,322573,205169,6.69,9.35,9.24,1.68,3.54,6.64,Friday,May,2012,0,0,0
5/19/2012,297962,296200,193208,7.07,11.16,9.77,1.43,2.6,3.19,Saturday,May,2012,0,0,0
5/20/2012,281798,285561,183912,8.73,13.62,11.46,1.31,2.35,2.56,Sunday,May,2012,0,0,0
5/21/2012,300023,346384,202138,11.43,15.08,13.53,1.86,2.62,2.44,Monday,May,2012,0,0,0
5/22/2012,286517,343974,202834,13.86,16.00,13.15,1.58,3.26,3.82,Tuesday,May,2012,0,0,0
5/23/2012,278611,343327,202619,15.36,16.06,11.61,1.28,2.05,3.34,Wednesday,May,2012,0,0,0
5/24/2012,280158,343273,205464,16.12,16.54,12.16,1.25,1.08,1.71,Thursday,May,2012,0,0,0
5/25/2012,274301,330539,204098,15.97,17.24,14.49,1.58,1.21,2.95,Friday,May,2012,0,0,0
5/26/2012,249831,288156,184006,15.34,15.76,14.01,1.74,2.71,3.32,Saturday,May,2012,0,0,0
5/27/2012,238036,285249,173416,15.03,15.94,15.06,1.43,1.97,2.49,Sunday,May,2012,1,1,1
5/28/2012,258824,336328,195487,10.67,14.58,11.78,2.33,3.12,4.4,Monday,May,2012,1,0,0
5/29/2012,289577,341410,198127,7.83,10.09,9.40,1.72,2.81,2.06,Tuesday,May,2012,0,0,0
5/30/2012,292519,350332,200610,7.91,10.43,9.25,1.23,2.21,3.07,Wednesday,May,2012,0,0,0
5/31/2012,296044,354538,204629,7.48,10.41,8.89,1.29,2.08,3.57,Thursday,May,2012,0,0,0
6/1/2012,300164,349119,209192,5.84,8.20,9.28,2.45,3.82,5.13,Friday,June,2012,0,0,0
6/2/2012,279974,324178,194870,6.61,7.46,9.34,3.1,5.61,8.01,Saturday,June,2012,0,0,0
6/3/2012,275973,318501,187262,7.66,8.96,9.56,2.66,3.41,6.12,Sunday,June,2012,0,0,0
6/4/2012,295346,353159,206297,8.51,10.13,10.20,1.1,2.47,3.56,Monday,June,2012,0,0,0
6/5/2012,292026,353115,208998,8.43,10.73,10.44,1.17,1.77,3.41,Tuesday,June,2012,0,0,0
6/6/2012,290427,322328,207602,9.00,11.19,10.78,1.3,1.7,3.58,Wednesday,June,2012,0,1,0
6/7/2012,288057,343841,207320,10.19,12.08,11.38,1.27,1.35,3.13,Thursday,June,2012,0,0,0
6/8/2012,284840,334390,204783,10.95,12.70,12.86,1.51,2.13,2.5,Friday,June,2012,0,0,0
6/9/2012,267094,297251,189557,10.79,12.53,12.24,1.83,1.94,4.17,Saturday,June,2012,0,0,0
6/10/2012,262778,297897,181871,10.83,12.84,12.36,1.17,2.5,4.42,Sunday,June,2012,0,0,0
6/11/2012,287941,346809,200897,11.00,13.03,13.32,0.9,1.95,2.73,Monday,June,2012,0,0,0
6/12/2012,289962,345798,200123,10.58,13.29,14.10,1.21,1.25,3.84,Tuesday,June,2012,0,0,0
6/13/2012,288652,339695,200285,9.88,13.77,15.06,1.87,1.62,2.69,Wednesday,June,2012,0,0,0
6/14/2012,293508,343366,199425,9.39,12.89,15.74,0.95,2.73,3.37,Thursday,June,2012,0,0,0
6/15/2012,289767,336428,198938,9.66,12.58,15.72,1.53,1.83,2.17,Friday,June,2012,0,0,0
6/16/2012,266041,304946,181064,10.62,13.72,16.70,2.46,2.54,2.87,Saturday,June,2012,0,0,0
6/17/2012,257395,298154,180265,11.61,13.68,13.71,1.91,2.6,5.09,Sunday,June,2012,0,0,0
6/18/2012,287366,349612,198707,10.77,14.71,14.57,2.12,2.94,6.44,Monday,June,2012,0,0,0
6/19/2012,284990,348963,190424,10.87,13.99,13.23,2.32,3.31,5.04,Tuesday,June,2012,0,0,0
6/20/2012,281410,346324,181139,11.18,14.50,12.82,1.45,1.4,5.93,Wednesday,June,2012,0,0,0
6/21/2012,279765,334394,173819,12.74,15.38,13.32,1.42,1.83,3.86,Thursday,June,2012,0,0,0
6/22/2012,274997,284040,152685,13.98,14.72,14.49,2.23,2.76,2.87,Friday,June,2012,0,0,0
6/23/2012,253381,276896,146604,12.33,14.03,14.55,2.28,1.57,5.65,Saturday,June,2012,0,1,1
6/24/2012,251583,285083,150709,11.96,13.63,12.27,1.82,2.04,5.61,Sunday,June,2012,0,0,0
6/25/2012,279363,337767,179244,12.26,12.01,12.83,1.96,3.73,4.31,Monday,June,2012,0,0,0
6/26/2012,281424,334813,188460,11.85,14.44,14.14,2.19,2.65,3.38,Tuesday,June,2012,0,0,0
6/27/2012,281300,337297,195827,11.47,13.72,13.07,1.72,2.21,3.8,Wednesday,June,2012,0,0,0
6/28/2012,280211,334014,200236,11.80,14.36,11.41,1.66,1.71,3.69,Thursday,June,2012,0,0,0
6/29/2012,277915,324051,200960,12.57,15.95,12.83,2.37,3.31,2.09,Friday,June,2012,0,0,0
6/30/2012,258299,290707,187294,13.41,16.74,13.93,3.06,3.3,4.81,Saturday,June,2012,0,0,0
7/1/2012,250430,284736,180213,12.69,16.61,16.67,2.77,3.09,3.51,Sunday,July,2012,0,0,0
7/2/2012,275384,324603,199874,12.25,15.53,16.39,2.5,3.48,5.37,Monday,July,2012,0,0,0
7/3/2012,277330,324305,202103,12.88,16.30,16.06,1.27,1.76,3.96,Tuesday,July,2012,0,0,0
7/4/2012,274505,327489,199850,14.85,17.11,17.10,1.27,2.03,1.94,Wednesday,July,2012,0,0,0
7/5/2012,268768,327396,201115,17.17,17.53,18.63,1.47,2.53,3.55,Thursday,July,2012,0,0,0
7/6/2012,265696,314540,196244,16.83,17.98,19.43,2.07,2.65,4.8,Friday,July,2012,0,0,0
7/7/2012,250402,278228,182114,15.42,18.63,19.65,1.41,2.04,4.56,Saturday,July,2012,0,0,0
7/8/2012,244590,273944,177037,14.88,18.07,19.26,0.93,2.04,3.27,Sunday,July,2012,0,0,0
7/9/2012,264212,300606,195962,14.08,17.93,17.47,0.72,2.53,5.87,Monday,July,2012,0,0,0
7/10/2012,261559,304436,194996,13.81,15.68,16.53,1.05,2.06,5.32,Tuesday,July,2012,0,0,0
7/11/2012,260380,308256,194976,13.13,15.69,15.92,2.15,2.73,6.39,Wednesday,July,2012,0,0,0
7/12/2012,264145,307529,194506,12.55,15.13,16.73,1.36,2.54,3.21,Thursday,July,2012,0,0,0
7/13/2012,261011,296913,195323,12.69,14.70,15.85,2.02,2.46,4.74,Friday,July,2012,0,0,0
7/14/2012,248326,268731,180870,12.62,14.95,15.56,2.2,3.08,5.31,Saturday,July,2012,0,0,0
7/15/2012,243298,264299,175226,12.32,14.63,15.49,1.07,2.83,4.34,Sunday,July,2012,0,0,0
7/16/2012,261201,286865,193800,11.94,14.64,15.10,1.64,3.47,7.02,Monday,July,2012,0,0,0
7/17/2012,259228,286529,192889,11.97,14.48,14.89,1.61,1.66,5.22,Tuesday,July,2012,0,0,0
7/18/2012,261291,287636,190002,11.68,14.53,15.10,1.86,1.08,3.55,Wednesday,July,2012,0,0,0
7/19/2012,261746,290270,192578,11.98,14.39,15.34,1.17,1.62,5.25,Thursday,July,2012,0,0,0
7/20/2012,260406,285969,192187,11.10,14.99,15.15,1.92,0.95,2.97,Friday,July,2012,0,0,0
7/21/2012,251184,261036,176597,11.04,14.28,14.48,1.49,2.54,3.52,Saturday,July,2012,0,0,0
7/22/2012,244614,259663,171590,11.69,15.41,14.34,2.38,3.09,4.45,Sunday,July,2012,0,0,0
7/23/2012,259014,281230,188113,13.75,16.75,14.72,2.69,4.59,7.68,Monday,July,2012,0,0,0
7/24/2012,259102,280688,184794,15.19,19.06,17.29,1.96,3.63,5.97,Tuesday,July,2012,0,0,0
7/25/2012,260603,284114,184468,15.12,19.82,18.21,1.46,2.84,4.65,Wednesday,July,2012,0,0,0
7/26/2012,260843,284214,184733,14.46,18.64,17.45,1.35,2.4,2.23,Thursday,July,2012,0,0,0
7/27/2012,261238,289017,188138,14.18,18.04,17.60,1.81,2.32,1.44,Friday,July,2012,0,0,0
7/28/2012,248694,268462,176724,13.81,18.90,19.23,1.55,3.06,3.09,Saturday,July,2012,0,0,0
7/29/2012,241969,264198,171525,13.56,16.77,21.62,2.09,2.33,3.53,Sunday,July,2012,0,0,0
7/30/2012,264016,290052,193098,13.71,16.16,20.78,1.8,2.65,4.41,Monday,July,2012,0,0,0
7/31/2012,266323,292096,192948,12.50,14.87,17.83,1.6,3.3,5.52,Tuesday,July,2012,0,0,0
8/1/2012,267066,298204,192380,13.02,15.39,15.94,1.87,3.17,5.55,Wednesday,August,2012,0,0,0
8/2/2012,266844,298764,191489,14.10,18.05,16.50,1.75,3.02,5.06,Thursday,August,2012,0,0,0
8/3/2012,264160,297409,194218,14.48,17.87,17.77,1.8,2.62,3.81,Friday,August,2012,0,0,0
8/4/2012,248762,269557,179385,13.76,17.00,17.39,1.6,3.04,4.67,Saturday,August,2012,0,0,0
8/5/2012,247386,269718,172923,13.42,17.11,17.14,1.83,2.8,4.8,Sunday,August,2012,0,0,0
8/6/2012,273552,314959,195059,12.96,16.61,17.16,1.35,2.06,3.38,Monday,August,2012,0,0,0
8/7/2012,271600,318635,200045,12.65,15.57,15.93,1.6,2.65,6.93,Tuesday,August,2012,0,0,0
8/8/2012,275434,326301,203329,11.99,14.62,12.94,2.1,2.07,5.57,Wednesday,August,2012,0,0,0
8/9/2012,276376,326574,204615,12.26,14.43,11.70,1.02,2.14,3.1,Thursday,August,2012,0,0,0
8/10/2012,271429,319824,206187,13.12,14.05,11.63,1.33,2.15,3.95,Friday,August,2012,0,0,0
8/11/2012,257174,287429,190029,14.21,15.28,12.53,1.36,1.43,2.57,Saturday,August,2012,0,0,0
8/12/2012,251901,280809,183645,14.63,16.08,14.28,0.92,1.84,1.81,Sunday,August,2012,0,0,0
8/13/2012,274587,322168,205143,15.57,15.69,15.66,1.23,2.37,3.02,Monday,August,2012,0,0,0
8/14/2012,270939,322514,206121,15.35,15.91,17.14,1.43,2.65,5.04,Tuesday,August,2012,0,0,0
8/15/2012,267583,323612,203915,15.52,17.05,17.69,0.86,2.58,3.57,Wednesday,August,2012,0,0,0
8/16/2012,273572,325979,204572,15.65,17.28,17.83,1.26,1.6,2.39,Thursday,August,2012,0,0,0
8/17/2012,272631,316904,204306,15.32,17.52,17.23,1.47,1.13,0.81,Friday,August,2012,0,0,0
8/18/2012,255980,282363,186193,14.84,17.49,17.21,1.75,2.5,2.99,Saturday,August,2012,0,0,0
8/19/2012,244373,281489,184162,15.89,19.25,15.06,1.73,2.64,3.67,Sunday,August,2012,0,0,0
8/20/2012,277606,327255,202534,14.61,17.54,12.09,1.8,2.6,5.13,Monday,August,2012,0,0,0
8/21/2012,276325,329241,202427,14.55,17.00,12.57,1.46,2.97,4.6,Tuesday,August,2012,0,0,0
8/22/2012,277715,331356,204744,12.93,15.48,13.97,1.03,1.7,4.44,Wednesday,August,2012,0,0,0
8/23/2012,281531,332215,204051,11.96,14.87,13.25,1.14,2.03,4.81,Thursday,August,2012,0,0,0
8/24/2012,283977,321548,206228,11.65,14.62,13.46,0.82,1.18,2.99,Friday,August,2012,0,0,0
8/25/2012,263138,283931,189924,12.15,14.91,13.46,1.3,1.85,2.03,Saturday,August,2012,0,0,0
8/26/2012,259586,280382,183347,11.35,14.93,14.15,2.01,2.64,3.33,Sunday,August,2012,0,0,0
8/27/2012,288162,326963,204237,10.58,13.15,14.06,1.63,3.82,4.52,Monday,August,2012,0,0,0
8/28/2012,292818,336744,202983,11.95,13.40,13.57,2.73,1.94,5.05,Tuesday,August,2012,0,0,0
8/29/2012,285005,334976,204166,13.25,15.72,13.46,1.71,2.16,2.63,Wednesday,August,2012,0,0,0
8/30/2012,286368,333498,205980,12.72,15.94,13.54,2.38,3.45,2.35,Thursday,August,2012,0,0,0
8/31/2012,284959,329351,207796,11.33,14.40,12.64,1.9,2.73,5.85,Friday,August,2012,0,0,0
9/1/2012,266240,297233,196593,11.96,14.38,11.48,1.82,1.89,7.51,Saturday,September,2012,0,0,0
9/2/2012,252952,296066,189465,13.38,15.03,13.14,2.3,3.62,7.39,Sunday,September,2012,0,0,0
9/3/2012,279246,340184,206305,13.05,15.37,13.38,1.87,2.95,6.17,Monday,September,2012,0,0,0
9/4/2012,280785,343885,207566,12.86,15.25,13.20,3.11,3.63,4.62,Tuesday,September,2012,0,0,0
9/5/2012,287538,340024,203500,10.31,14.04,14.08,2.97,4.19,8.25,Wednesday,September,2012,0,0,0
9/6/2012,297578,345560,206488,8.45,11.92,11.00,1.75,3.27,6.16,Thursday,September,2012,0,0,0
9/7/2012,294288,335187,215849,9.40,12.67,9.02,2.38,2.99,5.97,Friday,September,2012,0,0,0
9/8/2012,277950,304579,199049,9.36,12.34,8.21,2.23,3.56,7.13,Saturday,September,2012,0,0,0
9/9/2012,273557,307380,191794,10.65,12.31,8.85,1.91,2.55,6.33,Sunday,September,2012,0,0,0
9/10/2012,288966,341305,213855,12.92,16.14,10.76,2.6,2.85,4.75,Monday,September,2012,0,0,0
9/11/2012,284399,336643,212210,10.95,16.06,14.17,3.14,3.15,4.8,Tuesday,September,2012,0,0,0
9/12/2012,294623,337446,207018,8.23,12.10,13.96,2.07,3.02,4.56,Wednesday,September,2012,0,0,0
9/13/2012,303562,347732,208556,8.26,11.14,11.14,2.13,3.15,4.93,Thursday,September,2012,0,0,0
9/14/2012,294412,347476,214915,10.09,11.36,11.13,3.24,5.11,8.45,Friday,September,2012,0,0,0
9/15/2012,272627,304275,193916,10.26,12.62,11.79,2.07,2.76,7.29,Saturday,September,2012,0,0,0
9/16/2012,269330,300914,186932,10.52,13.52,11.97,2.53,3.66,6.45,Sunday,September,2012,0,0,0
9/17/2012,290640,349103,214585,9.68,13.50,12.97,2.73,4.47,8.78,Monday,September,2012,0,0,0
9/18/2012,298993,354279,211539,8.59,12.02,12.22,2.3,3.14,5.49,Tuesday,September,2012,0,0,0
9/19/2012,304122,360291,214336,6.98,10.17,11.84,1.66,3.15,5.22,Wednesday,September,2012,0,0,0
9/20/2012,310478,364574,216362,6.34,9.34,9.68,1.78,3.29,7.39,Thursday,September,2012,0,0,0
9/21/2012,315890,367758,221991,6.08,9.16,8.69,1.58,2.04,5.42,Friday,September,2012,0,0,0
9/22/2012,300164,334811,204392,6.14,9.15,9.29,3.28,2.75,4.81,Saturday,September,2012,0,0,0
9/23/2012,296755,326640,200182,6.73,9.22,8.34,2.23,3.65,5.91,Sunday,September,2012,0,0,0
9/24/2012,322439,368590,224303,7.43,8.23,7.63,2.02,3.89,6.85,Monday,September,2012,0,0,0
9/25/2012,331337,369531,227549,6.49,9.50,7.03,2.77,2.3,3.66,Tuesday,September,2012,0,0,0
9/26/2012,328355,370331,226265,7.61,10.91,7.48,1.59,2.58,4.73,Wednesday,September,2012,0,0,0
9/27/2012,322693,369036,224037,7.61,11.27,10.95,0.96,2.7,4.71,Thursday,September,2012,0,0,0
9/28/2012,324550,361594,218720,7.35,10.16,9.47,1.89,2.81,5.97,Friday,September,2012,0,0,0
9/29/2012,299631,328221,205488,7.59,9.94,8.83,1.84,3.06,5.18,Saturday,September,2012,0,0,0
9/30/2012,295004,323440,198861,7.66,10.07,9.12,1.69,2.61,5.88,Sunday,September,2012,0,0,0
10/1/2012,311433,373809,222454,9.38,11.69,9.88,1.88,3.25,6.17,Monday,October,2012,0,0,0
10/2/2012,314467,369557,221605,8.58,11.90,11.24,2.21,2.82,5.69,Tuesday,October,2012,0,0,0
10/3/2012,318371,370418,220412,8.11,11.25,11.29,2.73,3.01,3.85,Wednesday,October,2012,0,0,0
10/4/2012,318820,374754,221605,7.11,9.79,10.66,1.74,2.13,5.01,Thursday,October,2012,0,0,0
10/5/2012,327054,373680,225510,5.95,8.29,9.43,1.3,2.8,7.96,Friday,October,2012,0,0,0
10/6/2012,310559,343269,207943,5.58,8.19,7.88,1.78,3.34,7.25,Saturday,October,2012,0,0,0
10/7/2012,305030,336459,200421,6.45,8.59,7.58,2.6,3.7,7.27,Sunday,October,2012,0,0,0
10/8/2012,351393,374936,220632,5.65,8.40,6.75,1.9,2.63,3.68,Monday,October,2012,0,0,0
10/9/2012,343376,390881,221022,4.59,6.42,5.99,3.04,3.32,2.92,Tuesday,October,2012,0,0,0
10/10/2012,370460,401446,221672,4.58,5.86,5.73,1.9,3.15,2.05,Wednesday,October,2012,0,0,0
10/11/2012,350233,405996,225330,4.09,5.25,5.11,1.25,2.52,3.6,Thursday,October,2012,0,0,0
10/12/2012,352877,399763,233224,3.29,4.44,4.40,1.83,1.77,1.89,Friday,October,2012,0,0,0
10/13/2012,336493,361689,218392,3.18,5.21,3.88,2.16,2.37,1.98,Saturday,October,2012,0,0,0
10/14/2012,339812,358508,212042,2.50,6.06,3.88,2.45,2.75,5.13,Sunday,October,2012,0,0,0
10/15/2012,364836,383404,235431,3.81,6.49,4.26,2.61,2.46,5.43,Monday,October,2012,0,0,0
10/16/2012,364938,378471,233139,3.72,7.05,7.03,1.64,3.49,9,Tuesday,October,2012,0,0,0
10/17/2012,352457,373699,233593,5.25,8.53,5.93,1.42,3.42,5.42,Wednesday,October,2012,0,0,0
10/18/2012,348982,363404,231155,6.47,10.22,7.61,2.02,2.6,7.02,Thursday,October,2012,0,0,0
10/19/2012,340813,352971,229648,5.77,10.71,9.24,1.56,2.78,6.98,Friday,October,2012,0,0,0
10/20/2012,328734,326529,217503,5.09,9.36,5.61,1.64,2.19,3.71,Saturday,October,2012,0,0,0
10/21/2012,325698,329369,216886,4.67,8.40,3.65,1.16,1.87,3.84,Sunday,October,2012,0,0,0
10/22/2012,359418,407890,241455,4.02,6.58,2.24,0.8,1.42,2.99,Monday,October,2012,0,0,0
10/23/2012,365859,411829,242043,3.30,5.91,2.85,1.26,2.14,2.97,Tuesday,October,2012,0,0,0
10/24/2012,367159,419633,240837,3.01,5.97,3.54,1.29,2.99,7.34,Wednesday,October,2012,0,0,0
10/25/2012,386086,430860,251100,-0.19,2.70,-0.63,3.03,2.79,2.77,Thursday,October,2012,0,0,0
10/26/2012,396599,443524,260995,-0.14,1.25,-2.84,3.05,4.22,5.99,Friday,October,2012,0,0,0
10/27/2012,372412,406395,250148,-0.35,0.42,-2.95,2.09,2.48,3.07,Saturday,October,2012,0,0,0
10/28/2012,377930,415686,242579,-1.45,-0.84,-2.32,1.19,1.85,3.11,Sunday,October,2012,0,0,0
10/29/2012,409514,440551,257719,-1.06,2.08,-0.89,1.48,4.57,6.17,Monday,October,2012,0,0,0
10/30/2012,419039,431025,255027,-3.45,2.83,0.34,1.69,3.75,7.86,Tuesday,October,2012,0,0,0
10/31/2012,412209,427772,256188,0.69,3.01,0.11,2.03,2.8,5.02,Wednesday,October,2012,0,0,0
11/1/2012,382554,412049,251005,3.39,5.76,3.08,2.81,4.53,8.38,Thursday,November,2012,0,0,0
11/2/2012,378688,398066,251788,3.14,5.85,3.73,2.01,3.47,8.44,Friday,November,2012,0,0,0
11/3/2012,359678,366346,224550,2.49,4.47,3.84,1.75,1.77,3.66,Saturday,November,2012,0,1,1
11/4/2012,359495,369832,227505,1.32,3.66,2.20,0.78,1.23,1.58,Sunday,November,2012,0,0,0
11/5/2012,396201,426796,253092,0.05,3.07,2.20,1.88,2.49,5.7,Monday,November,2012,0,0,0
11/6/2012,405847,436090,255013,-0.55,2.37,0.43,1.77,3.2,8.06,Tuesday,November,2012,0,0,0
11/7/2012,413150,433684,255039,0.26,3.36,0.70,1.66,4.27,9.18,Wednesday,November,2012,0,0,0
11/8/2012,403100,429730,251166,0.85,3.77,-0.27,1.49,1.73,5.33,Thursday,November,2012,0,0,0
11/9/2012,404918,433477,259759,1.10,2.33,-2.54,1.51,1.91,4.05,Friday,November,2012,0,0,0
11/10/2012,361171,371693,244383,4.11,5.99,1.01,2.55,3.71,7.57,Saturday,November,2012,0,0,0
11/11/2012,348378,355861,229260,3.57,6.53,3.44,1.94,3.48,7.91,Sunday,November,2012,0,0,0
11/12/2012,392127,420443,248594,1.31,4.54,4.05,2.04,4.12,10.18,Monday,November,2012,0,0,0
11/13/2012,402914,441583,256380,2.33,3.14,0.42,1.4,2.6,6.54,Tuesday,November,2012,0,0,0
11/14/2012,371507,416862,252917,5.28,7.59,3.92,1.8,3.81,8.12,Wednesday,November,2012,0,0,0
11/15/2012,379153,410446,243827,3.30,6.32,3.42,2.01,3.23,6.69,Thursday,November,2012,0,0,0
11/16/2012,382929,413838,252571,3.76,5.61,2.03,1.75,2.96,5.64,Friday,November,2012,0,0,0
11/17/2012,360855,383348,232834,2.94,4.26,4.23,2.29,2.89,6.14,Saturday,November,2012,0,0,0
11/18/2012,359566,386082,225432,2.10,4.14,4.05,1.73,3.47,7.52,Sunday,November,2012,0,0,0
11/19/2012,396831,432283,248783,2.19,3.32,3.07,2.54,3.36,7.45,Monday,November,2012,0,0,0
11/20/2012,375297,423267,250002,5.08,5.38,4.54,2.92,3.68,8.79,Tuesday,November,2012,0,0,0
11/21/2012,370350,416869,245545,5.41,6.02,5.96,2.61,3.46,7.19,Wednesday,November,2012,0,0,0
11/22/2012,377855,417061,244849,4.57,6.22,4.32,1.9,3.15,6.96,Thursday,November,2012,0,0,0
11/23/2012,374837,406458,250473,4.39,5.41,4.71,3.19,3,5.46,Friday,November,2012,0,0,0
11/24/2012,366701,377874,233805,1.47,4.68,4.27,1.09,2.37,4.29,Saturday,November,2012,0,0,0
11/25/2012,375529,394217,229135,-0.15,3.11,2.97,1.8,1.74,3.34,Sunday,November,2012,0,0,0
11/26/2012,417268,435447,253698,0.20,4.25,1.48,2.99,2.96,0.9,Monday,November,2012,0,0,0
11/27/2012,426299,438502,259126,-0.33,3.23,-0.30,3.35,4.96,5.16,Tuesday,November,2012,0,0,0
11/28/2012,425788,454062,271264,-0.97,1.53,-3.01,2.35,5.43,10.12,Wednesday,November,2012,0,0,0
11/29/2012,441930,469988,284776,-3.46,-0.36,-5.14,2.38,4.55,11.39,Thursday,November,2012,0,0,0
11/30/2012,455209,474049,294346,-5.04,-2.33,-7.66,2.65,3.76,13.2,Friday,November,2012,0,0,0
12/1/2012,445102,465823,280711,-7.14,-4.96,-10.11,2.21,2.59,5.76,Saturday,December,2012,0,0,0
12/2/2012,457601,489518,278824,-9.50,-7.63,-11.73,2.21,2.49,3.2,Sunday,December,2012,0,0,0
12/3/2012,504558,556300,310126,-10.97,-9.65,-13.89,2.36,2.23,3.99,Monday,December,2012,0,0,0
12/4/2012,516533,549960,314741,-12.36,-7.34,-12.84,2.65,2.48,4.61,Tuesday,December,2012,0,0,0
12/5/2012,518841,542733,312807,-10.71,-5.81,-11.52,2.98,5.27,5.45,Wednesday,December,2012,0,0,0
12/6/2012,515650,537445,284424,-10.79,-6.37,-7.61,2.68,1.99,5.74,Thursday,December,2012,0,0,1
12/7/2012,507286,532865,287361,-9.70,-7.57,-5.76,2.28,2.14,5.36,Friday,December,2012,0,0,0
12/8/2012,476837,496715,268961,-9.22,-7.32,-4.49,1.95,2.15,2.77,Saturday,December,2012,0,0,0
12/9/2012,460268,496626,261022,-6.41,-6.98,-4.69,1.77,1.8,4.72,Sunday,December,2012,0,0,0
12/10/2012,492124,533214,282911,-8.23,-4.57,-6.41,1.96,2.79,6.14,Monday,December,2012,0,0,0
12/11/2012,504971,542246,283246,-10.48,-5.40,-6.04,2.29,3.81,7.68,Tuesday,December,2012,0,0,0
12/12/2012,506383,551384,277381,-10.44,-8.48,-3.14,1.45,2.07,5.39,Wednesday,December,2012,0,0,0
12/13/2012,499261,567520,278643,-8.28,-10.93,-4.89,1.13,2.11,6.74,Thursday,December,2012,0,0,0
12/14/2012,496284,548439,284374,-7.58,-7.94,-4.52,1.66,2.09,7,Friday,December,2012,0,0,0
12/15/2012,459152,468626,273985,-3.34,-0.12,-6.11,2.87,5.05,10.84,Saturday,December,2012,0,0,0
12/16/2012,424235,439269,270454,-0.48,1.03,-6.45,1.77,2.74,11.27,Sunday,December,2012,0,0,0
12/17/2012,441536,476895,287946,-0.98,0.46,-6.76,1.67,2.15,8.88,Monday,December,2012,0,0,0
12/18/2012,448134,485094,296210,-2.79,-1.12,-9.03,1.91,1.97,7.54,Tuesday,December,2012,0,0,0
12/19/2012,460762,499330,303053,-4.80,-2.68,-11.25,1.95,1.8,6.52,Wednesday,December,2012,0,0,0
12/20/2012,481035,502356,303109,-7.87,-3.58,-12.42,1.82,1.65,4.77,Thursday,December,2012,0,0,0
12/21/2012,479800,501186,299477,-8.33,-3.98,-12.94,1.68,2.38,5.98,Friday,December,2012,0,0,0
12/22/2012,458397,472470,288554,-8.26,-4.36,-14.83,1.98,2.46,6.31,Saturday,December,2012,0,0,0
12/23/2012,450439,467661,273972,-6.27,-3.93,-13.34,2.7,3.39,7.3,Sunday,December,2012,0,0,0
12/24/2012,446555,447226,260514,-5.87,-1.90,-12.31,1.65,2.63,7.97,Monday,December,2012,0,0,0
12/25/2012,425567,432341,247723,-4.62,-0.93,-12.79,1.42,3.05,5.65,Tuesday,December,2012,1,1,1
12/26/2012,419773,425565,255384,-3.63,0.54,-13.22,1.35,2.61,5.05,Wednesday,December,2012,1,1,1
12/27/2012,448755,451867,251475,-7.26,-1.50,-2.72,2.57,2.86,6.49,Thursday,December,2012,0,0,0
12/28/2012,459175,478321,268752,-5.93,-4.16,-6.03,2.22,3.55,6.42,Friday,December,2012,0,0,0
12/29/2012,413508,435457,276251,0.61,1.30,-9.26,2.38,3.26,5.06,Saturday,December,2012,0,0,0
12/30/2012,387168,402442,257328,0.85,3.24,-1.45,2.25,3.49,7.19,Sunday,December,2012,0,0,0
12/31/2012,397731,362022,259610,0.73,3.38,0.65,2.17,3.67,6.96,Monday,December,2012,0,0,0
1/1/2013,389081,383381,246010,-1.28,3.22,1.68,1.88,3.93,7.58,Tuesday,January,2013,1,1,1
1/2/2013,432556,435499,266239,-2.91,0.51,0.40,1.87,3.02,5.52,Wednesday,January,2013,0,0,0
1/3/2013,428884,446887,268028,0.29,1.76,-1.18,2.2,2.36,4.06,Thursday,January,2013,0,0,0
1/4/2013,418382,437395,272915,0.61,2.42,-1.71,1.43,3.38,3.48,Friday,January,2013,0,0,0
1/5/2013,400043,428546,266590,0.28,-1.45,-6.19,1.29,1.91,6.4,Saturday,January,2013,0,0,0
1/6/2013,393507,425090,263162,0.03,-0.17,-7.91,1.4,1.3,4.8,Sunday,January,2013,0,1,1
1/7/2013,428604,477041,289074,0.04,-0.27,-6.52,1.4,2.27,3.22,Monday,January,2013,0,0,0
1/8/2013,430702,471757,279970,-1.02,0.93,-2.17,1.86,2.26,7.74,Tuesday,January,2013,0,0,0
1/9/2013,441428,476397,275862,-1.80,-0.07,-2.77,1.62,2.3,5.52,Wednesday,January,2013,0,0,0
1/10/2013,452961,498162,281218,-3.99,-2.23,-5.72,2.74,3.72,6.35,Thursday,January,2013,0,0,0
1/11/2013,470552,502798,293166,-6.24,-3.50,-9.11,2.62,4.14,9.27,Friday,January,2013,0,0,0
1/12/2013,465086,474828,281345,-8.24,-4.89,-10.66,2.19,2.2,3.85,Saturday,January,2013,0,0,0
1/13/2013,468825,482585,269725,-9.69,-6.22,-7.46,1.51,2.1,4.16,Sunday,January,2013,0,0,0
1/14/2013,508399,536505,282619,-9.75,-6.48,-5.95,1.25,1.96,5.82,Monday,January,2013,0,0,0
1/15/2013,512914,526571,287083,-10.19,-4.99,-7.35,2.08,2.31,3.29,Tuesday,January,2013,0,0,0
1/16/2013,516077,535735,293268,-10.40,-6.27,-9.14,2.13,1.08,4.26,Wednesday,January,2013,0,0,0
1/17/2013,507832,534173,303228,-9.36,-6.02,-12.37,1.83,2.51,5.85,Thursday,January,2013,0,0,0
1/18/2013,503428,540980,317355,-9.39,-8.05,-16.68,1.35,2.27,4.59,Friday,January,2013,0,0,0
1/19/2013,486010,518236,291715,-11.22,-10.66,-11.86,2.09,2.07,3.68,Saturday,January,2013,0,0,0
1/20/2013,466134,493044,271547,-8.11,-7.01,-8.94,2.03,2.99,3.96,Sunday,January,2013,0,0,0
1/21/2013,503428,544600,292323,-9.63,-6.27,-11.14,2.24,2.61,4.63,Monday,January,2013,0,0,0
1/22/2013,535264,561835,285764,-11.31,-8.49,-8.09,1.97,2.31,5.28,Tuesday,January,2013,0,0,0
1/23/2013,526266,574382,289580,-12.60,-11.33,-9.83,2.3,2.02,3.46,Wednesday,January,2013,0,0,0
1/24/2013,517967,576932,297158,-11.69,-11.81,-10.92,1.83,2.28,4.24,Thursday,January,2013,0,0,0
1/25/2013,512027,570168,298332,-9.77,-10.70,-9.14,1.21,2.53,4.34,Friday,January,2013,0,0,0
1/26/2013,468173,491112,276009,-5.27,-5.25,-4.94,1.62,3.28,6.92,Saturday,January,2013,0,0,0
1/27/2013,442469,471807,263005,-4.55,-2.88,-5.76,1.81,3.11,8.43,Sunday,January,2013,0,0,0
1/28/2013,450756,485870,286842,-1.85,1.06,-5.43,2.23,4.26,7.92,Monday,January,2013,0,0,0
1/29/2013,442349,478497,271640,-1.12,1.18,-0.54,1.84,2.89,6.02,Tuesday,January,2013,0,0,0
1/30/2013,431588,464730,268920,0.08,2.74,-0.98,2.53,3.77,7.91,Wednesday,January,2013,0,0,0
1/31/2013,428381,459446,267396,-1.54,1.24,0.23,2.25,2.8,4.57,Thursday,January,2013,0,0,0
2/1/2013,455580,480741,273624,-6.35,-3.23,-3.08,1.86,1.99,4.27,Friday,February,2013,0,0,0
2/2/2013,435773,453839,262378,-5.53,-4.55,-4.49,2.23,1.91,3.7,Saturday,February,2013,0,0,0
2/3/2013,429075,457650,253740,-5.30,-4.07,-5.46,1.52,1.81,1.59,Sunday,February,2013,0,0,0
2/4/2013,455746,488125,276583,-3.58,-0.63,-4.80,1.68,3.32,4.49,Monday,February,2013,0,0,0
2/5/2013,452689,478719,278981,-4.32,-0.33,-4.64,1.98,2.54,5.55,Tuesday,February,2013,0,0,0
2/6/2013,451743,487430,284326,-4.31,-1.90,-5.94,2.35,2.39,4.91,Wednesday,February,2013,0,0,0
2/7/2013,463795,497935,286310,-7.83,-3.04,-6.33,2.29,2.26,3.74,Thursday,February,2013,0,0,0
2/8/2013,476382,497693,290881,-8.83,-3.48,-6.70,2.08,3.86,6.3,Friday,February,2013,0,0,0
2/9/2013,462310,475965,268752,-10.49,-5.18,-4.05,2.37,2.9,3.24,Saturday,February,2013,0,0,0
2/10/2013,453470,467737,254826,-8.91,-5.94,-2.52,1.9,2.82,3.03,Sunday,February,2013,0,0,0
2/11/2013,485258,512768,273021,-8.68,-5.74,-2.57,1.73,2.05,2.62,Monday,February,2013,0,0,0
2/12/2013,482406,514697,275140,-7.37,-4.09,-3.19,1.86,1.96,4.7,Tuesday,February,2013,0,0,0
2/13/2013,472867,510167,271232,-6.87,-3.27,-1.37,1.44,1.72,3.36,Wednesday,February,2013,0,0,0
2/14/2013,468769,494907,269933,-4.40,-1.80,-1.69,1.57,1.95,3.58,Thursday,February,2013,0,0,0
2/15/2013,454981,475678,273525,-3.74,-0.35,-3.30,1.36,2,2.66,Friday,February,2013,0,0,0
2/16/2013,423346,433097,255513,-2.60,-0.21,-4.10,1.29,1.89,1.71,Saturday,February,2013,0,0,0
2/17/2013,410102,435615,247905,-1.19,-0.88,-2.52,1.49,2.45,3.83,Sunday,February,2013,0,0,0
2/18/2013,432616,479944,268909,-1.07,-0.71,-2.78,1.11,2.46,3.94,Monday,February,2013,0,0,0
2/19/2013,441506,493626,270960,-3.99,-2.56,-4.63,2.14,3.83,5.52,Tuesday,February,2013,0,0,0
2/20/2013,460728,507212,274998,-5.85,-3.89,-7.08,1.94,3.2,4.55,Wednesday,February,2013,0,0,0
2/21/2013,474180,514705,281204,-7.05,-5.44,-7.37,1.89,1.89,3.11,Thursday,February,2013,0,0,0
2/22/2013,462443,503078,276336,-5.63,-5.31,-4.65,1.78,1.34,3.58,Friday,February,2013,0,0,0
2/23/2013,415105,449598,257456,-1.76,-3.67,-2.93,1.35,1.6,3.44,Saturday,February,2013,0,0,0
2/24/2013,397719,438140,245264,-1.73,-2.31,-3.32,1.78,1.84,2.57,Sunday,February,2013,0,0,0
2/25/2013,430022,482263,264045,-2.30,-2.15,-3.21,1.64,1.44,2.89,Monday,February,2013,0,0,0
2/26/2013,440050,485158,261135,-2.77,-2.36,-0.89,1.63,2.22,5.24,Tuesday,February,2013,0,0,0
2/27/2013,432431,466482,256650,-1.52,-0.24,0.19,1.76,2.11,4.27,Wednesday,February,2013,0,0,0
2/28/2013,426099,467956,254808,0.04,0.82,0.82,2.76,3.68,6.31,Thursday,February,2013,0,0,0
3/1/2013,416611,456372,265597,-0.97,0.21,-4.71,2.6,4.5,6.97,Friday,March,2013,0,0,0
3/2/2013,390526,427049,271751,-0.33,-0.43,-11.15,3.32,4,5.85,Saturday,March,2013,0,0,0
3/3/2013,383725,417822,264349,-1.60,-0.89,-10.08,2.48,4.46,7.4,Sunday,March,2013,0,0,0
3/4/2013,414885,466701,295383,-1.28,-1.26,-11.37,1.53,2.61,4.69,Monday,March,2013,0,0,0
3/5/2013,419534,453544,282101,-1.53,0.28,-5.28,1.47,2.53,4.01,Tuesday,March,2013,0,0,0
3/6/2013,413072,457013,269427,-1.34,0.71,-2.50,1.76,3.17,7.04,Wednesday,March,2013,0,0,0
3/7/2013,422347,468756,278313,-3.06,-2.30,-7.98,1.7,2.66,6.29,Thursday,March,2013,0,0,0
3/8/2013,434444,473156,288736,-5.41,-3.81,-9.12,1.52,1.8,4.67,Friday,March,2013,0,0,0
3/9/2013,422005,448029,274248,-6.78,-5.40,-11.57,1.83,2.2,4.82,Saturday,March,2013,0,0,0
3/10/2013,428253,466620,272100,-8.28,-7.32,-12.49,2.28,2.06,3.67,Sunday,March,2013,0,0,0
3/11/2013,459207,512814,288385,-7.03,-7.20,-8.72,2.05,2.03,5.26,Monday,March,2013,0,0,0
3/12/2013,441175,500087,285741,-5.10,-4.89,-9.46,1.81,2.67,3.69,Tuesday,March,2013,0,0,0
3/13/2013,453077,506185,282027,-7.06,-5.83,-9.94,2.24,2.42,5.65,Wednesday,March,2013,0,0,0
3/14/2013,463095,512720,291236,-7.89,-7.13,-12.38,1.49,2.32,3.16,Thursday,March,2013,0,0,0
3/15/2013,459436,508790,289386,-6.23,-7.16,-11.11,1.29,1.88,1.57,Friday,March,2013,0,0,0
3/16/2013,421893,456089,270270,-3.43,-4.91,-9.96,1.86,2.26,2.82,Saturday,March,2013,0,0,0
3/17/2013,404724,434669,257372,-2.19,-2.76,-10.90,1.7,2.15,3.12,Sunday,March,2013,0,0,0
3/18/2013,433952,499936,282439,-4.17,-4.39,-11.80,2.27,3.01,5.4,Monday,March,2013,0,0,0
3/19/2013,456835,519541,280024,-6.92,-5.03,-9.32,2.43,3.63,6.37,Tuesday,March,2013,0,0,0
3/20/2013,462428,520329,275532,-6.11,-4.72,-7.19,3.14,3.93,8.11,Wednesday,March,2013,0,0,0
3/21/2013,451137,508523,278502,-5.51,-4.91,-9.27,2.72,3.5,5.89,Thursday,March,2013,0,0,0
3/22/2013,451141,504130,282014,-6.92,-6.51,-9.80,2.13,2.84,4.63,Friday,March,2013,0,0,0
3/23/2013,428279,455697,255337,-6.53,-5.71,-5.37,2.13,2.82,3.92,Saturday,March,2013,0,0,0
3/24/2013,403538,439782,241174,-4.61,-4.29,-4.24,2.13,2.43,3.3,Sunday,March,2013,0,0,0
3/25/2013,415511,476935,262012,-3.75,-3.08,-4.00,1.84,2.12,2.63,Monday,March,2013,0,0,0
3/26/2013,411385,467021,263622,-3.25,-2.14,-4.93,1.54,1.65,3.4,Tuesday,March,2013,0,0,0
3/27/2013,406844,466179,264376,-3.09,-2.11,-4.52,1.76,2.49,3.04,Wednesday,March,2013,0,0,0
3/28/2013,390462,456449,260648,-3.05,-1.66,-3.13,1.18,2.22,5.03,Thursday,March,2013,1,0,0
3/29/2013,385615,421537,243996,-3.39,-1.94,-4.50,1.87,2.51,3.01,Friday,March,2013,1,1,1
3/30/2013,377708,401961,241895,-3.12,-1.65,-4.29,2.13,3.61,4.29,Saturday,March,2013,0,0,0
3/31/2013,357196,377502,220124,-2.48,-1.72,-3.64,1.8,1.55,2.34,Sunday,March,2013,1,1,1
4/1/2013,377842,401271,231068,-1.65,-0.94,-3.43,2.06,2,3.84,Monday,April,2013,1,1,1
4/2/2013,394426,439965,252822,-1.03,-0.20,-2.90,2.03,2.21,3.43,Tuesday,April,2013,0,0,0
4/3/2013,392241,432941,253055,-0.51,0.35,-2.07,1.38,1.55,2.61,Wednesday,April,2013,0,0,0
4/4/2013,390509,432689,250577,-0.06,0.52,-1.17,1.82,1.73,2.63,Thursday,April,2013,0,0,0
4/5/2013,382496,420938,251911,-0.50,0.12,-1.51,1.48,3.14,3.87,Friday,April,2013,0,0,0
4/6/2013,370659,389860,233987,-1.24,0.41,-3.08,1.64,2.21,3.76,Saturday,April,2013,0,0,0
4/7/2013,363851,386226,232384,-1.51,0.32,-2.96,2.14,2.27,4.46,Sunday,April,2013,0,0,0
4/8/2013,392651,434336,251298,-1.88,-0.84,-2.93,1.65,2.92,2.67,Monday,April,2013,0,0,0
4/9/2013,392805,434968,254529,-1.65,-0.52,-3.10,0.92,1.57,2.57,Tuesday,April,2013,0,0,0
4/10/2013,391294,432380,253389,-1.46,0.00,-2.04,1.34,2.14,2.68,Wednesday,April,2013,0,0,0
4/11/2013,396862,431857,250619,-0.67,1.10,-0.33,1.97,2.19,3.6,Thursday,April,2013,0,0,0
4/12/2013,385619,428516,249445,0.46,2.13,1.64,2.07,3.01,3.52,Friday,April,2013,0,0,0
4/13/2013,350580,387421,234033,1.50,2.67,1.93,1.91,2.62,5.88,Saturday,April,2013,0,0,0
4/14/2013,356392,363640,219801,2.33,5.08,2.20,2.63,2.48,3.27,Sunday,April,2013,0,0,0
4/15/2013,355414,395192,242441,5.51,7.86,3.18,2.77,4.13,6.13,Monday,April,2013,0,0,0
4/16/2013,357024,387525,238588,4.79,7.59,4.15,2.08,2.58,5.38,Tuesday,April,2013,0,0,0
4/17/2013,345514,378652,235274,4.81,8.17,4.08,3.08,4.05,6.4,Wednesday,April,2013,0,0,0
4/18/2013,349973,384660,237358,4.82,8.38,4.47,3.91,4.72,7.12,Thursday,April,2013,0,0,0
4/19/2013,353477,384679,240619,3.37,6.58,4.10,2.55,4.19,8.3,Friday,April,2013,0,0,0
4/20/2013,337088,350959,219182,2.71,5.48,2.74,1.72,2.85,5.21,Saturday,April,2013,0,0,0
4/21/2013,324861,344587,208718,3.78,5.63,3.00,2.14,2.59,3.52,Sunday,April,2013,0,0,0
4/22/2013,349829,388609,228116,3.61,6.09,4.21,3.46,3.4,3.48,Monday,April,2013,0,0,0
4/23/2013,340320,381621,227303,4.79,7.24,4.43,3.63,4.48,6.54,Tuesday,April,2013,0,0,0
4/24/2013,346799,383917,222233,4.11,7.41,4.94,3.18,4.43,6.09,Wednesday,April,2013,0,0,0
4/25/2013,346059,380927,222990,3.90,7.30,4.73,1.96,3.12,5.38,Thursday,April,2013,0,0,0
4/26/2013,343096,372849,234569,3.47,6.47,2.94,1.75,2.4,4.62,Friday,April,2013,0,0,0
4/27/2013,325487,340660,216856,3.16,5.60,3.31,1.68,1.37,3.04,Saturday,April,2013,0,0,0
4/28/2013,333619,340410,209799,2.44,5.69,3.26,3.35,3.14,3.21,Sunday,April,2013,0,0,0
4/29/2013,358165,385775,231403,3.30,6.32,5.27,3,4.28,5.41,Monday,April,2013,0,0,0
4/30/2013,344657,380781,228150,3.79,6.99,4.77,2.82,4.39,7.67,Tuesday,April,2013,0,0,0
5/1/2013,337236,340067,208177,3.03,6.43,4.95,2.54,2.34,5,Wednesday,May,2013,1,1,1
5/2/2013,355927,371230,226355,2.95,6.26,4.63,2.82,3.89,6.37,Thursday,May,2013,0,0,0
5/3/2013,366725,366544,219103,2.60,6.89,5.39,2.75,2.6,2.84,Friday,May,2013,0,0,0
5/4/2013,340807,321490,206343,3.81,9.33,6.50,2.37,3.23,3.56,Saturday,May,2013,0,0,0
5/5/2013,319022,312132,207257,6.21,10.00,5.84,2.11,3.89,6.75,Sunday,May,2013,0,0,0
5/6/2013,328836,350424,224114,7.73,11.20,7.80,2.18,3.06,2.84,Monday,May,2013,0,0,0
5/7/2013,316580,346976,214717,8.69,13.17,9.86,1.51,2.87,4.46,Tuesday,May,2013,0,0,0
5/8/2013,314407,344592,216096,8.80,12.32,10.56,2.1,2.38,2.07,Wednesday,May,2013,0,0,0
5/9/2013,298846,313220,203225,8.58,13.24,10.17,1.91,2.24,4.18,Thursday,May,2013,1,1,1
5/10/2013,313419,320145,210178,6.64,11.86,9.69,2.47,2.19,3.13,Friday,May,2013,0,0,0
5/11/2013,302612,299362,196319,6.95,11.02,10.45,2.42,2.55,3.46,Saturday,May,2013,0,0,0
5/12/2013,299193,297126,188379,6.64,10.83,10.12,2.57,2.75,2.4,Sunday,May,2013,0,0,0
5/13/2013,330030,344241,208497,5.44,10.03,11.43,3.05,2.62,1.92,Monday,May,2013,0,0,0
5/14/2013,335928,353712,207324,5.40,8.34,10.86,2.34,2.7,3.54,Tuesday,May,2013,0,0,0
5/15/2013,338653,348962,208833,6.66,10.79,10.35,2.82,2.24,2.48,Wednesday,May,2013,0,0,0
5/16/2013,318110,336894,206664,10.10,13.85,13.22,2.81,3.07,3,Thursday,May,2013,0,0,0
5/17/2013,277217,320617,205106,13.03,15.96,15.41,2.55,2.92,4.7,Friday,May,2013,1,0,0
5/18/2013,260267,281401,187018,15.61,16.45,15.71,1.99,2.76,3.29,Saturday,May,2013,0,0,0
5/19/2013,251340,280167,177499,15.97,14.79,17.16,2.04,2.6,3.12,Sunday,May,2013,1,1,1
5/20/2013,264276,326343,201540,13.26,14.48,15.22,2.2,1.87,4.2,Monday,May,2013,1,0,0
5/21/2013,296079,324094,196756,11.99,13.69,14.80,1.16,2.71,6.02,Tuesday,May,2013,0,0,0
5/22/2013,300588,328306,199653,9.54,12.39,12.67,1.27,2.6,4.43,Wednesday,May,2013,0,0,0
5/23/2013,305951,335571,202998,9.05,10.62,11.28,2.74,2.24,3.02,Thursday,May,2013,0,0,0
5/24/2013,298378,326895,204236,9.64,11.90,12.68,1.57,1.77,1.85,Friday,May,2013,0,0,0
5/25/2013,272929,282085,184048,10.90,13.73,14.39,1.73,3.81,4.4,Saturday,May,2013,0,0,0
5/26/2013,261981,282718,177288,12.68,13.10,15.45,2.08,3.82,4.86,Sunday,May,2013,0,0,0
5/27/2013,285490,334151,199069,11.78,12.76,15.62,2.16,2.75,3.17,Monday,May,2013,0,0,0
5/28/2013,288475,331779,196179,13.59,14.82,17.20,2.34,3.54,5.06,Tuesday,May,2013,0,0,0
5/29/2013,282167,334057,197886,14.82,13.80,18.10,2.87,2.53,4.5,Wednesday,May,2013,0,0,0
5/30/2013,278853,327560,198805,15.25,15.63,17.77,1.45,2.17,3.79,Thursday,May,2013,0,0,0
5/31/2013,270883,314397,200667,16.08,16.24,17.92,1.45,2.15,3.46,Friday,May,2013,0,0,0
6/1/2013,255048,280240,182383,14.43,16.16,18.56,1.15,2.12,4.07,Saturday,June,2013,0,0,0
6/2/2013,251278,280513,176677,12.00,15.89,20.46,1.77,1.52,3.63,Sunday,June,2013,0,0,0
6/3/2013,279983,321320,198391,10.69,15.36,20.53,3.19,2.49,2.37,Monday,June,2013,0,0,0
6/4/2013,286342,327406,195174,9.64,12.54,19.21,2.26,2.97,1.89,Tuesday,June,2013,0,0,0
6/5/2013,287419,329454,200086,10.28,13.55,19.98,1.43,1.59,1.26,Wednesday,June,2013,0,0,0
6/6/2013,286927,292893,201613,11.18,15.29,18.46,1.88,1.26,2.81,Thursday,June,2013,0,1,0
6/7/2013,280722,299345,202394,11.36,15.93,17.38,1.44,2.37,1.29,Friday,June,2013,0,0,0
6/8/2013,261219,274551,182452,11.27,14.73,16.70,1.63,1.67,3.75,Saturday,June,2013,0,0,0
6/9/2013,256322,276576,178220,11.35,13.75,15.62,1.91,1.4,2.93,Sunday,June,2013,0,0,0
6/10/2013,284683,325650,200301,11.68,13.80,14.81,1.77,2.11,3.26,Monday,June,2013,0,0,0
6/11/2013,282330,324982,202579,11.63,14.65,12.81,1.7,1.96,5.21,Tuesday,June,2013,0,0,0
6/12/2013,283538,329620,203792,11.32,15.16,12.40,2.09,2.23,2.8,Wednesday,June,2013,0,0,0
6/13/2013,283681,337633,203392,11.86,14.72,14.03,2.55,3.07,3.56,Thursday,June,2013,0,0,0
6/14/2013,276015,319260,206895,12.07,14.20,13.52,2.5,3.97,6.83,Friday,June,2013,0,0,0
6/15/2013,262338,284650,186337,11.24,14.30,13.99,2.01,3.4,7.22,Saturday,June,2013,0,0,0
6/16/2013,258231,286926,182026,10.66,12.89,13.20,2.07,3.37,5.11,Sunday,June,2013,0,0,0
6/17/2013,280949,327412,202119,11.93,14.84,12.97,1.49,2.57,5.48,Monday,June,2013,0,0,0
6/18/2013,277232,326330,187121,12.61,15.56,14.02,1.3,1.44,3.91,Tuesday,June,2013,0,0,0
6/19/2013,276878,326718,175607,13.36,16.03,14.45,1.92,2.73,1.98,Wednesday,June,2013,0,0,0
6/20/2013,272837,316123,171546,14.05,18.23,14.24,1.21,2.57,3.09,Thursday,June,2013,0,0,0
6/21/2013,272209,260705,149090,14.58,17.87,16.93,1.77,2.99,2.74,Friday,June,2013,0,0,0
6/22/2013,250288,254386,141634,13.67,16.72,18.56,3.11,3.7,3.93,Saturday,June,2013,0,1,1
6/23/2013,245984,263730,144074,13.06,16.68,17.94,2.57,3,2.15,Sunday,June,2013,0,0,0
6/24/2013,275308,317376,175386,12.54,16.65,19.65,2.11,2.03,2.41,Monday,June,2013,0,0,0
6/25/2013,273314,320865,190407,12.86,16.40,20.56,0.92,1.19,2.17,Tuesday,June,2013,0,0,0
6/26/2013,280735,330989,196770,11.84,15.18,22.66,3.39,2.82,3.19,Wednesday,June,2013,0,0,0
6/27/2013,277143,326552,195290,13.76,15.45,20.86,2.07,2.24,3.74,Thursday,June,2013,0,0,0
6/28/2013,272412,314326,194092,13.25,15.04,18.06,2.45,2.66,3.23,Friday,June,2013,0,0,0
6/29/2013,256498,282091,181649,11.70,14.20,18.26,2.07,2.5,2.59,Saturday,June,2013,0,0,0
6/30/2013,253091,280719,178657,13.25,14.28,17.85,1.48,2.01,3.91,Sunday,June,2013,0,0,0
7/1/2013,275686,320850,199097,13.41,15.31,17.32,2.06,2.07,4.47,Monday,July,2013,0,0,0
7/2/2013,275917,319382,197297,12.25,14.57,16.27,1.89,3,4,Tuesday,July,2013,0,0,0
7/3/2013,276077,319581,197756,12.72,15.52,16.64,2.25,2.46,2.66,Wednesday,July,2013,0,0,0
7/4/2013,277978,320673,199366,14.29,16.63,17.63,2.08,2.02,1.53,Thursday,July,2013,0,0,0
7/5/2013,268069,304850,198589,14.37,17.19,19.26,2.28,2.82,3.89,Friday,July,2013,0,0,0
7/6/2013,248866,271605,182348,14.97,17.15,17.70,1.52,2.42,4.19,Saturday,July,2013,0,0,0
7/7/2013,243404,269356,174959,15.34,18.84,18.77,1.78,2.74,3.77,Sunday,July,2013,0,0,0
7/8/2013,268373,303004,190725,14.06,17.90,17.06,1.62,3.15,3.19,Monday,July,2013,0,0,0
7/9/2013,267981,305885,191139,14.21,18.41,16.24,2.52,2.73,3.61,Tuesday,July,2013,0,0,0
7/10/2013,262376,306033,190146,13.11,15.52,15.78,3.3,3.29,3.36,Wednesday,July,2013,0,0,0
7/11/2013,267959,302018,188963,13.60,15.99,15.66,1.19,2.81,3.26,Thursday,July,2013,0,0,0
7/12/2013,262969,292699,193697,15.65,17.42,16.61,1.3,1.64,2.18,Friday,July,2013,0,0,0
7/13/2013,244697,266406,181375,14.70,18.77,18.12,1.53,1.26,1.42,Saturday,July,2013,0,0,0
7/14/2013,239686,263643,176706,13.12,15.86,17.59,2.41,1.96,2.84,Sunday,July,2013,0,0,0
7/15/2013,259203,287354,192176,13.52,16.68,15.90,2.62,3.3,4.51,Monday,July,2013,0,0,0
7/16/2013,264496,290336,193164,14.20,17.23,13.87,1.55,2.28,6.75,Tuesday,July,2013,0,0,0
7/17/2013,260045,285083,194640,15.99,18.66,14.36,1.81,2.2,5.7,Wednesday,July,2013,0,0,0
7/18/2013,258950,285456,194830,15.32,19.44,13.70,2.31,2.46,3.87,Thursday,July,2013,0,0,0
7/19/2013,257963,279750,194189,15.13,17.59,13.34,2,4.08,5.3,Friday,July,2013,0,0,0
7/20/2013,245052,257083,181596,16.26,17.66,14.21,1.42,2.92,6.03,Saturday,July,2013,0,0,0
7/21/2013,240593,252855,176062,16.50,18.81,13.97,1.43,3.26,4.6,Sunday,July,2013,0,0,0
7/22/2013,255241,273884,195142,16.10,17.56,14.26,1.77,3.98,7.88,Monday,July,2013,0,0,0
7/23/2013,255124,276121,191271,17.23,17.06,17.13,1.25,4.76,5.72,Tuesday,July,2013,0,0,0
7/24/2013,251537,279202,185724,17.94,18.63,17.51,0.88,2.61,3.12,Wednesday,July,2013,0,0,0
7/25/2013,251718,277345,188592,18.18,18.97,18.67,1.37,1.32,1.99,Thursday,July,2013,0,0,0
7/26/2013,250850,273842,193969,17.79,20.10,19.41,1.31,0.96,1.93,Friday,July,2013,0,0,0
7/27/2013,236738,251373,180809,17.07,20.53,19.85,1.74,1.57,1.78,Saturday,July,2013,0,0,0
7/28/2013,231687,254598,176187,16.87,20.28,19.99,2.13,2.42,1.82,Sunday,July,2013,0,0,0
7/29/2013,254869,281265,197022,16.92,19.41,19.96,2.26,1.65,3.66,Monday,July,2013,0,0,0
7/30/2013,256796,283214,198807,15.68,17.42,19.07,1.13,1.73,5,Tuesday,July,2013,0,0,0
7/31/2013,251382,283482,197180,14.91,16.50,18.61,1.51,2.85,3.97,Wednesday,July,2013,0,0,0
8/1/2013,257799,283220,194669,15.09,17.07,16.74,1.53,2.84,3.61,Thursday,August,2013,0,0,0
8/2/2013,254929,277816,197686,17.62,19.75,17.79,1.62,2.17,3.82,Friday,August,2013,0,0,0
8/3/2013,241619,258451,183489,17.25,20.96,19.35,2.44,2.5,2.65,Saturday,August,2013,0,0,0
8/4/2013,234849,256869,176402,15.27,19.16,20.40,2.25,2.3,2.64,Sunday,August,2013,0,0,0
8/5/2013,260389,299380,198091,15.24,19.36,19.60,2,2.47,2.45,Monday,August,2013,0,0,0
8/6/2013,263774,308911,197279,15.48,19.91,19.66,2.09,3.22,2.01,Tuesday,August,2013,0,0,0
8/7/2013,262195,312273,199870,14.86,18.74,20.11,1.02,2.23,3.33,Wednesday,August,2013,0,0,0
8/8/2013,270956,314985,201397,13.62,17.71,19.96,1.68,1.5,2.96,Thursday,August,2013,0,0,0
8/9/2013,267929,306599,201878,13.68,17.21,18.25,1.19,2.76,4.64,Friday,August,2013,0,0,0
8/10/2013,248793,272080,182092,13.59,16.67,16.76,0.96,1.47,5.14,Saturday,August,2013,0,0,0
8/11/2013,243631,274136,179205,12.88,15.46,16.33,1.18,1.92,3.45,Sunday,August,2013,0,0,0
8/12/2013,268937,321074,203445,12.27,14.92,14.99,1.31,3.44,6.63,Monday,August,2013,0,0,0
8/13/2013,274704,321735,204763,11.59,14.25,15.09,1.8,2.34,5.18,Tuesday,August,2013,0,0,0
8/14/2013,273753,326662,209534,12.03,14.26,13.55,2.07,1.86,5.1,Wednesday,August,2013,0,0,0
8/15/2013,275061,326690,206726,12.91,15.48,14.58,1.26,2.77,7.67,Thursday,August,2013,0,0,0
8/16/2013,270683,322536,204448,13.96,16.66,15.49,2.49,3.29,4.89,Friday,August,2013,0,0,0
8/17/2013,244431,283578,193025,14.03,17.16,15.47,2.07,3.75,5.96,Saturday,August,2013,0,0,0
8/18/2013,244844,281741,184597,13.66,17.24,17.99,3.27,3.55,5.26,Sunday,August,2013,0,0,0
8/19/2013,266731,327277,203836,13.23,16.00,16.74,2.1,3.26,5.09,Monday,August,2013,0,0,0
8/20/2013,275236,330408,200298,13.23,15.81,16.39,1.75,2.53,2.36,Tuesday,August,2013,0,0,0
8/21/2013,277844,336566,201627,12.75,15.79,16.45,1.55,2.66,4.16,Wednesday,August,2013,0,0,0
8/22/2013,279577,334752,203436,13.25,15.96,14.75,1.68,2.9,3.43,Thursday,August,2013,0,0,0
8/23/2013,276105,327065,206074,14.49,15.39,13.57,1.39,2.12,3.89,Friday,August,2013,0,0,0
8/24/2013,257025,286957,188787,15.20,15.12,14.06,1.2,1.85,2.26,Saturday,August,2013,0,0,0
8/25/2013,251646,286636,183652,14.73,15.49,15.29,1.2,1.15,1.66,Sunday,August,2013,0,0,0
8/26/2013,281155,333540,208760,14.35,16.07,16.04,2.01,1.86,2.14,Monday,August,2013,0,0,0
8/27/2013,281478,334813,207308,14.12,16.65,16.33,1.83,2.43,2.88,Tuesday,August,2013,0,0,0
8/28/2013,282236,335117,204906,13.04,16.40,16.03,1.1,2.3,3.66,Wednesday,August,2013,0,0,0
8/29/2013,286155,335082,203722,12.29,15.00,14.27,1.04,1.75,2.53,Thursday,August,2013,0,0,0
8/30/2013,282420,328435,207639,12.88,15.11,13.70,1.4,1.39,3.48,Friday,August,2013,0,0,0
8/31/2013,261944,289337,191537,11.92,15.09,14.11,1.94,1.79,4.03,Saturday,August,2013,0,0,0
9/1/2013,262462,290431,187314,10.24,13.00,13.55,1.79,3.56,5.16,Sunday,September,2013,0,0,0
9/2/2013,282215,336285,208182,12.32,12.87,12.29,1.64,3.07,5.1,Monday,September,2013,0,0,0
9/3/2013,285513,341150,209287,13.16,14.53,13.62,1.38,2.01,4,Tuesday,September,2013,0,0,0
9/4/2013,283388,339936,209259,13.91,15.39,13.89,1.34,1.43,1.85,Wednesday,September,2013,0,0,0
9/5/2013,283996,335216,207572,14.61,15.79,14.83,1.78,2.4,2.87,Thursday,September,2013,0,0,0
9/6/2013,279184,325320,210035,14.82,16.18,14.40,1.89,2.55,1.96,Friday,September,2013,0,0,0
9/7/2013,259706,287810,194427,14.55,16.42,14.78,1.45,2.35,2.64,Saturday,September,2013,0,0,0
9/8/2013,253637,285490,188699,14.90,16.01,15.22,1.5,2.19,3.23,Sunday,September,2013,0,0,0
9/9/2013,285810,334939,209264,13.87,15.44,14.80,1.97,2.31,2.8,Monday,September,2013,0,0,0
9/10/2013,288858,336419,210410,13.16,14.90,13.34,2.08,2.57,5.24,Tuesday,September,2013,0,0,0
9/11/2013,290103,336000,211622,12.56,14.33,13.89,1.27,1.6,3.49,Wednesday,September,2013,0,0,0
9/12/2013,290397,335883,212738,12.46,14.43,13.75,1.38,1.56,2.21,Thursday,September,2013,0,0,0
9/13/2013,288455,330234,213130,12.34,14.78,13.87,1.46,1.75,3.49,Friday,September,2013,0,0,0
9/14/2013,272874,288149,194114,11.83,14.97,13.99,1.63,2.5,4.54,Saturday,September,2013,0,0,0
9/15/2013,267270,288615,185998,11.67,14.45,12.83,3.04,3.51,5.07,Sunday,September,2013,0,0,0
9/16/2013,295645,338993,209337,9.53,12.39,12.39,3.39,4.05,5.58,Monday,September,2013,0,0,0
9/17/2013,306193,343703,206421,8.83,11.05,12.97,2.64,1.68,6.6,Tuesday,September,2013,0,0,0
9/18/2013,305887,347072,206606,9.03,11.06,13.66,1.58,1.03,7.58,Wednesday,September,2013,0,0,0
9/19/2013,307967,351068,210131,9.22,10.98,14.03,1.06,1.94,5.91,Thursday,September,2013,0,0,0
9/20/2013,307938,341440,214110,9.18,11.28,13.02,1.02,1.93,3.64,Friday,September,2013,0,0,0
9/21/2013,286756,307700,197413,9.88,11.63,12.12,1.61,2.67,2.77,Saturday,September,2013,0,0,0
9/22/2013,279768,307167,192668,10.29,12.31,9.98,1.53,2.85,5.51,Sunday,September,2013,0,0,0
9/23/2013,306973,353014,216708,9.33,10.94,8.64,1.98,4.83,6.87,Monday,September,2013,0,0,0
9/24/2013,316266,360272,218392,7.77,8.34,6.29,1.66,3.89,6.75,Tuesday,September,2013,0,0,0
9/25/2013,328363,374645,225874,6.57,6.60,4.03,1.44,3.32,6.74,Wednesday,September,2013,0,0,0
9/26/2013,335411,382869,232229,5.61,5.90,4.53,1.37,3.32,6.62,Thursday,September,2013,0,0,0
9/27/2013,333546,375421,228470,6.11,6.65,6.29,2.08,2.94,4.14,Friday,September,2013,0,0,0
9/28/2013,310777,331607,210290,6.44,7.84,6.63,1.39,2.74,5.63,Saturday,September,2013,0,0,0
9/29/2013,305657,334185,205509,7.26,7.68,5.36,1.06,1.89,4.75,Sunday,September,2013,0,0,0
9/30/2013,330951,380422,228591,7.13,7.61,3.36,0.86,2.12,4.52,Monday,September,2013,0,0,0
10/1/2013,333043,387980,231086,6.58,6.46,3.43,1.25,1.74,4.14,Tuesday,October,2013,0,0,0
10/2/2013,336233,388199,229663,6.75,6.25,4.72,1.53,2.45,2.96,Wednesday,October,2013,0,0,0
10/3/2013,332467,384211,224501,7.39,6.72,6.54,2.11,2.86,5.49,Thursday,October,2013,0,0,0
10/4/2013,330449,371050,227842,7.43,7.83,7.16,1.86,3.74,6.88,Friday,October,2013,0,0,0
10/5/2013,296960,326422,209449,9.09,10.21,8.65,1.56,3.61,8.54,Saturday,October,2013,0,0,0
10/6/2013,296620,315423,198936,9.02,10.64,9.26,1.83,2.28,5.42,Sunday,October,2013,0,0,0
10/7/2013,323581,354203,218752,10.77,12.53,9.83,1.91,2.79,5.29,Monday,October,2013,0,0,0
10/8/2013,313881,353286,220078,10.82,12.77,9.29,1.94,3.01,3.89,Tuesday,October,2013,0,0,0
10/9/2013,315099,355405,218089,8.49,11.68,10.53,1.39,3.17,6.97,Wednesday,October,2013,0,0,0
10/10/2013,332105,364428,219734,5.87,9.47,9.31,3.37,2.38,3.9,Thursday,October,2013,0,0,0
10/11/2013,337012,365587,225457,5.85,8.58,6.75,1.6,2.39,4.07,Friday,October,2013,0,0,0
10/12/2013,313281,331100,211211,6.89,8.22,7.26,1.55,1.67,3.86,Saturday,October,2013,0,0,0
10/13/2013,305513,328672,203040,6.98,8.23,6.13,1.82,2.16,5.33,Sunday,October,2013,0,0,0
10/14/2013,335470,372753,228034,6.12,8.88,3.45,1.02,1.49,3.39,Monday,October,2013,0,0,0
10/15/2013,344572,373511,226432,5.19,8.09,5.60,1.12,2.49,5.59,Tuesday,October,2013,0,0,0
10/16/2013,351880,386605,233293,4.74,6.75,1.39,1.41,1.77,3.76,Wednesday,October,2013,0,0,0
10/17/2013,351486,391212,243759,3.75,7.03,1.47,1.48,2.04,5.13,Thursday,October,2013,0,0,0
10/18/2013,363148,399779,246653,2.18,3.49,0.83,1.76,3.96,7.69,Friday,October,2013,0,0,0
10/19/2013,354879,369879,233837,1.53,3.83,0.17,1.47,2.54,7.27,Saturday,October,2013,0,0,0
10/20/2013,353265,373241,226758,1.17,3.90,-0.11,1.84,2.01,4.06,Sunday,October,2013,0,0,0
10/21/2013,384747,418257,250820,1.57,4.73,-1.20,2.1,2.93,3.51,Monday,October,2013,0,0,0
10/22/2013,378623,398453,255610,4.20,8.86,-0.40,1.91,3.91,5.87,Tuesday,October,2013,0,0,0
10/23/2013,337725,374567,244819,8.58,12.07,6.30,2.69,3.37,9.44,Wednesday,October,2013,0,0,0
10/24/2013,335261,371702,233702,6.63,10.21,8.06,2.95,4.46,7.39,Thursday,October,2013,0,0,0
10/25/2013,352736,376062,238372,4.97,8.10,5.54,1.55,2.36,7.11,Friday,October,2013,0,0,0
10/26/2013,325070,334989,224687,6.94,10.85,4.83,1.85,3.56,5.75,Saturday,October,2013,0,0,0
10/27/2013,312181,326509,213955,7.28,11.38,7.88,2.74,3.11,5.49,Sunday,October,2013,0,0,0
10/28/2013,342727,367797,232483,5.98,10.14,8.62,2.18,4.08,7.04,Monday,October,2013,0,0,0
10/29/2013,346508,371361,232983,5.08,8.64,7.38,1.41,3.98,10.39,Tuesday,October,2013,0,0,0
10/30/2013,357856,383505,240030,3.78,7.01,4.77,1.47,1.89,5.85,Wednesday,October,2013,0,0,0
10/31/2013,361760,393313,243291,4.99,7.47,3.53,1.81,3.24,5.47,Thursday,October,2013,0,0,0
11/1/2013,354924,382552,238808,4.29,7.76,5.66,2.03,3.14,7.18,Friday,November,2013,0,0,0
11/2/2013,343485,355309,218970,3.19,6.81,4.82,1.62,2.43,5.41,Saturday,November,2013,0,1,1
11/3/2013,339597,359283,220221,3.59,6.39,3.27,2.91,2.11,3.75,Sunday,November,2013,0,0,0
11/4/2013,367137,398298,243964,3.35,5.87,3.78,1.41,2.95,6.21,Monday,November,2013,0,0,0
11/5/2013,373815,403343,243225,2.02,5.18,4.38,1.28,3.11,8.9,Tuesday,November,2013,0,0,0
11/6/2013,387102,414261,242048,0.74,4.18,3.66,1.01,1.71,4.43,Wednesday,November,2013,0,0,0
11/7/2013,394506,413792,248728,1.11,4.38,2.27,1.46,2.14,4.06,Thursday,November,2013,0,0,0
11/8/2013,383581,399582,248938,2.19,5.74,3.10,1.66,3.54,7.09,Friday,November,2013,0,0,0
11/9/2013,363301,369739,229597,2.17,5.48,4.25,1.73,2.63,6.63,Saturday,November,2013,0,0,0
11/10/2013,362041,373100,221184,1.12,3.79,3.62,2.14,2.74,8.79,Sunday,November,2013,0,0,0
11/11/2013,414064,437130,251556,1.24,2.07,0.65,2.2,2.32,3.32,Monday,November,2013,0,0,0
11/12/2013,381542,418279,251851,3.79,5.50,3.48,2.08,4.2,8.83,Tuesday,November,2013,0,0,0
11/13/2013,390593,419822,243400,2.66,4.64,3.59,2,3.51,7.3,Wednesday,November,2013,0,0,0
11/14/2013,391311,430288,250538,2.82,3.67,1.19,1.61,1.95,4.34,Thursday,November,2013,0,0,0
11/15/2013,387578,410082,255932,3.77,5.51,3.03,2.42,3.57,6.48,Friday,November,2013,0,0,0
11/16/2013,343418,356461,232298,6.77,8.32,4.97,3.45,4.37,7.51,Saturday,November,2013,0,0,0
11/17/2013,350864,358792,219943,3.00,5.89,3.89,2.45,3.82,9.63,Sunday,November,2013,0,0,0
11/18/2013,393071,424502,250246,2.92,4.48,2.45,2.15,3.41,7.86,Monday,November,2013,0,0,0
11/19/2013,402076,417278,248717,-0.39,4.90,3.59,1.36,2.68,8.57,Tuesday,November,2013,0,0,0
11/20/2013,430080,450730,250891,-2.51,1.00,1.93,1.6,2.57,5.47,Wednesday,November,2013,0,0,0
11/21/2013,443313,454501,261527,-3.30,1.35,0.74,2.38,3.2,6.08,Thursday,November,2013,0,0,0
11/22/2013,445464,446376,257963,-2.42,0.85,2.30,1.34,1.91,3.48,Friday,November,2013,0,0,0
11/23/2013,413345,406469,242451,-1.03,0.84,0.25,1.48,2.66,3.34,Saturday,November,2013,0,0,0
11/24/2013,407196,409728,239665,-1.69,0.11,-1.17,2.46,2.98,6.14,Sunday,November,2013,0,0,0
11/25/2013,439465,471832,265631,-1.26,-1.06,-2.81,2.08,2.81,4.32,Monday,November,2013,0,0,0
11/26/2013,436946,476508,269113,0.47,-0.50,-2.29,1.68,2.75,5.38,Tuesday,November,2013,0,0,0
11/27/2013,397126,429541,257294,4.00,5.37,2.29,2.28,3.2,8.24,Wednesday,November,2013,0,0,0
11/28/2013,400993,427210,258385,2.43,4.61,1.50,4.32,4.96,9.44,Thursday,November,2013,0,0,0
11/29/2013,412346,447392,273608,-0.07,0.74,-3.45,1.27,1.81,5.92,Friday,November,2013,0,0,0
11/30/2013,400675,420089,260557,-0.19,0.20,-3.08,1.71,2.51,5.93,Saturday,November,2013,0,0,0
12/1/2013,383023,396415,250285,1.57,3.78,-1.92,3.03,5.41,9.07,Sunday,December,2013,0,0,0
12/2/2013,421646,462113,275196,0.70,0.86,-3.73,1.61,3.15,8.01,Monday,December,2013,0,0,0
12/3/2013,401555,431812,264119,2.54,4.44,1.18,2.12,3.52,7.91,Tuesday,December,2013,0,0,0
12/4/2013,419681,442861,270918,-0.57,2.83,-2.67,2.05,1.92,2.46,Wednesday,December,2013,0,0,0
12/5/2013,430311,453830,273262,-1.06,1.99,-1.75,3.87,3.82,7.08,Thursday,December,2013,0,0,0
12/6/2013,446051,463454,252622,-3.21,-0.32,-1.26,4.71,4.23,6.08,Friday,December,2013,0,0,1
12/7/2013,439606,454528,257366,-6.28,-3.63,-3.82,2.54,4.73,5.04,Saturday,December,2013,0,0,0
12/8/2013,435192,467913,259003,-4.35,-3.59,-6.80,1.63,2.07,3.6,Sunday,December,2013,0,0,0
12/9/2013,454911,497083,289125,-2.76,-2.26,-9.59,1.45,2,4.44,Monday,December,2013,0,0,0
12/10/2013,425728,465434,291520,1.53,2.84,-4.75,1.59,3,6.26,Tuesday,December,2013,0,0,0
12/11/2013,418801,438688,268587,2.17,4.18,1.77,1.44,3.53,5.52,Wednesday,December,2013,0,0,0
12/12/2013,413746,433750,263636,2.94,4.65,2.20,2.64,4.85,7.95,Thursday,December,2013,0,0,0
12/13/2013,427541,439293,265594,-1.15,2.14,-0.84,1.91,3.01,10.52,Friday,December,2013,0,0,0
12/14/2013,406396,415878,268744,0.16,1.98,-6.66,1.19,2.31,3.81,Saturday,December,2013,0,0,0
12/15/2013,384967,397434,257671,1.86,3.73,-1.48,2.1,2.93,7.66,Sunday,December,2013,0,0,0
12/16/2013,397706,432410,263694,3.98,5.81,2.00,3.73,4.27,7.36,Monday,December,2013,0,0,0
12/17/2013,412260,434706,260215,1.00,4.13,1.73,1.8,3.8,7.7,Tuesday,December,2013,0,0,0
12/18/2013,424558,457259,265774,0.63,2.12,-1.33,1.8,2.58,5.67,Wednesday,December,2013,0,0,0
12/19/2013,411500,442806,268722,1.97,3.78,-0.32,2.67,3.47,5.75,Thursday,December,2013,0,0,0
12/20/2013,412907,435856,261578,0.08,2.80,1.05,2.04,3.71,7.87,Friday,December,2013,0,0,0
12/21/2013,378697,399581,239214,2.68,4.76,1.64,2.88,4.35,7.91,Saturday,December,2013,0,0,0
12/22/2013,373495,389090,222759,1.92,5.01,3.21,3.55,5.4,9.78,Sunday,December,2013,0,0,0
12/23/2013,399737,412616,224538,-0.31,3.09,1.70,2.43,4.91,10.31,Monday,December,2013,0,0,0
12/24/2013,374047,370171,210391,3.32,5.72,1.28,3.9,4.51,8.57,Tuesday,December,2013,0,0,0
12/25/2013,359002,355209,199637,2.91,6.12,3.56,3.36,4.09,8.07,Wednesday,December,2013,1,1,1
12/26/2013,365303,377657,201363,2.50,2.83,3.13,2.46,2.08,5.96,Thursday,December,2013,1,1,1
12/27/2013,383710,398324,218750,1.73,2.78,2.27,3.21,2.63,7.09,Friday,December,2013,0,0,0
12/28/2013,363983,373585,216553,3.07,5.04,3.66,4.68,3.83,8.8,Saturday,December,2013,0,0,0
12/29/2013,363906,374006,213334,1.34,3.88,3.31,2.4,3.58,5.78,Sunday,December,2013,0,0,0
12/30/2013,398878,405433,239995,0.47,2.75,1.62,1.96,3.44,7.42,Monday,December,2013,0,0,0
12/31/2013,374843,389947,246470,2.67,3.21,1.68,3.86,4.1,8.06,Tuesday,December,2013,0,0,0
1/1/2014,366427,381326,229982,1.57,2.07,1.85,2.08,2.85,6.86,Wednesday,January,2014,1,1,1
1/2/2014,399918,412529,255506,1.71,2.80,0.04,2.35,3.03,5.15,Thursday,January,2014,0,0,0
1/3/2014,394838,413468,263234,2.66,3.77,-0.35,2.53,3.39,4.82,Friday,January,2014,0,0,0
1/4/2014,373405,385208,249283,2.71,4.36,0.39,2.16,2.87,5.85,Saturday,January,2014,0,0,0
1/5/2014,369241,392582,236779,1.84,2.93,1.82,1.62,2,4.55,Sunday,January,2014,0,0,0
1/6/2014,404202,402568,242211,1.83,3.27,0.75,2.26,2.74,4.79,Monday,January,2014,0,1,1
1/7/2014,390244,422899,257193,3.73,5.99,1.66,2.77,2.57,5.72,Tuesday,January,2014,0,0,0
1/8/2014,392452,428156,252705,2.60,5.57,2.67,1.58,2.98,6.02,Wednesday,January,2014,0,0,0
1/9/2014,413342,441625,254241,-0.27,4.28,1.48,1.65,2.31,3.67,Thursday,January,2014,0,0,0
1/10/2014,429543,460110,271249,-2.39,0.46,-2.21,1.64,4.47,6.79,Friday,January,2014,0,0,0
1/11/2014,422670,434249,267028,-3.93,-0.49,-6.62,1.86,2.02,3.86,Saturday,January,2014,0,0,0
1/12/2014,442077,460559,268041,-7.30,-4.50,-8.99,1.85,3.67,5.46,Sunday,January,2014,0,0,0
1/13/2014,502913,540576,299273,-9.58,-6.30,-10.15,1.62,2.49,6.04,Monday,January,2014,0,0,0
1/14/2014,496880,523255,310981,-7.16,-3.37,-10.17,1.63,2.13,3.13,Tuesday,January,2014,0,0,0
1/15/2014,488390,519601,310699,-6.54,-3.42,-10.45,1.75,2.11,4.6,Wednesday,January,2014,0,0,0
1/16/2014,484636,516638,315259,-5.09,-3.43,-11.91,2.29,2.37,5.35,Thursday,January,2014,0,0,0
1/17/2014,486450,525301,320319,-6.31,-4.42,-11.27,2.72,2.91,4.9,Friday,January,2014,0,0,0
1/18/2014,466279,481352,304889,-6.45,-4.04,-12.27,2.38,2.61,4.87,Saturday,January,2014,0,0,0
1/19/2014,453734,477590,302343,-5.99,-3.79,-13.07,2.43,2.89,3.06,Sunday,January,2014,0,0,0
1/20/2014,485931,524575,323059,-6.41,-3.87,-12.96,2.02,3.28,3.22,Monday,January,2014,0,0,0
1/21/2014,489459,524005,314593,-6.94,-4.47,-11.69,1.75,2.49,2.82,Tuesday,January,2014,0,0,0
1/22/2014,497950,527473,314147,-7.70,-5.46,-13.15,1.53,2.26,5.03,Wednesday,January,2014,0,0,0
1/23/2014,495954,537157,322295,-7.19,-5.72,-14.09,1.64,2.14,4.18,Thursday,January,2014,0,0,0
1/24/2014,489866,526890,320328,-7.17,-5.79,-12.89,1.61,2.15,2.53,Friday,January,2014,0,0,0
1/25/2014,463497,488990,285220,-5.53,-5.81,-7.51,2.43,2.84,3.27,Saturday,January,2014,0,0,0
1/26/2014,453690,478299,268990,-6.52,-5.32,-7.59,1.95,2.97,3.45,Sunday,January,2014,0,0,0
1/27/2014,486716,520009,299054,-5.65,-4.04,-8.92,2.74,3.8,6.72,Monday,January,2014,0,0,0
1/28/2014,472297,507106,307108,-4.08,-2.92,-10.40,2.54,3.65,8.42,Tuesday,January,2014,0,0,0
1/29/2014,471687,520437,310135,-4.83,-4.86,-12.63,2.54,3.97,7.88,Wednesday,January,2014,0,0,0
1/30/2014,488914,525988,314706,-6.24,-5.00,-14.62,1.86,3.91,7.5,Thursday,January,2014,0,0,0
1/31/2014,477223,513765,319852,-5.69,-4.22,-13.04,1.6,2.94,8.9,Friday,January,2014,0,0,0
2/1/2014,449662,450402,289959,-4.53,-0.86,-7.50,1.81,2.52,8.7,Saturday,February,2014,0,0,0
2/2/2014,415070,423832,269779,0.40,0.88,-4.36,2.94,2.57,6.62,Sunday,February,2014,0,0,0
2/3/2014,428788,464448,281578,1.11,0.47,-0.91,1.78,1.97,4.91,Monday,February,2014,0,0,0
2/4/2014,433068,468897,275810,-0.17,-0.08,-0.89,1.74,2.42,3.79,Tuesday,February,2014,0,0,0
2/5/2014,431760,468398,277756,-0.82,-0.76,-4.05,1.39,1.64,4.31,Wednesday,February,2014,0,0,0
2/6/2014,436519,468932,280348,-0.86,0.43,-5.76,1.61,1.51,4.16,Thursday,February,2014,0,0,0
2/7/2014,427907,454978,281156,0.01,1.86,-2.45,1.94,2.97,4.04,Friday,February,2014,0,0,0
2/8/2014,400446,412050,257118,0.02,2.47,0.42,1.7,3.37,7.23,Saturday,February,2014,0,0,0
2/9/2014,390857,407972,244042,1.36,2.45,0.67,2.83,3.21,5.8,Sunday,February,2014,0,0,0
2/10/2014,415277,452812,263321,1.65,2.06,0.57,2.69,2.75,2.75,Monday,February,2014,0,0,0
2/11/2014,418027,456483,260063,0.27,1.04,0.08,1.49,2.01,3.31,Tuesday,February,2014,0,0,0
2/12/2014,421684,460314,261066,-0.26,1.08,0.00,2.47,1.88,4.16,Wednesday,February,2014,0,0,0
2/13/2014,427237,460798,262804,0.16,1.15,-0.08,3.4,3.54,4.44,Thursday,February,2014,0,0,0
2/14/2014,418070,448527,267150,0.96,1.46,-0.50,2.78,2.07,4.11,Friday,February,2014,0,0,0
2/15/2014,399195,412751,250260,1.22,2.50,-0.95,3.82,3.94,3.44,Saturday,February,2014,0,0,0
2/16/2014,384464,401321,243130,1.38,3.42,0.24,1.98,3.73,6.62,Sunday,February,2014,0,0,0
2/17/2014,415819,437406,259368,-0.03,2.49,0.67,2,3.5,5.03,Monday,February,2014,0,0,0
2/18/2014,434056,451212,260303,-1.99,1.16,-0.12,1.49,2.71,5.29,Tuesday,February,2014,0,0,0
2/19/2014,442821,465019,262756,-3.17,0.95,-1.71,1.84,1.41,2.75,Wednesday,February,2014,0,0,0
2/20/2014,451591,461502,269688,-3.66,0.80,-4.02,1.71,2.02,3.61,Thursday,February,2014,0,0,0
2/21/2014,435523,453155,276452,-0.74,2.29,-3.85,1.32,3.68,5.47,Friday,February,2014,0,0,0
2/22/2014,398612,401341,254113,0.53,2.66,0.25,2.09,3.14,6.45,Saturday,February,2014,0,0,0
2/23/2014,384988,389275,239312,2.64,4.44,1.81,3.68,4.32,7.73,Sunday,February,2014,0,0,0
2/24/2014,398985,423172,252630,3.93,5.28,3.23,3.54,4.53,8.82,Monday,February,2014,0,0,0
2/25/2014,395344,434997,250733,3.02,3.07,1.27,1.68,3.63,6.13,Tuesday,February,2014,0,0,0
2/26/2014,402966,444974,255711,2.08,2.74,-0.76,1.47,2.79,4.33,Wednesday,February,2014,0,0,0
2/27/2014,404951,445299,256791,2.16,2.69,-0.46,2.01,2.19,2.82,Thursday,February,2014,0,0,0
2/28/2014,406188,432051,259602,1.74,2.57,-0.18,1.78,2.05,2.9,Friday,February,2014,0,0,0
3/1/2014,389838,399206,241600,0.79,1.85,-0.48,1.32,2,4.15,Saturday,March,2014,0,0,0
3/2/2014,388873,403186,238804,0.55,1.66,-0.31,1.99,1.93,3.32,Sunday,March,2014,0,0,0
3/3/2014,410206,439038,260098,1.33,2.22,0.17,1.66,1.82,4.72,Monday,March,2014,0,0,0
3/4/2014,405867,434378,258105,1.01,2.85,0.34,1.41,2.22,1.8,Tuesday,March,2014,0,0,0
3/5/2014,407085,444859,256760,1.83,2.28,0.47,1.44,1.76,3.69,Wednesday,March,2014,0,0,0
3/6/2014,399575,434735,258447,3.00,3.08,0.50,2.52,2.45,3.65,Thursday,March,2014,0,0,0
3/7/2014,395345,414640,258824,3.03,5.19,1.77,3.64,4.73,8.42,Friday,March,2014,0,0,0
3/8/2014,376527,374996,241010,2.61,4.66,2.54,3.4,4.31,9.14,Saturday,March,2014,0,0,0
3/9/2014,360607,362986,232178,4.17,6.71,2.89,2.95,4.27,8.42,Sunday,March,2014,0,0,0
3/10/2014,387600,407642,244955,2.76,5.83,3.70,2.08,3.27,6.37,Monday,March,2014,0,0,0
3/11/2014,392387,418855,244076,1.94,3.87,2.70,1.68,2.65,5.59,Tuesday,March,2014,0,0,0
3/12/2014,385124,410202,242627,2.58,4.70,4.02,1.8,2.59,5.73,Wednesday,March,2014,0,0,0
3/13/2014,389715,402824,238028,2.40,4.79,3.81,1.97,2.98,5,Thursday,March,2014,0,0,0
3/14/2014,394291,396029,243800,1.70,4.61,2.61,2.31,3.54,7.18,Friday,March,2014,0,0,0
3/15/2014,375954,377013,241438,1.14,3.48,-0.54,3.52,5.34,6.87,Saturday,March,2014,0,0,0
3/16/2014,375024,379253,240233,0.58,2.00,-3.36,1.66,3.44,6.96,Sunday,March,2014,0,0,0
3/17/2014,400811,424960,266866,0.58,3.19,-5.50,3.58,3.07,2.92,Monday,March,2014,0,0,0
3/18/2014,409081,428555,267636,-0.30,2.16,-4.49,1.33,2.08,3.26,Tuesday,March,2014,0,0,0
3/19/2014,416297,443691,268553,-0.53,1.63,-4.49,1.27,2.24,4.75,Wednesday,March,2014,0,0,0
3/20/2014,405955,428625,270627,2.09,5.27,-4.86,2.83,3.73,4.93,Thursday,March,2014,0,0,0
3/21/2014,386679,395701,257759,2.09,6.74,2.70,3.08,4.79,8.53,Friday,March,2014,0,0,0
3/22/2014,375090,364622,232420,1.31,4.35,1.66,2.64,3.36,5.99,Saturday,March,2014,0,0,0
3/23/2014,367938,366500,228376,0.98,4.01,1.23,2.03,2.85,4.39,Sunday,March,2014,0,0,0
3/24/2014,391579,417146,237342,1.17,3.35,2.19,1.69,1.57,3.24,Monday,March,2014,0,0,0
3/25/2014,386337,423951,238640,0.99,2.86,1.51,2.73,4.37,4.57,Tuesday,March,2014,0,0,0
3/26/2014,396946,433632,239696,1.25,2.69,0.92,3.06,4.6,7.87,Wednesday,March,2014,0,0,0
3/27/2014,389129,421157,239425,2.97,3.83,1.98,1.9,2.42,3.05,Thursday,March,2014,0,0,0
3/28/2014,363674,395050,242027,4.59,5.04,1.73,1.56,2.18,3.19,Friday,March,2014,0,0,0
3/29/2014,341271,352750,224468,4.65,5.42,2.38,1.21,1.86,4.38,Saturday,March,2014,0,0,0
3/30/2014,321428,334779,209764,3.54,5.09,1.12,1.69,1.93,3.9,Sunday,March,2014,0,0,0
3/31/2014,365261,403203,242426,2.38,3.81,-0.68,1.8,1.58,3.57,Monday,March,2014,0,0,0
4/1/2014,370372,412693,245373,1.66,2.39,-0.79,1.34,2.5,3.36,Tuesday,April,2014,0,0,0
4/2/2014,373791,413540,244668,1.83,2.67,-0.22,1.45,2.71,5.39,Wednesday,April,2014,0,0,0
4/3/2014,370585,409563,241646,1.74,3.30,0.15,1.83,2.64,4.34,Thursday,April,2014,0,0,0
4/4/2014,367412,402145,247159,2.31,2.53,-0.47,1.4,1.93,4.03,Friday,April,2014,0,0,0
4/5/2014,359876,370731,229908,1.49,4.14,1.94,1.38,3.4,7.69,Saturday,April,2014,0,0,0
4/6/2014,345780,348808,220739,3.66,6.41,1.79,1.14,2.37,4.27,Sunday,April,2014,0,0,0
4/7/2014,350061,390927,238295,5.77,7.28,1.14,1.51,2.07,2.65,Monday,April,2014,0,0,0
4/8/2014,353183,397855,232420,3.32,5.73,1.02,2.46,3.5,4.56,Tuesday,April,2014,0,0,0
4/9/2014,369755,414015,233025,2.55,3.37,0.18,2.58,4.76,7.92,Wednesday,April,2014,0,0,0
4/10/2014,376232,417600,235416,2.60,4.31,0.69,1.8,2.98,5.96,Thursday,April,2014,0,0,0
4/11/2014,361898,391892,242659,3.87,5.89,2.72,2.01,3.18,6.8,Friday,April,2014,0,0,0
4/12/2014,350477,352775,221484,3.28,5.94,4.28,2.91,3.61,5.35,Saturday,April,2014,0,0,0
4/13/2014,335659,343092,216260,4.41,7.11,3.87,3.08,4.19,7.5,Sunday,April,2014,0,0,0
4/14/2014,358478,381212,231569,3.32,6.63,4.32,3.29,2.38,4.63,Monday,April,2014,0,0,0
4/15/2014,358742,386306,234855,3.16,5.71,3.39,2.9,3.78,3.88,Tuesday,April,2014,0,0,0
4/16/2014,349392,391220,237422,4.35,5.94,3.33,2.13,2.47,4.5,Wednesday,April,2014,0,0,0
4/17/2014,335614,373263,237233,3.88,7.47,5.11,2.7,4.38,6.79,Thursday,April,2014,1,0,0
4/18/2014,321718,335123,214559,4.81,6.72,6.10,2.97,2.08,4.54,Friday,April,2014,1,1,1
4/19/2014,312365,318104,211517,5.71,8.55,6.82,1.44,1.4,2.42,Saturday,April,2014,0,0,0
4/20/2014,297582,298772,199791,6.79,9.89,8.00,1.16,1.63,1.38,Sunday,April,2014,1,1,1
4/21/2014,298732,306922,199355,8.19,10.76,9.05,1.58,2.11,1.87,Monday,April,2014,1,1,1
4/22/2014,317429,345169,217176,8.51,10.57,8.36,1.81,2.88,3.04,Tuesday,April,2014,0,0,0
4/23/2014,316793,362987,222608,7.99,7.42,4.01,2.06,3.59,4.87,Wednesday,April,2014,0,0,0
4/24/2014,327210,371487,222918,6.57,6.82,5.03,1.4,2.14,2.76,Thursday,April,2014,0,0,0
4/25/2014,327858,353165,224520,7.77,8.51,7.04,0.8,1.67,3.8,Friday,April,2014,0,0,0
4/26/2014,299777,310768,205128,9.27,10.01,8.09,1.1,1.92,2.95,Saturday,April,2014,0,0,0
4/27/2014,286213,302887,198519,9.80,11.31,9.25,1.21,1.43,1.52,Sunday,April,2014,0,0,0
4/28/2014,313495,347662,218308,9.22,12.22,9.08,1.17,2.58,2.83,Monday,April,2014,0,0,0
4/29/2014,322565,352703,219365,6.31,10.20,7.03,2.31,2.42,3.74,Tuesday,April,2014,0,0,0
4/30/2014,333832,359009,224355,4.17,7.63,4.34,2.1,2.09,3.23,Wednesday,April,2014,0,0,0
5/1/2014,320652,327413,209746,3.41,5.69,3.11,2.13,4.19,4.48,Thursday,May,2014,1,1,1
5/2/2014,330277,353567,223343,3.74,6.16,3.14,1.12,2.65,4.15,Friday,May,2014,0,0,0
5/3/2014,318701,327956,212518,3.95,6.63,3.72,1.83,1.9,4.23,Saturday,May,2014,0,0,0
5/4/2014,312063,328873,207512,3.83,5.78,3.07,1.75,2.66,2.51,Sunday,May,2014,0,0,0
5/5/2014,340168,372837,227214,4.71,6.36,3.24,1.76,2.23,5.83,Monday,May,2014,0,0,0
5/6/2014,340055,378528,221706,5.18,6.10,3.59,1.84,1.65,3.33,Tuesday,May,2014,0,0,0
5/7/2014,345265,387813,221005,4.35,6.21,4.38,2.12,3.67,2.8,Wednesday,May,2014,0,0,0
5/8/2014,348649,376864,224651,4.52,7.19,4.57,2.01,2.25,5.24,Thursday,May,2014,0,0,0
5/9/2014,343226,361003,225769,5.63,8.22,6.88,1.53,1.8,3.45,Friday,May,2014,0,0,0
5/10/2014,319303,317967,202737,6.53,8.45,8.00,1.05,1.04,2.59,Saturday,May,2014,0,0,0
5/11/2014,294354,313101,191356,6.90,8.41,7.92,2.03,1.74,3.45,Sunday,May,2014,0,0,0
5/12/2014,321403,353578,212470,6.91,8.84,8.16,1.88,1.79,3.77,Monday,May,2014,0,0,0
5/13/2014,326398,351834,211378,6.49,9.29,7.80,1.51,2.19,3.65,Tuesday,May,2014,0,0,0
5/14/2014,327873,355780,215660,6.33,8.74,6.47,2.09,2.14,4.21,Wednesday,May,2014,0,0,0
5/15/2014,329225,352271,219080,6.73,9.55,6.47,2.09,2.43,2.39,Thursday,May,2014,0,0,0
5/16/2014,310852,327841,219508,9.80,12.11,7.73,1.7,2.05,3.28,Friday,May,2014,0,0,0
5/17/2014,270782,288158,196540,10.39,13.36,11.75,1.96,2.78,2.07,Saturday,May,2014,1,0,0
5/18/2014,270820,286027,182315,12.23,13.67,15.01,1.25,1.95,3.44,Sunday,May,2014,0,0,0
5/19/2014,289712,330791,200498,13.05,13.59,18.71,1.3,1.82,4.3,Monday,May,2014,0,0,0
5/20/2014,290667,327735,197083,12.57,13.95,17.26,1.22,2.69,1.98,Tuesday,May,2014,0,0,0
5/21/2014,287764,328601,198343,12.69,16.17,15.28,1.87,2.08,2.57,Wednesday,May,2014,0,0,0
5/22/2014,287833,331356,201680,13.89,18.44,17.19,2.08,2.98,3.37,Thursday,May,2014,0,0,0
5/23/2014,284930,322094,200400,13.55,19.03,19.64,1.8,3.28,3.41,Friday,May,2014,0,0,0
5/24/2014,266906,280156,183450,12.77,17.18,20.63,1.22,2.99,3.54,Saturday,May,2014,0,0,0
5/25/2014,265915,279136,178082,11.03,16.12,18.33,1.45,2.7,3.06,Sunday,May,2014,0,0,0
5/26/2014,291851,328969,199274,11.37,14.54,12.94,1.5,2.97,4.57,Monday,May,2014,0,0,0
5/27/2014,285417,336089,203747,11.38,10.40,6.83,2.31,5.1,6.12,Tuesday,May,2014,0,0,0
5/28/2014,282126,344637,211084,11.38,9.02,7.44,2.11,4.68,7.86,Wednesday,May,2014,0,0,0
5/29/2014,266143,306427,198224,12.56,11.79,9.39,1.26,4.38,5.03,Thursday,May,2014,1,1,1
5/30/2014,276066,316449,204004,12.98,12.56,11.20,2.14,2.37,1.85,Friday,May,2014,0,0,0
5/31/2014,263664,291959,188736,11.80,13.35,11.12,1.82,1.72,2.77,Saturday,May,2014,0,0,0
6/1/2014,259578,287505,183749,12.53,14.16,11.52,1.47,1.84,2.47,Sunday,June,2014,0,0,0
6/2/2014,281065,334106,203581,14.39,14.47,13.38,1.27,2.68,4.95,Monday,June,2014,0,0,0
6/3/2014,274491,338443,205311,14.97,12.69,14.59,1.62,2.77,4.25,Tuesday,June,2014,0,0,0
6/4/2014,273368,335010,201877,13.70,13.68,18.19,1.13,2.25,3.08,Wednesday,June,2014,0,0,0
6/5/2014,275624,324272,203658,14.21,14.81,20.34,2.1,3.07,3.74,Thursday,June,2014,0,0,0
6/6/2014,273322,281546,202570,14.13,14.73,19.17,1.61,2.03,1.52,Friday,June,2014,0,1,0
6/7/2014,254390,268239,183845,14.04,14.85,17.03,0.89,2.26,3.24,Saturday,June,2014,0,0,0
6/8/2014,244707,267083,177997,14.99,17.28,15.85,1.84,1.79,2.54,Sunday,June,2014,1,1,1
6/9/2014,252468,319690,199391,15.30,18.14,15.82,1.43,2.54,2.95,Monday,June,2014,1,0,0
6/10/2014,277870,323806,199076,16.36,18.27,13.84,1.81,2.27,2.57,Tuesday,June,2014,0,0,0
6/11/2014,280423,330392,198599,15.38,17.26,15.77,2.3,2.46,2.18,Wednesday,June,2014,0,0,0
6/12/2014,281434,330003,200129,12.88,16.40,13.65,2.8,2.41,3.15,Thursday,June,2014,0,0,0
6/13/2014,283430,321050,201352,11.73,14.20,12.97,3.17,3.84,2.78,Friday,June,2014,0,0,0
6/14/2014,263986,284926,186403,12.43,13.36,11.30,1.82,5.42,5.48,Saturday,June,2014,0,0,0
6/15/2014,259442,283359,179365,12.89,15.36,12.47,0.95,1.71,3.26,Sunday,June,2014,0,0,0
6/16/2014,289385,332845,194267,12.00,14.01,10.55,2.72,2.89,5.56,Monday,June,2014,0,0,0
6/17/2014,291616,336825,197217,11.84,13.25,7.67,1.25,2.83,7.02,Tuesday,June,2014,0,0,0
6/18/2014,289362,333499,186216,13.72,15.96,10.57,1.66,2.65,4.63,Wednesday,June,2014,0,0,0
6/19/2014,285400,321802,177378,11.79,13.44,11.21,2.36,2.03,4.16,Thursday,June,2014,0,0,0
6/20/2014,286312,273134,160548,9.62,12.58,9.92,1.39,2.92,3.44,Friday,June,2014,0,0,0
6/21/2014,272393,266627,155556,9.37,11.69,8.92,1.56,2.38,5.86,Saturday,June,2014,0,1,1
6/22/2014,267008,274932,159825,10.41,11.90,9.36,2.4,2.9,2.73,Sunday,June,2014,0,0,0
6/23/2014,290777,329521,185674,10.88,11.97,10.67,1.92,3.88,2.53,Monday,June,2014,0,0,0
6/24/2014,287930,329347,198715,11.93,13.27,11.54,1.1,3.59,2.64,Tuesday,June,2014,0,0,0
6/25/2014,288698,329922,203529,12.09,13.22,10.29,1.11,2.53,3.07,Wednesday,June,2014,0,0,0
6/26/2014,287913,335146,202812,11.18,12.99,10.96,1.23,2.07,1.11,Thursday,June,2014,0,0,0
6/27/2014,284053,324253,202415,11.07,13.12,11.40,1.45,1.23,1.54,Friday,June,2014,0,0,0
6/28/2014,263804,291709,187734,11.32,12.77,12.82,2.3,2.94,2.24,Saturday,June,2014,0,0,0
6/29/2014,257742,288806,183149,11.42,13.80,12.74,2.53,1.57,5.5,Sunday,June,2014,0,0,0
6/30/2014,283104,327622,199936,12.37,13.85,12.29,1.68,1.35,2.71,Monday,June,2014,0,0,0
7/1/2014,278854,324186,202298,12.68,13.82,12.88,1.62,1.51,2.56,Tuesday,July,2014,0,0,0
7/2/2014,275124,322258,202812,13.90,14.78,12.47,1.57,1.74,5.4,Wednesday,July,2014,0,0,0
7/3/2014,273663,318746,200028,13.68,15.02,13.85,2.22,3.62,6.06,Thursday,July,2014,0,0,0
7/4/2014,270745,308659,197437,14.08,17.19,14.94,2.14,1.89,4.84,Friday,July,2014,0,0,0
7/5/2014,250295,268145,179581,17.46,19.11,16.28,2.12,1.96,1.93,Saturday,July,2014,0,0,0
7/6/2014,243299,262856,175558,16.84,19.57,18.19,2.18,2.61,3.92,Sunday,July,2014,0,0,0
7/7/2014,265636,302149,193437,16.75,20.44,20.00,2.24,2.19,3.6,Monday,July,2014,0,0,0
7/8/2014,263783,303329,193078,17.38,21.38,21.08,1.53,2.57,3.29,Tuesday,July,2014,0,0,0
7/9/2014,258749,297960,191819,20.89,21.84,21.27,1.97,2.7,2.54,Wednesday,July,2014,0,0,0
7/10/2014,259405,293701,188926,20.78,20.97,16.67,1.39,2.6,5.86,Thursday,July,2014,0,0,0
7/11/2014,255199,281587,189748,19.88,18.40,16.80,1.12,2.67,5.08,Friday,July,2014,0,0,0
7/12/2014,240679,259217,177289,18.67,17.40,18.68,1.41,2.83,4.62,Saturday,July,2014,0,0,0
7/13/2014,234268,259945,177192,18.15,17.50,20.78,2.54,3.5,4.39,Sunday,July,2014,0,0,0
7/14/2014,255230,281511,192799,17.37,17.29,20.14,1.6,2.98,2.33,Monday,July,2014,0,0,0
7/15/2014,253598,279046,192246,16.21,18.10,18.93,2.41,2.6,3.9,Tuesday,July,2014,0,0,0
7/16/2014,254062,278477,190743,16.24,17.98,17.65,1.62,2.88,4.04,Wednesday,July,2014,0,0,0
7/17/2014,257741,277950,189986,15.69,18.32,18.67,1.74,1.99,1.99,Thursday,July,2014,0,0,0
7/18/2014,256706,275528,191527,16.03,19.09,19.81,1.12,1.71,2.52,Friday,July,2014,0,0,0
7/19/2014,238780,252809,179467,18.07,19.54,20.18,1.44,1.04,1.96,Saturday,July,2014,0,0,0
7/20/2014,231728,248147,175874,19.84,19.90,20.84,1.62,1.79,1.9,Sunday,July,2014,0,0,0
7/21/2014,249790,270189,192465,20.86,20.61,20.61,1.19,1.94,2.99,Monday,July,2014,0,0,0
7/22/2014,252101,273331,190697,21.11,21.50,21.54,0.83,1.59,2.81,Tuesday,July,2014,0,0,0
7/23/2014,251911,277528,193145,21.79,22.36,22.98,1.04,1.22,2.33,Wednesday,July,2014,0,0,0
7/24/2014,250185,279069,193584,21.68,23.02,23.01,0.93,1.56,2.57,Thursday,July,2014,0,0,0
7/25/2014,252842,275344,191374,21.22,23.42,23.68,1,1.48,2.13,Friday,July,2014,0,0,0
7/26/2014,241425,257584,177203,21.20,22.98,24.18,1.3,1.94,2.35,Saturday,July,2014,0,0,0
7/27/2014,235932,256014,170301,19.11,21.77,23.89,1.28,1.91,1.6,Sunday,July,2014,0,0,0
7/28/2014,255383,285404,188007,18.43,22.11,22.91,1.25,1.92,2.82,Monday,July,2014,0,0,0
7/29/2014,256331,284459,187555,17.88,22.28,21.14,1.44,1.86,3.44,Tuesday,July,2014,0,0,0
7/30/2014,257376,288662,189190,16.67,20.42,20.97,2.17,2.44,2.59,Wednesday,July,2014,0,0,0
7/31/2014,254840,285054,188667,15.65,19.61,20.90,2.24,2.99,5.53,Thursday,July,2014,0,0,0
8/1/2014,255634,282748,189297,15.55,19.71,20.03,2.33,3.24,5.43,Friday,August,2014,0,0,0
8/2/2014,242133,261244,177165,17.60,20.84,20.51,2,1.93,2.77,Saturday,August,2014,0,0,0
8/3/2014,237699,259174,171874,17.88,22.26,21.79,1.66,3.11,4.14,Sunday,August,2014,0,0,0
8/4/2014,259095,299186,195666,17.95,21.77,23.42,0.92,3.06,4.22,Monday,August,2014,0,0,0
8/5/2014,260183,304191,195847,16.80,20.01,23.54,0.61,1.66,4,Tuesday,August,2014,0,0,0
8/6/2014,264805,307302,194879,16.51,19.17,23.52,1.1,1.55,4.15,Wednesday,August,2014,0,0,0
8/7/2014,265491,304303,197038,16.62,19.27,22.47,1.52,1.88,3.26,Thursday,August,2014,0,0,0
8/8/2014,262240,300606,198394,16.04,19.47,20.77,1.08,2.18,3.78,Friday,August,2014,0,0,0
8/9/2014,246365,269063,179395,16.25,19.38,20.23,2.36,2.21,2.88,Saturday,August,2014,0,0,0
8/10/2014,241047,269176,173921,15.70,18.53,20.06,2.23,2.34,2.68,Sunday,August,2014,0,0,0
8/11/2014,268321,315896,196804,14.53,17.66,20.27,3.17,3.12,3.88,Monday,August,2014,0,0,0
8/12/2014,271480,317085,197371,13.50,16.06,18.42,2.78,3.32,4.92,Tuesday,August,2014,0,0,0
8/13/2014,274429,319246,198103,13.04,15.76,16.62,2.03,2.98,6.03,Wednesday,August,2014,0,0,0
8/14/2014,277213,322139,199021,12.92,16.34,16.93,0.9,1.78,4.33,Thursday,August,2014,0,0,0
8/15/2014,274197,313961,199432,13.15,15.97,16.41,1.28,1.7,4.05,Friday,August,2014,0,0,0
8/16/2014,259070,278199,182860,12.26,15.30,15.38,0.92,1.8,3.31,Saturday,August,2014,0,0,0
8/17/2014,259119,284513,179344,11.77,14.15,15.22,2.01,2.79,3.01,Sunday,August,2014,0,0,0
8/18/2014,281665,321691,203827,11.55,13.73,14.45,1.25,3.85,8.17,Monday,August,2014,0,0,0
8/19/2014,281510,321210,199768,11.91,13.62,14.35,0.86,4.06,8.66,Tuesday,August,2014,0,0,0
8/20/2014,282200,320816,203972,12.15,13.75,13.80,1.46,3.47,8.67,Wednesday,August,2014,0,0,0
8/21/2014,284032,325991,203716,11.61,13.46,13.95,1.56,3.48,7.92,Thursday,August,2014,0,0,0
8/22/2014,282869,318419,204592,11.07,13.50,13.44,1.62,3.3,6.69,Friday,August,2014,0,0,0
8/23/2014,266752,288499,192142,11.00,12.83,13.27,0.9,2.68,4.67,Saturday,August,2014,0,0,0
8/24/2014,262985,291238,188234,11.14,12.75,13.27,0.42,2.68,3.91,Sunday,August,2014,0,0,0
8/25/2014,285462,337686,207027,11.67,12.78,12.86,1.26,1.78,4.54,Monday,August,2014,0,0,0
8/26/2014,285919,338447,205089,12.56,12.82,13.17,1.98,3.88,4.1,Tuesday,August,2014,0,0,0
8/27/2014,286716,332647,205487,12.56,14.62,13.29,1.81,3.81,4.45,Wednesday,August,2014,0,0,0
8/28/2014,283704,333786,203622,12.71,14.28,13.47,1.29,2.88,4.03,Thursday,August,2014,0,0,0
8/29/2014,282455,324846,206792,13.19,13.82,12.08,1.52,2.36,4.16,Friday,August,2014,0,0,0
8/30/2014,266128,292478,192176,12.61,13.18,11.33,2.38,1.97,2.97,Saturday,August,2014,0,0,0
8/31/2014,261581,290476,188447,12.92,13.24,11.58,2.09,2.22,4.3,Sunday,August,2014,0,0,0
9/1/2014,288371,336123,209858,12.67,13.72,11.80,1.22,2.02,2.95,Monday,September,2014,0,0,0
9/2/2014,286162,332655,210844,13.50,14.48,12.61,1.43,2.3,1.72,Tuesday,September,2014,0,0,0
9/3/2014,284241,330896,208574,13.76,15.21,14.46,1.53,2.05,5.03,Wednesday,September,2014,0,0,0
9/4/2014,284148,331152,206424,13.72,15.51,15.26,1.87,2.74,4.8,Thursday,September,2014,0,0,0
9/5/2014,284477,322898,205186,13.14,15.27,15.09,1.62,2.53,5.34,Friday,September,2014,0,0,0
9/6/2014,266377,284891,189409,13.48,15.76,14.00,1.34,1.63,2.08,Saturday,September,2014,0,0,0
9/7/2014,258866,281521,183467,13.65,15.82,13.98,1.86,2.2,1.25,Sunday,September,2014,0,0,0
9/8/2014,286673,327175,202778,12.48,14.85,14.71,1.23,2.7,3.3,Monday,September,2014,0,0,0
9/9/2014,289865,325358,203173,12.34,13.56,15.19,1.66,2.2,4.05,Tuesday,September,2014,0,0,0
9/10/2014,285137,329617,198596,12.94,13.81,14.73,2.02,2.46,1.77,Wednesday,September,2014,0,0,0
9/11/2014,288746,331784,203586,12.74,14.38,14.60,1.39,1.47,1.65,Thursday,September,2014,0,0,0
9/12/2014,288344,323491,209126,12.52,14.44,13.87,1.38,2.06,2.18,Friday,September,2014,0,0,0
9/13/2014,269597,290222,191351,12.49,13.97,12.56,0.57,2.38,3.53,Saturday,September,2014,0,0,0
9/14/2014,265419,291498,186886,12.22,14.11,12.69,1.25,1.82,1.91,Sunday,September,2014,0,0,0
9/15/2014,290861,335087,208048,12.22,13.53,12.00,1.27,1.35,1.66,Monday,September,2014,0,0,0
9/16/2014,293582,333462,206659,12.19,13.24,11.83,1.13,1.64,1.67,Tuesday,September,2014,0,0,0
9/17/2014,296602,337335,206068,11.48,13.45,12.29,1.1,1.74,1.58,Wednesday,September,2014,0,0,0
9/18/2014,301117,339989,209452,11.17,13.78,12.59,0.99,2.14,1.61,Thursday,September,2014,0,0,0
9/19/2014,300299,332352,211577,11.33,14.05,12.75,0.88,1.69,3.24,Friday,September,2014,0,0,0
9/20/2014,283092,296166,194015,11.09,13.75,12.97,1.16,1.96,4.13,Saturday,September,2014,0,0,0
9/21/2014,277282,297439,187274,9.50,12.31,12.34,2.77,1.64,5.13,Sunday,September,2014,0,0,0
9/22/2014,313808,356436,215087,7.70,8.48,7.12,3.47,5.86,4.77,Monday,September,2014,0,0,0
9/23/2014,330139,374604,224382,7.18,7.16,3.18,1.35,3.55,9.05,Tuesday,September,2014,0,0,0
9/24/2014,329068,373311,222241,7.58,8.85,4.36,0.97,1.85,7.15,Wednesday,September,2014,0,0,0
9/25/2014,327129,362711,221932,8.21,9.60,7.77,1.6,1.69,7.37,Thursday,September,2014,0,0,0
9/26/2014,316088,354376,217887,9.78,12.09,9.90,3.18,4.01,7.33,Friday,September,2014,0,0,0
9/27/2014,297346,307775,198085,10.02,12.34,10.21,3.1,4.62,8.09,Saturday,September,2014,0,0,0
9/28/2014,285098,301915,191964,10.65,12.70,10.95,2.32,3.69,6.63,Sunday,September,2014,0,0,0
9/29/2014,313258,345994,212384,9.51,12.52,9.95,1.74,2.84,5.35,Monday,September,2014,0,0,0
9/30/2014,320678,359610,214664,8.83,9.76,7.51,1.49,2.36,6.45,Tuesday,September,2014,0,0,0
10/1/2014,324161,371968,221667,9.46,9.65,5.36,1.65,2.34,2.24,Wednesday,October,2014,0,0,0
10/2/2014,318503,359691,223666,9.53,11.97,7.61,1.46,2,4.57,Thursday,October,2014,0,0,0
10/3/2014,323016,343983,221430,10.13,11.64,8.49,2.09,2.23,2.37,Friday,October,2014,0,0,0
10/4/2014,294384,306095,205784,12.10,12.86,8.74,1.94,1.97,2.81,Saturday,October,2014,0,0,0
10/5/2014,290152,306274,203364,10.60,11.50,6.27,2.23,2.54,5.81,Sunday,October,2014,0,0,0
10/6/2014,316720,360421,229305,9.31,9.42,5.55,2.95,3.27,6.16,Monday,October,2014,0,0,0
10/7/2014,334796,369949,228001,7.00,9.42,5.98,3.68,4.01,8.04,Tuesday,October,2014,0,0,0
10/8/2014,333150,362429,228581,7.69,10.76,6.35,2.47,4.32,7.86,Wednesday,October,2014,0,0,0
10/9/2014,333750,362215,226105,7.74,11.61,8.36,2.14,2.57,4.34,Thursday,October,2014,0,0,0
10/10/2014,324062,350015,228551,8.28,11.64,8.99,2.28,3,4.65,Friday,October,2014,0,0,0
10/11/2014,319706,320196,210861,7.66,10.73,8.31,1.34,2.61,5.4,Saturday,October,2014,0,0,0
10/12/2014,315404,324729,206695,7.08,9.93,7.13,1.43,1.92,2.45,Sunday,October,2014,0,0,0
10/13/2014,346187,375456,227417,5.83,8.86,5.75,1.29,1.84,2.71,Monday,October,2014,0,0,0
10/14/2014,351974,372230,228250,5.45,8.50,5.30,1.85,1.9,3.14,Tuesday,October,2014,0,0,0
10/15/2014,352429,386478,236164,4.55,7.74,2.06,1.76,2.96,6.98,Wednesday,October,2014,0,0,0
10/16/2014,371860,397847,243036,3.15,6.91,1.01,2.69,2.6,6.7,Thursday,October,2014,0,0,0
10/17/2014,376474,384978,249125,3.68,6.70,-0.18,2.23,2.13,4.33,Friday,October,2014,0,0,0
10/18/2014,347300,344751,235650,6.10,8.23,0.13,1.79,2.89,3.15,Saturday,October,2014,0,0,0
10/19/2014,313109,326573,226203,8.66,12.00,4.02,1.42,3.18,6.73,Sunday,October,2014,0,0,0
10/20/2014,337606,369462,241068,7.52,9.88,3.26,1.37,2.16,3.7,Monday,October,2014,0,0,0
10/21/2014,354119,378617,250666,6.36,7.94,-0.60,2.37,2.7,6.03,Tuesday,October,2014,0,0,0
10/22/2014,364274,394061,258456,4.88,6.27,-3.53,2.16,4.06,7.39,Wednesday,October,2014,0,0,0
10/23/2014,370493,403749,266445,6.13,5.85,-3.45,2.23,4.25,6.74,Thursday,October,2014,0,0,0
10/24/2014,350648,386559,262606,8.56,8.61,-0.64,2.9,4.91,9.03,Friday,October,2014,0,0,0
10/25/2014,326352,338648,235947,7.62,9.19,2.59,2.18,4.53,9.06,Saturday,October,2014,0,0,0
10/26/2014,320627,330995,221425,8.45,10.71,6.13,4.09,4.31,9.09,Sunday,October,2014,0,0,0
10/27/2014,339970,365465,232185,9.11,12.31,8.79,3.2,4.68,9.82,Monday,October,2014,0,0,0
10/28/2014,342552,361612,230783,9.61,12.13,9.53,4.21,4.72,8.88,Tuesday,October,2014,0,0,0
10/29/2014,347513,381397,232405,5.39,8.69,7.93,1.89,3.78,9.61,Wednesday,October,2014,0,0,0
10/30/2014,376280,404521,237776,3.38,5.33,4.16,1.5,2.39,4.39,Thursday,October,2014,0,0,0
10/31/2014,382555,400375,246831,3.46,4.71,2.04,1.22,1.3,4.69,Friday,October,2014,0,0,0
11/1/2014,343550,354682,237941,6.59,7.66,-0.87,1.77,2.88,4.1,Saturday,November,2014,0,1,1
11/2/2014,324005,331268,228939,7.92,10.66,4.14,2.53,3.17,8.79,Sunday,November,2014,0,0,0
11/3/2014,350745,373078,236468,6.40,10.56,7.87,1.25,3.64,8.29,Monday,November,2014,0,0,0
11/4/2014,370030,384716,236692,4.17,9.26,7.01,1.52,3.8,7.81,Tuesday,November,2014,0,0,0
11/5/2014,394133,415002,246059,1.54,4.99,0.41,2.08,3.62,6.26,Wednesday,November,2014,0,0,0
11/6/2014,403176,444205,260674,0.21,2.94,-1.87,1.74,3.56,7.89,Thursday,November,2014,0,0,0
11/7/2014,412160,428020,266011,0.61,3.41,-0.89,1.57,2.06,3.71,Friday,November,2014,0,0,0
11/8/2014,369602,380820,248490,4.04,5.52,-0.83,2.22,1.73,4.17,Saturday,November,2014,0,0,0
11/9/2014,346438,360890,229692,5.88,7.11,3.29,2.3,2.26,5.14,Sunday,November,2014,0,0,0
11/10/2014,371052,397207,244577,5.44,7.89,4.35,1.54,2.73,5.62,Monday,November,2014,0,0,0
11/11/2014,378505,390898,238496,3.70,7.46,6.07,0.86,2.19,5.71,Tuesday,November,2014,0,0,0
11/12/2014,387456,407098,239063,3.43,6.71,3.20,1.81,1.56,2.52,Wednesday,November,2014,0,0,0
11/13/2014,388729,407690,249010,2.91,6.83,0.47,2.22,3.11,5.87,Thursday,November,2014,0,0,0
11/14/2014,383134,399980,251158,3.63,6.79,-0.46,1.87,2.39,4.88,Friday,November,2014,0,0,0
11/15/2014,361681,366816,233471,3.92,6.55,-0.87,2.15,2.77,4.76,Saturday,November,2014,0,0,0
11/16/2014,362386,369512,223465,2.96,5.91,0.52,2.28,3.15,4.9,Sunday,November,2014,0,0,0
11/17/2014,397957,419066,246792,1.95,5.32,-0.09,2.31,2.85,4.98,Monday,November,2014,0,0,0
11/18/2014,403608,418553,250102,2.44,4.84,0.23,1.69,2.17,3.46,Tuesday,November,2014,0,0,0
11/19/2014,405199,435035,253176,1.62,3.41,-0.49,1.65,2.73,4.94,Wednesday,November,2014,0,0,0
11/20/2014,412346,433164,259350,0.98,3.61,-1.31,1.34,1.71,4.08,Thursday,November,2014,0,0,0
11/21/2014,413297,427723,268532,1.06,3.27,-1.70,1.76,1.79,3.81,Friday,November,2014,0,0,0
11/22/2014,393459,397841,250854,0.56,2.79,-1.83,1.43,1.25,2.1,Saturday,November,2014,0,0,0
11/23/2014,375888,388196,240678,2.18,4.33,-0.90,1.87,2.61,2.69,Sunday,November,2014,0,0,0
11/24/2014,392652,423208,256992,3.10,5.69,0.31,1.7,5.21,7.25,Monday,November,2014,0,0,0
11/25/2014,402909,434383,255601,1.58,3.98,1.30,2.11,1.97,7.21,Tuesday,November,2014,0,0,0
11/26/2014,413183,450316,252044,-0.32,1.84,1.83,2.08,0.55,4.52,Wednesday,November,2014,0,0,0
11/27/2014,419227,453430,252385,0.26,2.06,1.50,1.42,1.11,4.15,Thursday,November,2014,0,0,0
11/28/2014,418434,447997,257247,0.26,1.53,1.16,1.3,1.88,4.68,Friday,November,2014,0,0,0
11/29/2014,399385,418595,244612,-0.37,0.61,0.40,1.6,2.24,2.87,Saturday,November,2014,0,0,0
11/30/2014,393640,417861,244219,-0.54,0.61,-1.26,1.4,1.42,2.52,Sunday,November,2014,0,0,0
12/1/2014,431708,470110,270456,-0.44,0.07,-2.56,1.39,1.51,1.76,Monday,December,2014,0,0,0
12/2/2014,430834,463668,270778,0.11,0.48,-0.87,1.66,2.86,7.44,Tuesday,December,2014,0,0,0
12/3/2014,427488,464781,260752,0.34,0.52,1.24,1.59,2.8,8.37,Wednesday,December,2014,0,0,0
12/4/2014,420690,458209,260019,1.41,1.30,1.62,1.4,2.04,5.95,Thursday,December,2014,0,0,0
12/5/2014,417738,447028,265761,1.06,1.77,0.94,1.24,2.29,5.5,Friday,December,2014,0,0,0
12/6/2014,406403,405687,243832,-0.89,1.82,0.62,2.03,1.81,6.78,Saturday,December,2014,0,0,1
12/7/2014,385186,401171,242155,1.67,2.46,1.00,2.24,3.75,6.53,Sunday,December,2014,0,0,0
12/8/2014,428606,445755,257871,-1.37,2.16,1.68,2.04,2.81,8.99,Monday,December,2014,0,0,0
12/9/2014,445856,461907,253075,-1.79,1.31,1.08,2.37,2.89,6.67,Tuesday,December,2014,0,0,0
12/10/2014,424982,458960,254057,0.88,2.42,1.50,3.29,5.38,10.78,Wednesday,December,2014,0,0,0
12/11/2014,427890,449584,256252,0.04,2.81,1.66,2.6,4.5,10.07,Thursday,December,2014,0,0,0
12/12/2014,429100,444111,261995,-0.94,1.99,0.56,1.32,2.78,7.69,Friday,December,2014,0,0,0
12/13/2014,416184,412912,248390,-1.99,1.74,-0.18,1.63,3.47,7.97,Saturday,December,2014,0,0,0
12/14/2014,409816,414528,244784,-0.32,1.24,-0.61,2.9,3,5.12,Sunday,December,2014,0,0,0
12/15/2014,422203,449473,262154,0.01,2.85,1.15,2.4,4.88,9.38,Monday,December,2014,0,0,0
12/16/2014,444425,458770,261381,-1.33,1.32,0.57,1.94,3.52,7.91,Tuesday,December,2014,0,0,0
12/17/2014,458717,474456,260279,-2.93,0.21,-0.27,1.49,1.66,5.99,Wednesday,December,2014,0,0,0
12/18/2014,445258,460957,265184,-1.17,2.91,-1.15,1.05,2.55,5.98,Thursday,December,2014,0,0,0
12/19/2014,435099,434313,260965,-1.80,3.73,0.92,1.96,3.47,6.32,Friday,December,2014,0,0,0
12/20/2014,420482,417620,248491,-2.37,0.94,-0.63,2.06,2.94,6.11,Saturday,December,2014,0,0,0
12/21/2014,417030,425853,242983,-1.52,0.31,-2.33,1.71,2.9,7.16,Sunday,December,2014,0,0,0
12/22/2014,427295,437668,250937,-1.58,2.66,-3.83,1.63,2.54,4.71,Monday,December,2014,0,0,0
12/23/2014,429765,429500,252016,-1.93,1.50,-7.07,1.95,1.72,4.55,Tuesday,December,2014,0,0,0
12/24/2014,432763,407614,244888,-5.75,-1.31,-8.77,2.1,3,5.53,Wednesday,December,2014,0,0,0
12/25/2014,447235,445091,245342,-8.71,-5.72,-10.64,2.42,3,7.17,Thursday,December,2014,1,1,1
12/26/2014,461090,466926,239807,-7.06,-5.34,-6.06,1.52,2.82,6.86,Friday,December,2014,1,1,1
12/27/2014,466936,464470,247264,-9.14,-6.31,-8.59,2.25,2.12,4.39,Saturday,December,2014,0,0,0
12/28/2014,469907,494854,257064,-7.99,-8.51,-12.11,1.78,2.28,4.68,Sunday,December,2014,0,0,0
12/29/2014,473175,521478,291404,-3.81,-6.76,-12.43,1.38,2.18,3.74,Monday,December,2014,0,0,0
12/30/2014,446102,459542,277122,-0.94,-0.37,-2.00,2.03,2.91,8.13,Tuesday,December,2014,0,0,0
12/31/2014,410704,400909,252845,1.14,2.03,1.46,1.83,2.45,6.31,Wednesday,December,2014,0,0,0
1/1/2015,384766,376417,225827,2.87,3.88,1.03,2.13,3.89,6.2,Thursday,January,2015,1,1,1
1/2/2015,399787,399196,241867,2.27,4.47,1.58,3.19,5.23,9.46,Friday,January,2015,0,0,0
1/3/2015,408319,410300,237892,-0.61,1.85,-0.07,2.38,4.95,11.47,Saturday,January,2015,0,0,0
1/4/2015,419643,422993,244149,-2.25,-0.26,-5.49,2.34,4.26,7.92,Sunday,January,2015,0,0,0
1/5/2015,455796,465652,285065,-1.78,-2.14,-13.48,1.46,2.16,6.4,Monday,January,2015,0,0,0
1/6/2015,440285,445645,289062,0.94,-0.88,-14.90,2.49,2.77,3.38,Tuesday,January,2015,0,1,1
1/7/2015,432581,471204,281907,0.64,0.84,-3.78,1.54,3.42,9.18,Wednesday,January,2015,0,0,0
1/8/2015,424851,450540,265801,1.01,2.94,-0.47,2.03,3.77,8.24,Thursday,January,2015,0,0,0
1/9/2015,444703,457667,265909,-2.61,0.64,-1.63,1.87,2.31,3.27,Friday,January,2015,0,0,0
1/10/2015,430240,432207,256958,-1.54,0.45,-5.20,1.95,2.95,5.05,Saturday,January,2015,0,0,0
1/11/2015,424703,450122,266791,-4.24,-1.14,-11.02,1.68,4.3,9.64,Sunday,January,2015,0,0,0
1/12/2015,457950,493828,294258,-2.83,-0.96,-14.83,2.23,3.23,5.62,Monday,January,2015,0,0,0
1/13/2015,443682,462635,284256,-1.87,1.69,-6.85,2.89,4.47,8.46,Tuesday,January,2015,0,0,0
1/14/2015,445338,469098,269793,-2.99,0.75,-2.30,2.16,3.77,7.03,Wednesday,January,2015,0,0,0
1/15/2015,443723,468944,263384,-1.03,1.00,-0.94,3.26,4.74,6.6,Thursday,January,2015,0,0,0
1/16/2015,430045,444375,265320,0.32,3.62,1.07,4.28,5.13,11.2,Friday,January,2015,0,0,0
1/17/2015,413754,401861,244282,-1.02,1.70,1.13,2.55,4.31,8.46,Saturday,January,2015,0,0,0
1/18/2015,418721,419726,239260,-3.55,0.55,-0.37,1.29,3.03,6.72,Sunday,January,2015,0,0,0
1/19/2015,468656,478722,270558,-5.22,-0.77,-5.25,1.92,1.77,3.4,Monday,January,2015,0,0,0
1/20/2015,471586,485698,285678,-4.60,-0.73,-9.75,2.18,2.65,4.97,Tuesday,January,2015,0,0,0
1/21/2015,469048,485185,293913,-4.37,-1.10,-10.91,2.01,3.41,6.65,Wednesday,January,2015,0,0,0
1/22/2015,482854,483861,300367,-6.53,-2.08,-12.62,1.8,1.68,6.01,Thursday,January,2015,0,0,0
1/23/2015,490248,490123,298228,-6.87,-4.08,-9.40,1.82,2.29,3.75,Friday,January,2015,0,0,0
1/24/2015,440043,451064,269369,-2.76,-1.62,-4.60,2.5,3.5,5.98,Saturday,January,2015,0,0,0
1/25/2015,433412,429157,250863,-4.07,-1.72,-2.25,1.66,1.98,5.05,Sunday,January,2015,0,0,0
1/26/2015,442783,472799,265814,-0.25,-0.30,-1.36,1.68,3.11,5.06,Monday,January,2015,0,0,0
1/27/2015,442271,473531,260816,-2.33,-0.65,-1.29,1.91,1.75,6.43,Tuesday,January,2015,0,0,0
1/28/2015,427774,464789,262832,0.31,1.07,-0.80,2.5,4.04,7.73,Wednesday,January,2015,0,0,0
1/29/2015,436596,468768,264989,-1.24,0.60,-0.57,1.66,4.92,8.89,Thursday,January,2015,0,0,0
1/30/2015,440854,467455,267572,-2.00,-0.37,-1.57,2.03,2.72,6.43,Friday,January,2015,0,0,0
1/31/2015,424363,439889,252208,-3.18,-0.06,-1.33,2.85,2.99,8.4,Saturday,January,2015,0,0,0
2/1/2015,432747,435138,244451,-4.56,-0.97,-1.40,3.24,2.3,5.88,Sunday,February,2015,0,0,0
2/2/2015,473892,497386,268365,-5.41,-4.15,-2.77,1.72,2.31,5.8,Monday,February,2015,0,0,0
2/3/2015,482623,505161,271176,-6.94,-4.78,-3.33,1.73,2.54,4.64,Tuesday,February,2015,0,0,0
2/4/2015,490940,506783,271087,-8.82,-4.39,-4.02,2.06,1.77,3.4,Wednesday,February,2015,0,0,0
2/5/2015,493107,499660,271479,-6.60,-3.70,-4.30,1.62,2.16,3.34,Thursday,February,2015,0,0,0
2/6/2015,464894,473639,268450,-2.41,-0.83,-1.12,1.51,3.17,7.48,Friday,February,2015,0,0,0
2/7/2015,430170,421636,247095,-0.76,0.82,-0.42,3.24,3.69,5.9,Saturday,February,2015,0,0,0
2/8/2015,428318,429371,250161,-1.66,-1.46,-5.67,2.63,4.43,9.36,Sunday,February,2015,0,0,0
2/9/2015,432367,444395,273688,2.23,2.67,-5.29,1.99,2.99,4.14,Monday,February,2015,0,0,0
2/10/2015,421777,437899,251322,2.30,1.90,2.06,2.32,2.32,5.58,Tuesday,February,2015,0,0,0
2/11/2015,428323,446019,250244,0.58,1.16,1.72,1.87,2.81,6.06,Wednesday,February,2015,0,0,0
2/12/2015,440452,448851,257686,-0.35,1.05,-0.32,1.36,3.03,7.36,Thursday,February,2015,0,0,0
2/13/2015,441798,452774,265408,-0.64,-0.23,-3.02,1.34,2.03,3.63,Friday,February,2015,0,0,0
2/14/2015,413029,420644,249934,-1.17,-0.38,-1.95,1.42,2.4,5.46,Saturday,February,2015,0,0,0
2/15/2015,410497,417484,258115,-1.42,-0.95,-10.20,1.83,3.27,5.59,Sunday,February,2015,0,0,0
2/16/2015,443742,479469,278024,-1.37,-0.89,-7.86,2,4.07,6.83,Monday,February,2015,0,0,0
2/17/2015,438597,478779,272021,0.36,0.20,-3.07,3.01,4.08,9.85,Tuesday,February,2015,0,0,0
2/18/2015,412810,451136,256419,2.38,3.12,-0.54,2.23,3.52,6.94,Wednesday,February,2015,0,0,0
2/19/2015,403143,439974,255625,3.16,4.00,1.46,2.47,3.64,6.42,Thursday,February,2015,0,0,0
2/20/2015,404568,438801,253728,1.01,2.42,1.50,2.09,3.64,8.32,Friday,February,2015,0,0,0
2/21/2015,397324,407976,239894,-0.78,1.50,0.63,1.68,2.18,6.29,Saturday,February,2015,0,0,0
2/22/2015,400595,408130,235967,-1.85,0.80,0.36,1.81,3.49,9.4,Sunday,February,2015,0,0,0
2/23/2015,434816,466647,250899,-0.72,0.90,-0.05,3.73,4.7,6.75,Monday,February,2015,0,0,0
2/24/2015,426446,447450,252260,0.18,1.92,1.04,2.84,2.86,4.9,Tuesday,February,2015,0,0,0
2/25/2015,417413,434071,246798,0.87,2.42,1.21,1.97,3.08,4.7,Wednesday,February,2015,0,0,0
2/26/2015,430847,437008,246843,0.36,1.82,0.63,3.13,2.71,3.1,Thursday,February,2015,0,0,0
2/27/2015,418460,443586,253025,0.88,1.89,-0.24,1.82,3.38,2.63,Friday,February,2015,0,0,0
2/28/2015,397833,398394,237802,0.72,1.61,0.01,3.03,2.72,2.15,Saturday,February,2015,0,0,0
3/1/2015,388793,409310,230991,1.63,1.66,0.80,3.96,4.87,5.76,Sunday,March,2015,0,0,0
3/2/2015,409179,443499,249868,0.97,2.13,1.13,1.76,2.52,5.1,Monday,March,2015,0,0,0
3/3/2015,418659,444269,251070,-0.62,1.52,0.74,1.28,1.47,4.69,Tuesday,March,2015,0,0,0
3/4/2015,425872,450940,250382,-1.95,0.97,0.42,1.85,2.16,5.64,Wednesday,March,2015,0,0,0
3/5/2015,428592,442792,250846,-0.46,1.04,-0.06,1.92,1.95,2.93,Thursday,March,2015,0,0,0
3/6/2015,401793,423168,253521,2.09,3.45,0.11,1.9,2.67,6.4,Friday,March,2015,0,0,0
3/7/2015,373011,386837,237559,4.00,4.60,1.10,3.42,4.27,6.58,Saturday,March,2015,0,0,0
3/8/2015,360108,364485,224120,4.22,7.36,3.80,2.51,4.65,8.3,Sunday,March,2015,0,0,0
3/9/2015,402389,410170,239836,1.93,5.08,2.35,2.13,2.7,4.63,Monday,March,2015,0,0,0
3/10/2015,399477,417186,246386,3.44,5.18,1.53,4.18,4.81,7.55,Tuesday,March,2015,0,0,0
3/11/2015,394981,419170,241359,2.30,4.10,0.63,2.15,2.97,5.32,Wednesday,March,2015,0,0,0
3/12/2015,399539,423804,244406,1.94,2.06,-1.32,1.48,1.89,3.27,Thursday,March,2015,0,0,0
3/13/2015,393381,417600,248574,1.44,1.12,-1.25,1.28,2.03,4.99,Friday,March,2015,0,0,0
3/14/2015,377370,388207,234032,0.86,1.75,-1.05,2.03,2.73,4.49,Saturday,March,2015,0,0,0
3/15/2015,371235,378864,226079,1.10,2.74,-0.65,1.93,2.24,3.9,Sunday,March,2015,0,0,0
3/16/2015,396226,409763,245663,2.36,3.85,0.18,1.55,2.22,3.11,Monday,March,2015,0,0,0
3/17/2015,389901,408817,243438,2.92,4.45,0.53,1.53,2.38,3.07,Tuesday,March,2015,0,0,0
3/18/2015,391314,406586,239708,2.85,4.32,1.17,1.06,2.41,2.4,Wednesday,March,2015,0,0,0
3/19/2015,402546,409879,238626,2.03,4.12,1.45,1.51,2.46,4.45,Thursday,March,2015,0,0,0
3/20/2015,402280,419398,242929,1.69,2.54,-0.68,1.43,1.64,4.05,Friday,March,2015,0,0,0
3/21/2015,386746,401118,235887,-0.68,-0.03,-4.99,2.62,3.35,6.9,Saturday,March,2015,0,0,0
3/22/2015,395602,412783,236337,0.12,-0.26,-4.58,2.66,3.96,5.73,Sunday,March,2015,0,0,0
3/23/2015,400061,431966,248680,2.61,3.17,0.39,2.98,5.21,9.42,Monday,March,2015,0,0,0
3/24/2015,396525,417131,238591,1.48,4.15,0.57,1.9,2.96,6.38,Tuesday,March,2015,0,0,0
3/25/2015,408074,428328,248046,-0.02,0.91,-3.42,2.49,3.02,5.94,Wednesday,March,2015,0,0,0
3/26/2015,432326,445421,251575,-0.94,2.55,-2.90,2.62,4.7,8.09,Thursday,March,2015,0,0,0
3/27/2015,414273,424183,251373,0.38,3.67,0.49,1.32,2.43,8.36,Friday,March,2015,0,0,0
3/28/2015,383270,366966,230434,0.52,3.43,1.95,2.36,2.16,4.31,Saturday,March,2015,0,0,0
3/29/2015,351758,359364,213728,2.03,3.78,1.52,1.44,4.4,5.3,Sunday,March,2015,0,0,0
3/30/2015,385716,416442,247737,1.25,3.43,0.87,1.89,2.51,9.13,Monday,March,2015,0,0,0
3/31/2015,393030,426803,245474,0.18,2.42,1.37,1.56,2.7,7.05,Tuesday,March,2015,0,0,0
4/1/2015,379120,412677,245082,0.47,2.69,1.51,2.11,1.17,4.25,Wednesday,April,2015,0,0,0
4/2/2015,354402,412709,246147,0.59,2.56,1.01,3.05,2.84,4.29,Thursday,April,2015,1,0,0
4/3/2015,353086,367757,226539,0.55,2.93,1.21,2.34,2.54,2.5,Friday,April,2015,1,1,1
4/4/2015,351504,356868,222992,0.35,2.43,1.48,2.05,3.91,4.24,Saturday,April,2015,0,0,0
4/5/2015,354771,349735,214480,1.29,2.40,1.73,1.11,3.1,4.64,Sunday,April,2015,1,1,1
4/6/2015,355645,356817,217091,3.08,3.72,2.21,1.62,2.31,3.25,Monday,April,2015,1,1,1
4/7/2015,361826,382486,233321,5.49,6.61,3.06,2.16,3.08,4.37,Tuesday,April,2015,0,0,0
4/8/2015,363370,388982,231269,4.74,6.96,4.07,1.98,3.71,7.98,Wednesday,April,2015,0,0,0
4/9/2015,369702,385249,228172,4.48,7.01,4.50,1.94,3.33,6.41,Thursday,April,2015,0,0,0
4/10/2015,352544,375459,226813,5.02,7.05,4.72,2.24,3.35,5.65,Friday,April,2015,0,0,0
4/11/2015,334614,339559,208145,4.56,8.29,4.90,1.73,2.27,3.3,Saturday,April,2015,0,0,0
4/12/2015,329241,345626,203663,3.61,6.54,5.52,3.16,4.89,6.14,Sunday,April,2015,0,0,0
4/13/2015,363811,382174,218639,2.39,5.51,4.08,2.7,3.33,4.9,Monday,April,2015,0,0,0
4/14/2015,372569,402387,222183,3.13,4.23,2.39,2.09,3.48,5.74,Tuesday,April,2015,0,0,0
4/15/2015,361702,397083,219287,3.71,6.17,2.38,2.19,2.36,3.78,Wednesday,April,2015,0,0,0
4/16/2015,359719,385817,223878,3.60,5.79,2.15,2.94,3.06,4.8,Thursday,April,2015,0,0,0
4/17/2015,355418,386332,226329,4.52,4.80,3.13,3.33,4.39,4.62,Friday,April,2015,0,0,0
4/18/2015,329831,345932,211333,5.09,6.24,2.99,2.09,2.95,3.42,Saturday,April,2015,0,0,0
4/19/2015,312943,322446,202491,7.06,8.37,4.41,2.43,3.77,4.82,Sunday,April,2015,0,0,0
4/20/2015,326618,357234,217368,8.30,9.56,4.75,1.64,3.31,5.41,Monday,April,2015,0,0,0
4/21/2015,325904,347705,215747,6.48,8.90,5.73,1.45,2.3,3.48,Tuesday,April,2015,0,0,0
4/22/2015,327511,353836,217185,6.88,9.37,5.68,2.08,2.56,5.15,Wednesday,April,2015,0,0,0
4/23/2015,327908,355954,219816,5.63,9.56,4.19,2.81,3.87,8.18,Thursday,April,2015,0,0,0
4/24/2015,342045,355955,221775,4.26,7.62,3.38,1.51,3.01,5.19,Friday,April,2015,0,0,0
4/25/2015,328769,322322,207456,4.34,8.59,4.37,2.68,2.68,3.06,Saturday,April,2015,0,0,0
4/26/2015,319701,320509,201399,3.78,8.39,4.34,2.22,3,3.8,Sunday,April,2015,0,0,0
4/27/2015,352612,365811,219704,3.03,7.05,5.79,1.62,2.12,2.77,Monday,April,2015,0,0,0
4/28/2015,361934,366497,216938,3.36,6.75,7.00,1.24,1.77,3.04,Tuesday,April,2015,0,0,0
4/29/2015,351094,367578,224768,3.63,6.47,3.55,1.8,2.36,5.28,Wednesday,April,2015,0,0,0
4/30/2015,352903,363673,216314,3.64,7.03,4.48,1.71,4,4.04,Thursday,April,2015,0,0,0
5/1/2015,326603,331390,194132,4.04,6.34,7.57,0.89,2.19,5.18,Friday,May,2015,1,1,1
5/2/2015,323856,328957,198663,4.32,6.65,5.26,2.03,3.6,3.62,Saturday,May,2015,0,0,0
5/3/2015,317861,313432,194086,4.88,7.33,5.10,1.44,1.81,4.07,Sunday,May,2015,0,0,0
5/4/2015,348900,369038,211945,5.05,7.95,5.96,1.75,3.39,2.7,Monday,May,2015,0,0,0
5/5/2015,339277,355689,206931,7.06,10.08,8.20,2.28,2.45,4.27,Tuesday,May,2015,0,0,0
5/6/2015,320407,345194,202017,8.28,11.33,10.06,3.13,3.13,5.26,Wednesday,May,2015,0,0,0
5/7/2015,329623,341347,203580,6.66,9.90,10.17,2.24,3.11,1.31,Thursday,May,2015,0,0,0
5/8/2015,330862,339737,208040,5.60,8.24,8.53,2.95,4.25,4.35,Friday,May,2015,0,0,0
5/9/2015,322718,312690,194585,4.82,8.60,7.35,1.37,2.67,5.81,Saturday,May,2015,0,0,0
5/10/2015,313224,321917,186612,6.46,8.42,8.49,2.31,2.09,3.51,Sunday,May,2015,0,0,0
5/11/2015,337946,344745,206017,7.08,10.48,8.26,2.94,3.05,4.2,Monday,May,2015,0,0,0
5/12/2015,332364,351321,207741,7.37,11.04,8.81,2.23,3.26,6.05,Tuesday,May,2015,0,0,0
5/13/2015,327756,353232,215645,7.54,9.38,7.60,2.23,3.89,9.48,Wednesday,May,2015,0,0,0
5/14/2015,312767,324627,199617,6.20,9.36,7.17,2.48,2.59,6.44,Thursday,May,2015,1,1,1
5/15/2015,325374,339330,207016,6.54,8.42,6.04,1.78,3.23,4.05,Friday,May,2015,0,0,0
5/16/2015,312717,316351,195330,5.53,7.96,7.02,2.12,1.97,2.82,Saturday,May,2015,0,0,0
5/17/2015,304187,327257,187035,5.21,7.15,7.87,2.45,2.51,1.56,Sunday,May,2015,1,0,0
5/18/2015,329306,354498,206489,6.39,8.04,6.65,1.35,2.62,1.87,Monday,May,2015,0,0,0
5/19/2015,329215,357540,204617,6.49,8.43,8.14,2.62,2.78,3.61,Tuesday,May,2015,0,0,0
5/20/2015,324291,352547,203325,6.96,9.55,9.81,1.93,2.82,3.82,Wednesday,May,2015,0,0,0
5/21/2015,323807,340786,202671,7.48,10.36,9.54,2.02,2.14,2.87,Thursday,May,2015,0,0,0
5/22/2015,320838,330751,200100,7.07,10.51,10.95,2.95,4,4.33,Friday,May,2015,0,0,0
5/23/2015,295865,290057,184953,7.30,10.71,9.01,2.63,3.91,6.51,Saturday,May,2015,0,0,0
5/24/2015,298256,289151,179276,6.17,10.82,8.80,2.04,1.72,4.86,Sunday,May,2015,1,1,1
5/25/2015,298469,339900,200835,7.48,10.42,10.24,1.4,2.65,3.52,Monday,May,2015,1,0,0
5/26/2015,318147,343001,198392,7.75,10.29,12.32,1.91,1.75,2.26,Tuesday,May,2015,0,0,0
5/27/2015,313649,343956,194314,8.51,10.63,11.78,1.88,2.36,3.46,Wednesday,May,2015,0,0,0
5/28/2015,361275,345700,194878,6.85,10.49,11.66,2.01,2.82,3.7,Thursday,May,2015,0,0,0
5/29/2015,317291,334374,199498,7.27,10.24,10.99,2.71,3.65,3.94,Friday,May,2015,0,0,0
5/30/2015,301588,312087,184104,6.86,9.52,11.85,1.77,3.57,3.79,Saturday,May,2015,0,0,0
5/31/2015,289667,308113,179556,8.60,10.45,11.14,2.47,4.72,5.66,Sunday,May,2015,0,0,0
6/1/2015,315425,343470,202460,7.69,10.97,11.45,4.06,4.71,6.37,Monday,June,2015,0,0,0
6/2/2015,327762,351332,203504,7.00,10.75,12.33,3.52,3.79,3.12,Tuesday,June,2015,0,0,0
6/3/2015,317656,350893,204419,8.62,12.03,11.17,3.6,5.18,8.57,Wednesday,June,2015,0,0,0
6/4/2015,317723,338426,201875,8.70,12.06,11.12,2.53,3.77,6.77,Thursday,June,2015,0,0,0
6/5/2015,309156,317503,199735,9.81,13.34,11.45,1.68,2.1,4.05,Friday,June,2015,0,0,0
6/6/2015,285288,278041,188809,10.05,14.27,12.46,2.52,3.83,3.8,Saturday,June,2015,0,1,0
6/7/2015,277529,297188,181265,9.10,12.47,12.08,3.05,4.64,8.04,Sunday,June,2015,0,0,0
6/8/2015,308383,343437,204029,8.85,11.45,11.14,1.31,2.33,4.75,Monday,June,2015,0,0,0
6/9/2015,309086,339466,202824,9.91,12.64,11.05,1.48,1.97,3.8,Tuesday,June,2015,0,0,0
6/10/2015,304664,332604,200812,10.46,13.97,11.68,2.29,3.41,5.77,Wednesday,June,2015,0,0,0
6/11/2015,298087,334046,203400,11.33,14.72,11.56,2.13,2.19,4.88,Thursday,June,2015,0,0,0
6/12/2015,297849,323553,205342,11.90,16.51,13.02,1.74,2.7,5.07,Friday,June,2015,0,0,0
6/13/2015,279892,287772,186666,10.47,16.53,14.47,1.6,1.96,4.15,Saturday,June,2015,0,0,0
6/14/2015,276959,288383,185312,8.85,13.49,11.86,2.14,1.97,3,Sunday,June,2015,0,0,0
6/15/2015,309951,337874,204301,8.69,11.93,10.71,1.82,3.03,5.83,Monday,June,2015,0,0,0
6/16/2015,307441,339625,198932,9.59,12.51,10.18,1.7,2.19,6.49,Tuesday,June,2015,0,0,0
6/17/2015,314980,349164,190016,8.87,11.84,11.04,1.21,2.24,4.81,Wednesday,June,2015,0,0,0
6/18/2015,307745,344833,186771,10.22,11.87,10.87,1.08,2,4.79,Thursday,June,2015,0,0,0
6/19/2015,298766,287960,169024,11.12,12.00,12.63,1.61,1.98,2.43,Friday,June,2015,0,0,0
6/20/2015,277275,273288,160392,12.33,13.45,13.35,1.55,1.6,1.5,Saturday,June,2015,0,1,1
6/21/2015,271138,281156,159829,12.47,13.46,14.41,1,1.5,1.88,Sunday,June,2015,0,0,0
6/22/2015,293948,333508,182688,12.70,13.21,14.99,1.49,2.17,1.8,Monday,June,2015,0,0,0
6/23/2015,292095,336412,192794,12.49,13.54,14.71,0.59,2.58,2.37,Tuesday,June,2015,0,0,0
6/24/2015,293626,331764,199799,11.54,13.32,13.67,1.19,2.12,4.51,Wednesday,June,2015,0,0,0
6/25/2015,301014,338716,201103,10.54,13.20,13.64,1.89,2.7,5.73,Thursday,June,2015,0,0,0
6/26/2015,297279,328768,200947,11.11,13.24,12.89,1.31,2.12,3.28,Friday,June,2015,0,0,0
6/27/2015,270367,291131,187078,12.71,14.86,13.26,1.43,1.92,3.7,Saturday,June,2015,0,0,0
6/28/2015,266927,278743,179550,12.90,16.21,14.87,2.01,2.4,3.43,Sunday,June,2015,0,0,0
6/29/2015,290870,328121,197857,12.99,15.98,16.37,2.1,2.65,3.45,Monday,June,2015,0,0,0
6/30/2015,291372,322595,199890,13.82,16.20,14.88,1.64,1.96,3.47,Tuesday,June,2015,0,0,0
7/1/2015,287781,320630,196031,16.41,18.24,15.55,1.62,1.33,3.99,Wednesday,July,2015,0,0,0
7/2/2015,283739,310561,197069,18.19,20.52,17.66,2.18,2.36,2.47,Thursday,July,2015,0,0,0
7/3/2015,279367,306678,199195,16.76,21.30,20.56,1.92,3.3,5.86,Friday,July,2015,0,0,0
7/4/2015,260823,269413,184739,16.10,21.31,18.74,1.42,1.89,4.81,Saturday,July,2015,0,0,0
7/5/2015,254014,273514,178117,17.07,21.06,15.75,1.27,2.19,3.04,Sunday,July,2015,0,0,0
7/6/2015,274061,300687,195766,13.67,16.97,14.87,2.93,3.32,6.42,Monday,July,2015,0,0,0
7/7/2015,282608,306137,197873,13.00,16.54,13.63,2.58,4.73,6.48,Tuesday,July,2015,0,0,0
7/8/2015,284175,310738,196056,11.61,15.22,14.56,1.45,2.84,3.37,Wednesday,July,2015,0,0,0
7/9/2015,281315,301847,197808,11.31,13.41,15.11,2.78,2.1,5.32,Thursday,July,2015,0,0,0
7/10/2015,278929,304252,195669,11.73,12.93,14.66,2.98,3.15,3.7,Friday,July,2015,0,0,0
7/11/2015,264983,271170,184309,12.81,15.58,14.68,1.4,2.68,3.32,Saturday,July,2015,0,0,0
7/12/2015,254991,268798,181642,14.09,15.59,12.82,1.3,1.44,2.85,Sunday,July,2015,0,0,0
7/13/2015,273007,290648,192929,13.74,15.26,13.07,1.16,1.08,2.7,Monday,July,2015,0,0,0
7/14/2015,274034,288254,196898,12.95,15.67,13.62,0.86,1.18,1.83,Tuesday,July,2015,0,0,0
7/15/2015,269631,290331,195351,12.43,15.67,14.58,1.18,1.71,2.54,Wednesday,July,2015,0,0,0
7/16/2015,274384,289004,193196,11.30,15.16,14.85,2.49,1.77,2.03,Thursday,July,2015,0,0,0
7/17/2015,271569,276969,191797,12.62,15.17,15.01,1.4,2.68,2.67,Friday,July,2015,0,0,0
7/18/2015,256479,259365,182242,12.53,15.87,15.58,3.08,3.42,3.7,Saturday,July,2015,0,0,0
7/19/2015,255490,263978,178643,12.98,15.21,14.84,1.89,3.35,6.29,Sunday,July,2015,0,0,0
7/20/2015,269965,282956,191206,13.17,15.28,15.11,1.26,1.9,2.51,Monday,July,2015,0,0,0
7/21/2015,273436,282498,193453,12.09,15.00,15.73,1.91,2.78,4.16,Tuesday,July,2015,0,0,0
7/22/2015,270631,286218,194647,13.40,16.38,14.65,1.8,3.01,5.36,Wednesday,July,2015,0,0,0
7/23/2015,270809,283069,194044,12.50,15.42,14.78,1.71,2.99,4.12,Thursday,July,2015,0,0,0
7/24/2015,273396,284788,192821,11.90,15.17,14.78,2.1,3.45,7.11,Friday,July,2015,0,0,0
7/25/2015,262509,272244,181893,11.57,14.43,15.93,1.79,2.97,3.49,Saturday,July,2015,0,0,0
7/26/2015,259478,277278,181342,11.31,14.69,15.17,3.03,3.65,5.45,Sunday,July,2015,0,0,0
7/27/2015,272842,295862,195447,12.49,14.48,15.30,1.7,3.55,5.94,Monday,July,2015,0,0,0
7/28/2015,277351,294148,196482,13.10,15.05,15.44,1.8,2.69,1.75,Tuesday,July,2015,0,0,0
7/29/2015,275961,297640,196112,13.04,14.74,15.52,2.37,2.19,2.02,Wednesday,July,2015,0,0,0
7/30/2015,273982,289724,193911,12.97,14.29,14.90,1.74,1.31,5.1,Thursday,July,2015,0,0,0
7/31/2015,273200,287803,194606,11.68,14.39,14.52,1.66,1.95,4.5,Friday,July,2015,0,0,0
8/1/2015,266815,270846,182013,11.94,14.60,14.27,1.86,2.31,6,Saturday,August,2015,0,0,0
8/2/2015,262467,274163,176164,11.99,15.21,14.59,2.28,2.84,6.44,Sunday,August,2015,0,0,0
8/3/2015,284690,304813,196449,12.56,16.11,15.17,1.46,2.04,5.06,Monday,August,2015,0,0,0
8/4/2015,287370,304810,195968,14.36,17.98,15.88,1.88,2.42,2.69,Tuesday,August,2015,0,0,0
8/5/2015,282529,315419,197639,14.96,17.72,17.13,2.24,2.13,3.62,Wednesday,August,2015,0,0,0
8/6/2015,286258,312397,197372,14.74,17.96,17.73,1.82,2.06,3.36,Thursday,August,2015,0,0,0
8/7/2015,277471,306655,196454,14.80,19.36,18.17,1.53,2.66,2.77,Friday,August,2015,0,0,0
8/8/2015,262010,270016,179089,13.96,17.79,18.55,1.56,2.6,4.54,Saturday,August,2015,0,0,0
8/9/2015,265778,273065,173580,13.69,16.76,17.66,1.64,1.31,2.75,Sunday,August,2015,0,0,0
8/10/2015,287600,321425,194349,15.01,17.84,17.97,1.84,2.07,1.64,Monday,August,2015,0,0,0
8/11/2015,285687,320436,195261,14.59,17.46,18.81,2.15,2.12,1.49,Tuesday,August,2015,0,0,0
8/12/2015,288496,326157,194957,13.13,16.98,17.93,1.82,2.26,2.2,Wednesday,August,2015,0,0,0
8/13/2015,294356,317797,196592,13.53,16.38,15.18,1.66,2.06,5.64,Thursday,August,2015,0,0,0
8/14/2015,284765,306795,199397,15.38,17.05,15.41,1.46,2.3,4.52,Friday,August,2015,0,0,0
8/15/2015,265975,276822,181362,15.91,17.78,15.25,2.35,2.25,3.05,Saturday,August,2015,0,0,0
8/16/2015,256052,274466,176656,15.62,17.80,15.11,2.11,2.76,4.42,Sunday,August,2015,0,0,0
8/17/2015,278271,314344,199402,16.15,16.98,15.73,2.13,2.92,3.25,Monday,August,2015,0,0,0
8/18/2015,282688,311943,200831,15.76,17.23,16.54,2.07,2.42,2.99,Tuesday,August,2015,0,0,0
8/19/2015,283163,318629,200884,16.69,17.18,16.76,1.78,2.43,1.5,Wednesday,August,2015,0,0,0
8/20/2015,281840,318756,200017,16.34,17.43,17.44,1.61,2.13,1.54,Thursday,August,2015,0,0,0
8/21/2015,280183,313929,201590,16.71,17.55,17.53,1.34,2.42,2.92,Friday,August,2015,0,0,0
8/22/2015,259244,280045,184558,17.01,17.70,17.98,1.06,1.72,2.36,Saturday,August,2015,0,0,0
8/23/2015,253502,274078,180252,17.32,17.85,18.57,1.45,2.03,2.14,Sunday,August,2015,0,0,0
8/24/2015,279800,326405,200283,16.67,18.72,18.65,2.36,2.77,3.47,Monday,August,2015,0,0,0
8/25/2015,283075,323972,200082,15.35,18.26,18.97,2.48,3.12,4.71,Tuesday,August,2015,0,0,0
8/26/2015,283343,323333,202456,14.59,16.90,17.33,2.75,3.35,5.09,Wednesday,August,2015,0,0,0
8/27/2015,286747,325002,203731,14.09,17.15,16.70,2.7,3.53,3.9,Thursday,August,2015,0,0,0
8/28/2015,280629,313661,208176,12.97,15.83,15.09,2.26,3.55,6.05,Friday,August,2015,0,0,0
8/29/2015,267777,278359,186951,12.93,15.82,14.99,2.16,3.66,5.89,Saturday,August,2015,0,0,0
8/30/2015,265868,285081,184071,13.22,16.16,14.33,1.65,2.64,3.78,Sunday,August,2015,0,0,0
8/31/2015,291673,330753,205662,12.90,15.71,14.60,1.11,1.55,2.41,Monday,August,2015,0,0,0
9/1/2015,299095,338099,205359,12.02,15.05,14.19,3.05,3.34,1.74,Tuesday,September,2015,0,0,0
9/2/2015,299753,336805,208592,11.38,14.21,12.21,3.56,4.04,5.29,Wednesday,September,2015,0,0,0
9/3/2015,297030,330330,211415,11.59,13.83,12.12,1.3,2.72,4.36,Thursday,September,2015,0,0,0
9/4/2015,299321,327666,209403,10.76,12.77,13.54,1.59,1.42,3.47,Friday,September,2015,0,0,0
9/5/2015,279452,294055,191937,9.74,12.26,12.49,2.86,2.44,4.51,Saturday,September,2015,0,0,0
9/6/2015,277588,293305,188714,9.96,11.79,11.93,3.03,4.04,2.39,Sunday,September,2015,0,0,0
9/7/2015,302986,339449,212361,11.00,12.19,11.40,2.11,4.21,5.22,Monday,September,2015,0,0,0
9/8/2015,300759,343714,216628,11.60,12.21,11.68,1.67,3.86,6.01,Tuesday,September,2015,0,0,0
9/9/2015,299097,348710,214672,12.60,12.35,11.44,1.22,1.33,3.68,Wednesday,September,2015,0,0,0
9/10/2015,299674,345944,212423,12.78,13.02,12.85,1.55,1.29,2.72,Thursday,September,2015,0,0,0
9/11/2015,294100,330583,214276,12.86,13.34,13.56,1.72,1.73,3.84,Friday,September,2015,0,0,0
9/12/2015,279007,292073,196114,12.53,13.99,13.73,2.25,3.18,4.26,Saturday,September,2015,0,0,0
9/13/2015,274835,293908,191333,12.47,13.98,13.04,2.64,3.12,4.83,Sunday,September,2015,0,0,0
9/14/2015,298965,331234,212016,13.12,14.88,12.97,3.24,3.83,4.45,Monday,September,2015,0,0,0
9/15/2015,306558,332450,213054,11.84,13.65,13.13,3.07,4.09,6.61,Tuesday,September,2015,0,0,0
9/16/2015,307634,337318,214298,11.04,13.72,13.12,1.69,2.74,3.87,Wednesday,September,2015,0,0,0
9/17/2015,309274,326341,209524,11.90,15.41,14.19,2.31,3.28,4.01,Thursday,September,2015,0,0,0
9/18/2015,299246,313308,162968,12.41,14.14,14.81,1.75,4.73,7.92,Friday,September,2015,0,0,0
9/19/2015,287789,289371,166644,10.69,13.26,13.52,1.66,2.94,9,Saturday,September,2015,0,0,0
9/20/2015,286386,292824,182520,9.98,11.84,12.08,1.21,1.63,3.97,Sunday,September,2015,0,0,0
9/21/2015,315076,340573,208010,9.68,11.23,11.20,1.09,0.92,1.92,Monday,September,2015,0,0,0
9/22/2015,319829,345612,210868,9.84,11.49,11.15,1.52,2.36,4.84,Tuesday,September,2015,0,0,0
9/23/2015,314296,343310,212504,10.94,12.90,11.79,1.31,2.47,5.12,Wednesday,September,2015,0,0,0
9/24/2015,333622,339540,211449,10.82,12.59,12.94,2.27,2.8,4.01,Thursday,September,2015,0,0,0
9/25/2015,331731,326514,209051,9.04,12.32,12.52,2.33,3.24,4.11,Friday,September,2015,0,0,0
9/26/2015,297516,299922,194815,8.77,11.09,10.80,1.89,2.53,4.07,Saturday,September,2015,0,0,0
9/27/2015,297012,304476,193946,9.15,10.62,9.56,1.51,2.77,4.02,Sunday,September,2015,0,0,0
9/28/2015,321550,348036,215857,9.51,10.37,9.13,1.32,2.79,6.24,Monday,September,2015,0,0,0
9/29/2015,318750,346481,218808,10.28,10.36,8.33,1.89,2.25,3.94,Tuesday,September,2015,0,0,0
9/30/2015,319489,343338,216897,10.25,11.30,10.52,1.58,2.18,5.9,Wednesday,September,2015,0,0,0
10/1/2015,317363,338212,214891,10.08,11.95,10.87,2.07,2.92,6.53,Thursday,October,2015,0,0,0
10/2/2015,315708,340450,218208,9.65,12.45,11.47,2.55,4.09,8.56,Friday,October,2015,0,0,0
10/3/2015,305085,313391,204595,8.22,10.55,8.29,1.54,1.86,5.69,Saturday,October,2015,0,0,0
10/4/2015,302971,317367,203872,7.80,10.07,8.97,1.23,2.14,5.21,Sunday,October,2015,0,0,0
10/5/2015,332056,364924,225047,7.43,9.11,5.05,1.83,2.77,5.34,Monday,October,2015,0,0,0
10/6/2015,332749,369158,232981,7.13,8.05,2.52,2.56,2.96,5.01,Tuesday,October,2015,0,0,0
10/7/2015,341765,378832,234406,6.28,7.62,1.38,2.22,2.77,4.06,Wednesday,October,2015,0,0,0
10/8/2015,347130,387137,237344,6.20,7.35,0.50,1.74,2.2,3.79,Thursday,October,2015,0,0,0
10/9/2015,347471,382704,242259,6.26,6.24,0.33,1.26,2.06,4.9,Friday,October,2015,0,0,0
10/10/2015,323247,358313,225034,7.00,5.50,1.12,0.96,1.71,5.24,Saturday,October,2015,0,0,0
10/11/2015,316645,346151,217297,6.95,5.81,2.02,1.02,1.53,3.87,Sunday,October,2015,0,0,0
10/12/2015,343997,391640,233047,6.43,5.91,3.48,1.18,1.43,3.61,Monday,October,2015,0,0,0
10/13/2015,350636,386826,230092,5.68,6.49,3.87,0.8,1.21,2.48,Tuesday,October,2015,0,0,0
10/14/2015,357816,388944,229728,4.73,6.69,4.40,1.26,0.84,3.81,Wednesday,October,2015,0,0,0
10/15/2015,360926,388487,231536,4.46,6.81,4.81,0.78,1.99,3.76,Thursday,October,2015,0,0,0
10/16/2015,363479,384128,227916,4.41,6.25,5.65,1.54,1.86,4.43,Friday,October,2015,0,0,0
10/17/2015,344945,357743,214146,4.94,5.73,5.26,1.88,1.62,3.42,Saturday,October,2015,0,0,0
10/18/2015,336695,342698,207188,5.20,5.96,5.69,1.65,1.83,3.58,Sunday,October,2015,0,0,0
10/19/2015,365776,391868,228522,4.60,5.70,4.50,1.22,1.2,3.95,Monday,October,2015,0,0,0
10/20/2015,363080,386589,235551,5.21,6.69,4.22,1.06,1.32,4.25,Tuesday,October,2015,0,0,0
10/21/2015,363555,379282,234298,5.93,7.97,5.82,2.17,3.13,6.23,Wednesday,October,2015,0,0,0
10/22/2015,342959,373497,232085,7.69,10.09,7.80,2.61,4.22,10.03,Thursday,October,2015,0,0,0
10/23/2015,340561,369660,227503,7.40,9.69,8.00,2.36,3.3,6.39,Friday,October,2015,0,0,0
10/24/2015,330470,335758,214528,7.19,8.35,5.83,2.41,2.64,4.47,Saturday,October,2015,0,0,0
10/25/2015,337085,344768,217487,5.70,8.60,7.26,2.26,3.87,6.72,Sunday,October,2015,0,0,0
10/26/2015,358108,391440,230395,5.42,6.20,4.85,1.67,2.81,7.05,Monday,October,2015,0,0,0
10/27/2015,368523,395627,238877,4.72,6.11,2.50,1.3,2.79,6.76,Tuesday,October,2015,0,0,0
10/28/2015,372602,400762,249449,4.60,5.45,0.00,1.12,2.3,3.44,Wednesday,October,2015,0,0,0
10/29/2015,378595,405314,248256,3.92,5.07,1.53,1.05,1.3,4.61,Thursday,October,2015,0,0,0
10/30/2015,374298,383065,250003,5.06,5.76,0.21,1.21,1.89,2.91,Friday,October,2015,0,0,0
10/31/2015,338508,333434,224806,7.49,7.66,4.15,2.14,2.77,6.6,Saturday,October,2015,0,1,1
11/1/2015,328443,335478,214469,7.50,8.36,6.82,1.82,3.15,6.8,Sunday,November,2015,0,0,0
11/2/2015,352606,369617,232731,7.29,9.20,7.82,1.74,3.38,6.26,Monday,November,2015,0,0,0
11/3/2015,358981,382476,229463,6.78,7.49,7.87,1.31,2.45,5.21,Tuesday,November,2015,0,0,0
11/4/2015,362885,386312,231515,5.64,7.07,6.30,1.07,2.17,5.45,Wednesday,November,2015,0,0,0
11/5/2015,374765,396218,242669,5.63,6.48,2.11,0.88,1.49,2.76,Thursday,November,2015,0,0,0
11/6/2015,368615,375332,242595,6.53,7.90,4.06,1.06,1.99,4.09,Friday,November,2015,0,0,0
11/7/2015,333014,338546,224181,7.15,9.58,5.79,1.41,2.82,6.65,Saturday,November,2015,0,0,0
11/8/2015,334333,336126,214187,5.80,7.66,5.87,2.25,3.19,4.27,Sunday,November,2015,0,0,0
11/9/2015,368459,387344,239609,5.60,7.90,4.82,2.73,3.48,4.62,Monday,November,2015,0,0,0
11/10/2015,374551,390657,238349,5.41,8.24,4.30,2.11,2.86,3.44,Tuesday,November,2015,0,0,0
11/11/2015,383920,389045,243177,4.62,7.64,3.30,1.67,2.67,4.45,Wednesday,November,2015,0,0,0
11/12/2015,385450,401612,247041,3.82,7.00,2.24,1.44,2.25,3.69,Thursday,November,2015,0,0,0
11/13/2015,377052,395885,248319,4.14,6.77,2.81,2.33,3.57,4.63,Friday,November,2015,0,0,0
11/14/2015,360768,365808,226230,2.70,5.20,4.31,2.09,2.48,5.44,Saturday,November,2015,0,0,0
11/15/2015,363854,370914,220449,2.49,4.89,2.42,1.81,1.97,3.37,Sunday,November,2015,0,0,0
11/16/2015,404629,415269,244850,2.07,5.05,2.15,2.02,2.57,3.54,Monday,November,2015,0,0,0
11/17/2015,406964,414355,242683,2.38,5.45,3.11,1.7,3.26,6.38,Tuesday,November,2015,0,0,0
11/18/2015,409506,412583,245749,1.58,5.49,2.83,1.4,1.64,3.7,Wednesday,November,2015,0,0,0
11/19/2015,422294,410627,245243,0.08,3.87,2.20,2.42,2.6,4.06,Thursday,November,2015,0,0,0
11/20/2015,442737,438586,250451,-2.44,0.09,1.23,1.79,2.87,3,Friday,November,2015,0,0,0
11/21/2015,431020,419642,237107,-3.73,-2.01,-0.38,2.05,2.96,7.49,Saturday,November,2015,0,0,0
11/22/2015,433311,429315,235147,-5.08,-2.34,-1.79,2.18,2.6,6.38,Sunday,November,2015,0,0,0
11/23/2015,459681,487409,259603,-2.59,-3.43,-3.18,1.31,1.98,3.37,Monday,November,2015,0,0,0
11/24/2015,437401,455191,261260,1.83,1.96,-1.04,1.51,2.79,5.68,Tuesday,November,2015,0,0,0
11/25/2015,433938,440291,252475,-0.11,2.54,2.39,1.06,3.45,9.26,Wednesday,November,2015,0,0,0
11/26/2015,442012,435481,249889,-0.24,1.74,1.49,2.05,2.51,8.73,Thursday,November,2015,0,0,0
11/27/2015,398873,405897,247026,5.26,5.53,4.95,2.77,5.13,11.55,Friday,November,2015,0,0,0
11/28/2015,387528,380600,227628,1.73,4.02,4.82,2.22,4.72,11.28,Saturday,November,2015,0,0,0
11/29/2015,393313,390916,226226,0.47,3.17,2.22,2.3,4.1,8.31,Sunday,November,2015,0,0,0
11/30/2015,434543,450727,247659,-0.41,2.57,2.15,2.06,3.89,10.51,Monday,November,2015,0,0,0
12/1/2015,438984,452551,250088,-0.07,1.98,0.90,2.36,3.84,6.64,Tuesday,December,2015,0,0,0
12/2/2015,429678,451548,256090,2.24,2.58,-0.11,1.64,2.67,5.93,Wednesday,December,2015,0,0,0
12/3/2015,426550,425703,253385,0.85,5.24,1.37,1.66,2.74,6.51,Thursday,December,2015,0,0,0
12/4/2015,417954,421030,256072,2.10,5.13,1.90,2.57,5.3,8.97,Friday,December,2015,0,0,0
12/5/2015,381962,381195,235935,5.00,7.48,3.17,3.48,5.3,10.5,Saturday,December,2015,0,0,0
12/6/2015,374980,377232,223464,4.13,8.39,5.57,3.23,6.27,12.23,Sunday,December,2015,0,0,1
12/7/2015,417942,435383,248010,1.75,4.80,2.96,2.31,4.86,10.36,Monday,December,2015,0,0,0
12/8/2015,413296,439412,253196,3.89,3.53,1.30,2.13,2.81,7.06,Tuesday,December,2015,0,0,0
12/9/2015,398754,416807,249092,3.69,5.84,4.69,2.46,4.24,9.27,Wednesday,December,2015,0,0,0
12/10/2015,401798,423578,247414,3.73,6.57,4.34,3.86,5.32,10.33,Thursday,December,2015,0,0,0
12/11/2015,427477,429419,247483,-0.14,3.63,2.57,1.82,3.45,7.73,Friday,December,2015,0,0,0
12/12/2015,419646,412748,237167,-1.47,1.57,0.86,1.78,2.76,3.98,Saturday,December,2015,0,0,0
12/13/2015,428017,436898,238471,-3.68,-1.12,-0.78,1.49,2.62,2.58,Sunday,December,2015,0,0,0
12/14/2015,476663,489074,267011,-3.69,-2.04,-2.85,0.99,1.89,4.56,Monday,December,2015,0,0,0
12/15/2015,480397,489759,269046,-3.96,-1.05,-2.58,1.26,2.39,5.37,Tuesday,December,2015,0,0,0
12/16/2015,472062,483555,266233,-2.04,-0.49,-1.69,0.87,2.9,5.8,Wednesday,December,2015,0,0,0
12/17/2015,448341,456840,266619,1.19,3.36,-2.21,1.28,2.26,4.55,Thursday,December,2015,0,0,0
12/18/2015,415310,416986,256237,3.88,6.80,1.38,2.03,3.71,6.35,Friday,December,2015,0,0,0
12/19/2015,379976,365504,233256,4.87,7.69,2.10,1.76,3.27,6.65,Saturday,December,2015,0,0,0
12/20/2015,364911,356865,221411,6.24,9.42,5.53,3.15,4.59,7.78,Sunday,December,2015,0,0,0
12/21/2015,389693,403497,228809,3.99,7.23,5.52,2.94,5.15,9.54,Monday,December,2015,0,0,0
12/22/2015,401479,410849,226433,2.77,6.04,3.21,2.3,3.5,7.31,Tuesday,December,2015,0,0,0
12/23/2015,400711,391621,224867,1.73,6.52,1.74,2.15,4.21,7.28,Wednesday,December,2015,0,0,0
12/24/2015,376730,353496,205725,3.86,5.42,1.84,3.6,4.42,6.59,Thursday,December,2015,0,0,0
12/25/2015,369195,356214,197418,2.34,5.44,3.71,3.38,6.06,10.09,Friday,December,2015,1,1,1
12/26/2015,401043,377454,208411,-2.85,1.33,-0.67,1.57,3.02,10.15,Saturday,December,2015,1,1,1
12/27/2015,430764,403901,227058,-4.12,0.21,-4.64,2.14,1.9,5.16,Sunday,December,2015,0,0,0
12/28/2015,460792,447463,262716,-4.17,-0.75,-4.91,1.52,2.15,4.43,Monday,December,2015,0,0,0
12/29/2015,444726,449458,276102,-1.23,-0.63,-5.99,1.84,2.56,3.25,Tuesday,December,2015,0,0,0
12/30/2015,424700,441614,267571,1.80,0.25,-2.53,2.8,3.45,5.78,Wednesday,December,2015,0,0,0
12/31/2015,406274,415560,255072,1.26,0.29,-2.24,2.47,3.28,5.63,Thursday,December,2015,0,0,0
1/1/2016,393809,393142,253018,1.14,0.83,-5.74,1.95,3.32,6.38,Friday,January,2016,1,1,1
1/2/2016,420780,432861,269913,-2.13,-2.91,-8.73,2.32,2.72,4.21,Saturday,January,2016,0,0,0
1/3/2016,449120,456164,269226,-6.05,-5.03,-8.85,1.89,1.84,5.84,Sunday,January,2016,0,0,0
1/4/2016,499773,518802,297791,-8.45,-5.98,-12.70,1.82,1.84,5.48,Monday,January,2016,0,0,0
1/5/2016,511469,526037,312776,-9.35,-6.82,-15.92,1.9,2.61,5.05,Tuesday,January,2016,0,0,0
1/6/2016,525429,537978,318080,-11.51,-9.31,-20.29,1.55,2.28,4.09,Wednesday,January,2016,0,1,1
1/7/2016,534340,570836,343148,-12.39,-8.72,-22.85,1.45,1.38,4.55,Thursday,January,2016,0,0,0
1/8/2016,528658,533373,336351,-11.39,-5.81,-18.42,1.99,2.5,3.89,Friday,January,2016,0,0,0
1/9/2016,511448,498526,306685,-10.83,-5.83,-14.46,1.99,2.24,5.48,Saturday,January,2016,0,0,0
1/10/2016,488488,475492,300098,-7.12,-1.97,-14.34,2.27,3.09,4.32,Sunday,January,2016,0,0,0
1/11/2016,494318,503544,311743,-4.19,-0.10,-10.93,1.87,3.4,8.81,Monday,January,2016,0,0,0
1/12/2016,497493,506278,303968,-5.83,-2.47,-10.87,1.96,3.05,8.69,Tuesday,January,2016,0,0,0
1/13/2016,507106,540371,309821,-8.54,-7.44,-11.85,1.77,4.92,7.55,Wednesday,January,2016,0,0,0
1/14/2016,526644,569026,308426,-11.53,-11.50,-12.40,1.63,3.29,6.66,Thursday,January,2016,0,0,0
1/15/2016,532787,578450,312098,-11.20,-12.72,-13.11,1.77,2.38,4.77,Friday,January,2016,0,0,0
1/16/2016,507826,538233,303327,-10.62,-11.27,-13.88,2.09,2.56,3.01,Saturday,January,2016,0,0,0
1/17/2016,507292,527986,298157,-12.27,-10.70,-15.48,2.25,2.89,4.35,Sunday,January,2016,0,0,0
1/18/2016,532559,558204,326815,-11.26,-7.01,-19.03,1.77,2.9,2.35,Monday,January,2016,0,0,0
1/19/2016,535283,553123,324529,-12.29,-7.45,-17.99,1.76,2,2.92,Tuesday,January,2016,0,0,0
1/20/2016,539114,568790,328778,-13.55,-9.56,-20.19,2.41,2.14,3.99,Wednesday,January,2016,0,0,0
1/21/2016,542203,573255,328733,-13.17,-9.92,-19.94,2.07,1.92,2.02,Thursday,January,2016,0,0,0
1/22/2016,530805,554219,333488,-8.27,-7.51,-16.75,1.23,2.06,2.49,Friday,January,2016,0,0,0
1/23/2016,477768,486811,285551,-2.86,-3.52,-6.22,1.36,2.35,5.16,Saturday,January,2016,0,0,0
1/24/2016,454188,453564,262467,-1.73,-0.25,-4.04,1.11,2.12,4.87,Sunday,January,2016,0,0,0
1/25/2016,461638,483650,278387,0.86,0.87,-4.29,1.04,1.91,2.24,Monday,January,2016,0,0,0
1/26/2016,446886,461681,273216,1.86,3.48,-0.84,2.68,3.43,6.48,Tuesday,January,2016,0,0,0
1/27/2016,434820,458077,261632,1.69,4.95,0.34,1.66,3.64,5.55,Wednesday,January,2016,0,0,0
1/28/2016,441811,459414,264222,0.61,2.87,0.50,2.4,5.14,7.32,Thursday,January,2016,0,0,0
1/29/2016,435606,456387,269945,1.87,3.87,-1.44,4.04,5.06,8.64,Friday,January,2016,0,0,0
1/30/2016,422911,421214,244935,-0.12,3.12,1.76,3.48,5.35,10.03,Saturday,January,2016,0,0,0
1/31/2016,420530,427869,239263,-1.98,0.83,-1.12,1.97,2.96,5.72,Sunday,January,2016,0,0,0
2/1/2016,463593,486199,264943,-1.98,0.34,-2.97,2.04,2.98,4.38,Monday,February,2016,0,0,0
2/2/2016,451865,473553,268677,-0.47,3.22,-1.27,2.14,4.62,8.19,Tuesday,February,2016,0,0,0
2/3/2016,453225,475444,267506,-2.22,0.23,-3.69,2.36,2.73,3.96,Wednesday,February,2016,0,0,0
2/4/2016,464634,486513,271899,-3.31,-0.84,-3.86,2.39,2.86,4.84,Thursday,February,2016,0,0,0
2/5/2016,468288,483150,275867,-2.28,-0.96,-6.19,1.73,2.56,5.68,Friday,February,2016,0,0,0
2/6/2016,420266,422987,259852,1.09,3.31,-4.14,2.22,3.36,5.32,Saturday,February,2016,0,0,0
2/7/2016,404398,396273,239992,2.10,4.26,1.40,3.19,3.19,6.85,Sunday,February,2016,0,0,0
2/8/2016,432872,446112,255840,1.37,3.52,1.51,3.27,3.77,6.97,Monday,February,2016,0,0,0
2/9/2016,434193,447064,255965,0.72,3.27,1.68,1.38,3.26,7.28,Tuesday,February,2016,0,0,0
2/10/2016,442412,463751,252775,-0.82,1.85,1.78,1.84,2.33,6.6,Wednesday,February,2016,0,0,0
2/11/2016,457096,466558,252227,-2.51,0.57,1.03,2.91,2.43,5.09,Thursday,February,2016,0,0,0
2/12/2016,472142,475983,260936,-4.70,-1.54,-0.10,2.71,2.99,7.27,Friday,February,2016,0,0,0
2/13/2016,456275,448450,245584,-5.52,-2.11,-1.26,1.41,2.54,5.81,Saturday,February,2016,0,0,0
2/14/2016,458552,449291,239865,-7.59,-2.34,-0.48,1.81,1.37,5.45,Sunday,February,2016,0,0,0
2/15/2016,495689,510797,261173,-7.01,-3.89,-1.64,2.12,2.34,3.24,Monday,February,2016,0,0,0
2/16/2016,492597,504973,265631,-4.60,-3.68,-5.47,2.04,2.48,5.18,Tuesday,February,2016,0,0,0
2/17/2016,467277,489891,265646,-0.69,-1.68,-3.12,3.46,3.22,6.33,Wednesday,February,2016,0,0,0
2/18/2016,472797,493546,265189,-2.67,-0.79,-2.20,1.22,2.31,6.67,Thursday,February,2016,0,0,0
2/19/2016,464786,473039,265657,-1.84,-0.76,-0.34,1.5,1.74,3.69,Friday,February,2016,0,0,0
2/20/2016,434528,438513,248032,-0.44,0.45,-0.63,3.23,3.73,5.99,Saturday,February,2016,0,0,0
2/21/2016,424263,415621,242117,-1.45,1.66,-0.52,1.82,2.51,7.31,Sunday,February,2016,0,0,0
2/22/2016,457189,460068,262975,-2.21,0.98,-2.17,1.03,1.89,2.62,Monday,February,2016,0,0,0
2/23/2016,459011,467188,264039,-2.54,-0.47,-3.84,1.89,2.13,4.37,Tuesday,February,2016,0,0,0
2/24/2016,456167,471927,262832,-2.54,-1.00,-2.64,1.91,2.36,5.68,Wednesday,February,2016,0,0,0
2/25/2016,462529,475236,261725,-3.41,-1.25,-2.61,2.13,2.44,6.08,Thursday,February,2016,0,0,0
2/26/2016,454288,466271,269715,-3.29,-1.30,-4.37,2.15,1.9,5.07,Friday,February,2016,0,0,0
2/27/2016,434835,436986,258279,-3.23,-1.77,-6.22,1.86,2.06,5.52,Saturday,February,2016,0,0,0
2/28/2016,428176,434286,245554,-3.06,-1.60,-4.54,1.93,1.72,5.04,Sunday,February,2016,0,0,0
2/29/2016,467753,487845,268050,-3.20,-1.95,-6.55,1.61,1.75,3.5,Monday,February,2016,0,0,0
3/1/2016,468967,487001,262262,-2.12,-1.75,-4.57,2.66,2.47,4.38,Tuesday,March,2016,0,0,0
3/2/2016,466985,480415,263285,-1.56,-0.07,-5.84,2.57,3.02,6.14,Wednesday,March,2016,0,0,0
3/3/2016,462234,471862,270486,-1.19,0.86,-5.44,2.09,2.21,3.9,Thursday,March,2016,0,0,0
3/4/2016,449398,464681,268568,-0.92,0.71,-2.85,1.45,2.81,4.69,Friday,March,2016,0,0,0
3/5/2016,423563,426887,246959,-1.27,0.81,-1.20,1.11,2.15,2.91,Saturday,March,2016,0,0,0
3/6/2016,419593,435735,237946,-1.55,0.19,-0.62,1.92,2.61,3.81,Sunday,March,2016,0,0,0
3/7/2016,448204,473522,255985,-1.08,0.99,0.32,2.64,3.03,4.61,Monday,March,2016,0,0,0
3/8/2016,447357,462273,255502,-1.93,0.90,0.57,1.55,2.17,2.25,Tuesday,March,2016,0,0,0
3/9/2016,444593,458962,252172,-1.11,0.44,0.14,0.94,1.91,3.45,Wednesday,March,2016,0,0,0
3/10/2016,438729,459022,252240,-0.34,0.35,-0.41,0.9,1.27,2.14,Thursday,March,2016,0,0,0
3/11/2016,438989,447428,256818,-1.24,0.43,-1.05,1.25,1.27,1.09,Friday,March,2016,0,0,0
3/12/2016,416638,415046,244684,-0.21,0.16,-1.79,1.12,1.38,2.67,Saturday,March,2016,0,0,0
3/13/2016,399546,410303,239547,1.67,0.74,-1.57,1.1,2.36,3.91,Sunday,March,2016,0,0,0
3/14/2016,410447,434957,250753,3.39,3.62,0.16,2.02,1.95,4.31,Monday,March,2016,0,0,0
3/15/2016,395605,418231,242937,3.24,4.18,0.68,2.19,1.29,3.01,Tuesday,March,2016,0,0,0
3/16/2016,395496,416095,234870,2.22,3.69,2.11,1.66,2.19,4.99,Wednesday,March,2016,0,0,0
3/17/2016,405367,419102,243511,1.94,3.89,0.81,1.87,2.93,5.4,Thursday,March,2016,0,0,0
3/18/2016,400956,422952,259612,1.37,2.35,-5.22,2.14,3.59,7.32,Friday,March,2016,0,0,0
3/19/2016,380304,390906,248080,1.25,2.17,-6.27,2.12,1.91,5.17,Saturday,March,2016,0,0,0
3/20/2016,370329,383040,240834,1.71,2.48,-5.60,2.27,1.37,3.67,Sunday,March,2016,0,0,0
3/21/2016,398527,425547,256813,1.00,2.22,-5.54,1.6,1.97,2.33,Monday,March,2016,0,0,0
3/22/2016,400993,437302,258643,0.83,1.63,-6.62,1.52,2.18,3.67,Tuesday,March,2016,0,0,0
3/23/2016,391739,434070,258809,0.66,2.06,-3.92,2.18,1.83,4.72,Wednesday,March,2016,0,0,0
3/24/2016,384748,426535,255144,0.19,1.62,-1.70,1.7,2.05,4.46,Thursday,March,2016,1,0,0
3/25/2016,369411,380159,237531,1.75,3.72,0.51,1.8,2.64,5.2,Friday,March,2016,1,1,1
3/26/2016,364222,346682,229666,2.60,4.51,1.72,2.94,2.31,3.72,Saturday,March,2016,0,0,0
3/27/2016,332956,332905,208596,4.02,5.60,2.72,3.42,4.67,5.39,Sunday,March,2016,1,1,1
3/28/2016,360193,347607,217987,4.18,5.95,3.07,3.49,2.48,4.65,Monday,March,2016,1,1,1
3/29/2016,387546,391956,232155,3.52,5.59,3.23,3.45,2.56,4.67,Tuesday,March,2016,0,0,0
3/30/2016,396493,413998,237681,1.81,4.05,2.59,2.03,2.1,2.6,Wednesday,March,2016,0,0,0
3/31/2016,408521,408391,239352,0.83,3.62,1.39,2.15,1.72,2.63,Thursday,March,2016,0,0,0
4/1/2016,403784,406036,241166,1.30,3.35,1.15,1.9,2.77,3.08,Friday,April,2016,0,0,0
4/2/2016,375945,364150,226321,2.79,4.79,1.63,2.33,2.7,4.38,Saturday,April,2016,0,0,0
4/3/2016,363477,347828,219607,3.52,6.32,1.88,0.99,1.77,2.35,Sunday,April,2016,0,0,0
4/4/2016,381741,389990,235478,4.67,6.43,1.83,1.26,2.04,2.48,Monday,April,2016,0,0,0
4/5/2016,377497,391590,235541,4.77,7.28,2.29,1.08,1.72,3.66,Tuesday,April,2016,0,0,0
4/6/2016,374398,391786,232567,4.22,5.87,4.50,1.41,3.78,5.49,Wednesday,April,2016,0,0,0
4/7/2016,377580,391225,228787,3.44,5.66,4.78,1.23,3.83,6.46,Thursday,April,2016,0,0,0
4/8/2016,382171,388299,231276,2.69,5.28,3.86,1,2.67,5.86,Friday,April,2016,0,0,0
4/9/2016,361434,352162,221031,2.91,4.76,3.09,1.34,2.12,3.13,Saturday,April,2016,0,0,0
4/10/2016,350906,352898,210930,3.41,5.06,3.28,1.4,1.24,2.59,Sunday,April,2016,0,0,0
4/11/2016,365284,387274,227260,4.24,6.14,3.92,1.05,1.5,2.44,Monday,April,2016,0,0,0
4/12/2016,368054,384434,223211,4.05,6.46,4.12,1.24,1.57,1.14,Tuesday,April,2016,0,0,0
4/13/2016,369460,386629,226051,3.85,6.11,3.42,1.53,1.98,2.72,Wednesday,April,2016,0,0,0
4/14/2016,372078,394986,231398,3.40,4.59,0.42,2,2.81,5.64,Thursday,April,2016,0,0,0
4/15/2016,376588,384205,237432,3.16,5.49,1.44,2.26,3.3,3.87,Friday,April,2016,0,0,0
4/16/2016,345307,350062,213188,3.29,6.65,5.15,1.2,2.54,4.38,Saturday,April,2016,0,0,0
4/17/2016,344272,352626,205216,3.82,5.76,5.68,2.78,2.47,3.72,Sunday,April,2016,0,0,0
4/18/2016,365681,387639,223784,4.09,6.35,4.49,2.66,3.77,5.39,Monday,April,2016,0,0,0
4/19/2016,364706,391702,226546,4.33,6.17,3.95,2.99,3.34,5.13,Tuesday,April,2016,0,0,0
4/20/2016,361490,388573,228322,4.57,6.55,2.78,2.01,3.69,4.76,Wednesday,April,2016,0,0,0
4/21/2016,357621,386413,230606,4.82,6.43,2.99,2.78,1.89,4.49,Thursday,April,2016,0,0,0
4/22/2016,364827,381383,233463,2.92,5.64,2.41,2.58,2.75,1.89,Friday,April,2016,0,0,0
4/23/2016,356600,357342,218338,1.51,3.64,1.92,1.56,1.78,1.2,Saturday,April,2016,0,0,0
4/24/2016,354123,362893,212678,1.43,2.77,2.47,1.83,2.79,4.47,Sunday,April,2016,0,0,0
4/25/2016,380170,409798,229162,1.44,2.64,3.15,1.83,2.11,5.41,Monday,April,2016,0,0,0
4/26/2016,374025,401988,232276,2.78,3.93,3.79,2.15,2.25,4.17,Tuesday,April,2016,0,0,0
4/27/2016,368237,400936,225060,3.58,3.74,6.12,1.47,2.25,4.02,Wednesday,April,2016,0,0,0
4/28/2016,368941,407847,225123,3.49,4.19,7.48,2.17,3.14,5.64,Thursday,April,2016,0,0,0
4/29/2016,364089,377399,221886,3.90,6.19,7.45,3.16,3.78,2.53,Friday,April,2016,0,0,0
4/30/2016,350766,338573,204037,4.12,7.67,7.98,1.7,2.64,2.18,Saturday,April,2016,0,0,0
5/1/2016,330919,319869,192603,4.94,8.07,9.25,1.85,2.04,1.95,Sunday,May,2016,1,1,1
5/2/2016,358319,359276,211487,5.80,8.99,9.50,2.66,2.01,1.55,Monday,May,2016,0,0,0
5/3/2016,347485,354480,204591,6.42,10.34,10.31,2.27,2.02,0.99,Tuesday,May,2016,0,0,0
5/4/2016,341179,350555,208584,6.84,10.35,11.80,1.69,1.8,2.33,Wednesday,May,2016,0,0,0
5/5/2016,314942,313799,194032,7.99,10.66,12.40,2.31,2.5,3,Thursday,May,2016,1,1,1
5/6/2016,318941,322318,198084,8.89,11.67,12.24,1.78,2.39,3.27,Friday,May,2016,0,0,0
5/7/2016,293106,298393,188136,10.81,13.24,12.59,1.56,2.19,3.3,Saturday,May,2016,0,0,0
5/8/2016,279704,285257,179879,12.55,14.91,13.91,1.45,1.99,3.46,Sunday,May,2016,0,0,0
5/9/2016,306739,308589,196251,13.22,15.82,13.61,1.57,1.17,2.88,Monday,May,2016,0,0,0
5/10/2016,309100,313219,194502,11.85,15.73,12.78,1.91,2.38,3.68,Tuesday,May,2016,0,0,0
5/11/2016,308294,323559,193658,10.83,12.23,9.28,1.76,2.56,4,Wednesday,May,2016,0,0,0
5/12/2016,314722,332188,200399,9.51,11.44,9.96,1.94,1.85,2.69,Thursday,May,2016,0,0,0
5/13/2016,327572,331076,203585,6.08,10.54,10.68,2.96,2.27,4.52,Friday,May,2016,0,0,0
5/14/2016,307948,310504,191586,5.98,7.70,10.77,2.83,3.51,4.03,Saturday,May,2016,0,0,0
5/15/2016,295950,313664,186582,6.77,7.84,11.59,2.93,5.23,4.58,Sunday,May,2016,1,1,1
5/16/2016,302954,356603,204569,7.39,8.27,10.68,2.02,2.9,2.77,Monday,May,2016,1,0,0
5/17/2016,298936,341378,203182,7.49,9.62,9.29,1.39,1.62,3.89,Tuesday,May,2016,1,0,0
5/18/2016,328942,342902,206682,7.49,10.13,9.62,1.46,2.94,2.37,Wednesday,May,2016,0,0,0
5/19/2016,326024,338569,205511,8.47,11.86,10.41,1.84,2.54,3.35,Thursday,May,2016,0,0,0
5/20/2016,323763,323825,204969,8.34,12.25,12.07,2.29,2.26,2.13,Friday,May,2016,0,0,0
5/21/2016,294720,286404,185517,9.56,12.45,12.85,1.84,2.41,4.33,Saturday,May,2016,0,0,0
5/22/2016,287595,282956,178092,10.67,15.29,13.05,2.09,2.64,3.52,Sunday,May,2016,0,0,0
5/23/2016,315725,322167,194217,10.33,16.56,15.90,1.23,3.31,1.6,Monday,May,2016,0,0,0
5/24/2016,321977,317347,192625,9.34,16.11,16.74,3.33,2.34,2.06,Tuesday,May,2016,0,0,0
5/25/2016,315906,335121,191146,10.41,12.33,16.16,2.78,3.79,1.34,Wednesday,May,2016,0,0,0
5/26/2016,310849,342534,195416,10.85,11.37,12.96,2.09,2.48,3.22,Thursday,May,2016,0,0,0
5/27/2016,300359,333199,199359,12.65,11.60,12.29,2.09,2.11,2.71,Friday,May,2016,0,0,0
5/28/2016,273516,289929,183408,11.89,13.15,13.60,1.72,2.36,3.73,Saturday,May,2016,0,0,0
5/29/2016,268636,286782,178490,12.81,14.64,14.86,2.16,3.15,3.63,Sunday,May,2016,0,0,0
5/30/2016,289863,327590,200551,13.85,16.74,17.97,2.19,3.18,3.34,Monday,May,2016,0,0,0
5/31/2016,285397,328303,199197,16.14,18.50,18.56,1.51,2.66,3.93,Tuesday,May,2016,0,0,0
6/1/2016,281951,324790,200342,15.97,19.08,18.53,1.36,2.29,3.22,Wednesday,June,2016,0,0,0
6/2/2016,281083,317782,201897,16.56,19.50,18.88,1.45,2.17,1.3,Thursday,June,2016,0,0,0
6/3/2016,277481,312135,200737,16.47,19.67,17.52,1.21,2.13,3.01,Friday,June,2016,0,0,0
6/4/2016,263593,277116,181272,13.73,16.43,11.74,1.95,2.88,4.47,Saturday,June,2016,0,0,0
6/5/2016,257855,271604,180976,13.51,14.40,9.79,1.88,3.21,5.2,Sunday,June,2016,0,0,0
6/6/2016,283432,286080,204773,14.14,14.15,10.03,2.22,2.07,3.63,Monday,June,2016,0,1,0
6/7/2016,286955,323297,201416,13.89,16.99,13.36,1.74,2.57,4.14,Tuesday,June,2016,0,0,0
6/8/2016,290452,327349,202259,11.40,14.31,10.80,2.83,3.83,6.48,Wednesday,June,2016,0,0,0
6/9/2016,298281,332591,205912,9.62,12.80,7.70,1.35,2.68,7.71,Thursday,June,2016,0,0,0
6/10/2016,297080,323900,207875,9.66,10.96,8.85,2.45,2.85,3.64,Friday,June,2016,0,0,0
6/11/2016,275517,292790,191232,10.96,11.27,10.41,0.93,3.46,5.84,Saturday,June,2016,0,0,0
6/12/2016,268581,284649,186610,11.93,12.85,11.56,1.03,2.33,4.64,Sunday,June,2016,0,0,0
6/13/2016,292171,323655,204961,12.90,14.61,12.85,1.41,2.27,4.37,Monday,June,2016,0,0,0
6/14/2016,287635,322581,202757,13.61,14.78,14.17,1.76,2.68,2.55,Tuesday,June,2016,0,0,0
6/15/2016,289235,322203,199492,12.71,15.90,16.33,1.9,3.08,3.94,Wednesday,June,2016,0,0,0
6/16/2016,289033,318362,199464,14.53,14.55,15.05,1.32,2.42,4.54,Thursday,June,2016,0,0,0
6/17/2016,286884,312628,202660,13.90,15.51,15.23,1.34,1.75,4.45,Friday,June,2016,0,0,0
6/18/2016,270242,278061,186804,12.67,14.50,14.50,1.74,3.75,7.16,Saturday,June,2016,0,0,0
6/19/2016,270288,277445,177231,10.80,14.68,13.45,1.4,2.13,6.83,Sunday,June,2016,0,0,0
6/20/2016,298952,318220,187668,11.05,14.88,14.76,2.71,2.53,4.21,Monday,June,2016,0,0,0
6/21/2016,292017,319128,185711,13.60,15.69,16.73,1.58,2.8,2.79,Tuesday,June,2016,0,0,0
6/22/2016,290972,315618,177902,13.89,17.30,16.63,1.88,2.39,4.21,Wednesday,June,2016,0,0,0
6/23/2016,285482,309049,174657,14.42,18.35,16.42,1.78,2.38,3.57,Thursday,June,2016,0,0,0
6/24/2016,284161,267002,157607,14.45,19.54,17.18,1.77,1.39,2.98,Friday,June,2016,0,0,0
6/25/2016,263401,247691,153142,14.99,20.92,18.32,1.13,1.88,2.66,Saturday,June,2016,0,1,1
6/26/2016,260542,263434,154385,14.78,17.90,19.22,2.65,2.38,3.12,Sunday,June,2016,0,0,0
6/27/2016,281134,306725,178234,13.24,16.62,16.89,3.03,2.95,4.13,Monday,June,2016,0,0,0
6/28/2016,286327,310521,191499,12.88,16.22,17.16,1.97,2.66,3.23,Tuesday,June,2016,0,0,0
6/29/2016,286443,317972,193989,12.87,15.68,17.73,1.73,2.09,2.05,Wednesday,June,2016,0,0,0
6/30/2016,287118,318967,196310,13.12,15.93,17.98,2.87,2.25,3.27,Thursday,June,2016,0,0,0
7/1/2016,280442,304649,198725,12.55,16.80,18.01,2.47,3.35,2.97,Friday,July,2016,0,0,0
7/2/2016,265329,269844,183556,12.12,16.10,20.13,2.57,3.55,3.79,Saturday,July,2016,0,0,0
7/3/2016,263023,271836,179911,11.95,14.60,17.82,1.88,2.57,4.13,Sunday,July,2016,0,0,0
7/4/2016,284319,308344,200638,12.53,14.75,14.04,1.13,2.22,3.46,Monday,July,2016,0,0,0
7/5/2016,292815,313523,201307,12.29,15.39,14.40,0.73,2.34,7.27,Tuesday,July,2016,0,0,0
7/6/2016,285169,308117,200788,12.35,15.44,14.96,1.96,2.38,6.19,Wednesday,July,2016,0,0,0
7/7/2016,284552,308941,201201,12.40,15.64,13.96,1.34,3.34,6.68,Thursday,July,2016,0,0,0
7/8/2016,275812,299620,199401,13.71,16.49,14.46,1.18,2.2,5.59,Friday,July,2016,0,0,0
7/9/2016,257877,263828,184190,13.76,16.94,15.45,1.16,1.98,4.02,Saturday,July,2016,0,0,0
7/10/2016,252066,266158,178854,13.68,17.07,16.09,1.7,2.17,3.42,Sunday,July,2016,0,0,0
7/11/2016,268618,292676,193714,14.39,17.47,16.95,1.8,2.67,3.09,Monday,July,2016,0,0,0
7/12/2016,267983,292775,190775,14.74,16.75,16.90,1.25,3.39,5.79,Tuesday,July,2016,0,0,0
7/13/2016,267027,292080,191991,13.87,16.10,17.06,1.1,3.18,5.31,Wednesday,July,2016,0,0,0
7/14/2016,270332,292420,192164,13.67,16.10,17.04,1.13,2.23,3.4,Thursday,July,2016,0,0,0
7/15/2016,269632,281529,197903,14.07,16.21,16.30,1.67,2.21,4.84,Friday,July,2016,0,0,0
7/16/2016,254835,256845,182674,13.79,16.49,16.85,2.46,3.39,5.92,Saturday,July,2016,0,0,0
7/17/2016,250385,256180,177546,12.79,15.87,16.26,1.99,3.47,5.4,Sunday,July,2016,0,0,0
7/18/2016,268648,279793,195057,13.40,15.81,16.33,1.15,2.01,2.65,Monday,July,2016,0,0,0
7/19/2016,270443,276204,192953,14.23,16.95,16.28,1.44,1.52,3.88,Tuesday,July,2016,0,0,0
7/20/2016,261354,279459,190037,16.84,18.85,17.20,1.17,1.18,4.51,Wednesday,July,2016,0,0,0
7/21/2016,260623,275905,189751,18.36,19.45,17.16,1.58,2.65,4.01,Thursday,July,2016,0,0,0
7/22/2016,259342,274305,194436,18.01,20.00,18.02,1.3,1.98,2.32,Friday,July,2016,0,0,0
7/23/2016,246377,263254,183618,17.38,20.46,18.98,1.1,1.42,1.23,Saturday,July,2016,0,0,0
7/24/2016,241334,248983,179076,17.49,21.35,19.81,1.68,1.57,1.6,Sunday,July,2016,0,0,0
7/25/2016,259968,277289,193861,17.01,21.40,20.17,1.69,2.14,2.13,Monday,July,2016,0,0,0
7/26/2016,258587,267385,192409,15.39,19.40,20.92,2.2,2.54,1.45,Tuesday,July,2016,0,0,0
7/27/2016,262182,272358,194064,14.19,18.08,19.95,2.21,2.51,3.06,Wednesday,July,2016,0,0,0
7/28/2016,264372,271668,192893,14.60,18.26,18.74,2.2,2.75,2.07,Thursday,July,2016,0,0,0
7/29/2016,265815,273086,195995,14.26,18.09,18.88,1.63,1.74,3.33,Friday,July,2016,0,0,0
7/30/2016,252068,251045,183616,13.89,17.84,19.07,1.64,2.35,2.06,Saturday,July,2016,0,0,0
7/31/2016,247076,245984,177429,13.17,16.73,17.68,2.08,3.22,5,Sunday,July,2016,0,0,0
8/1/2016,269363,273839,195618,12.74,15.99,16.99,1.8,2.69,3.6,Monday,August,2016,0,0,0
8/2/2016,274861,273873,198116,13.38,15.73,15.99,1.9,3.06,5.47,Tuesday,August,2016,0,0,0
8/3/2016,274067,281011,193870,13.58,16.26,16.07,1.74,3.01,4.25,Wednesday,August,2016,0,0,0
8/4/2016,273507,285119,197126,14.11,17.19,16.04,1.69,3.21,6.1,Thursday,August,2016,0,0,0
8/5/2016,271562,278054,200187,14.41,17.37,17.44,0.98,2.67,3.77,Friday,August,2016,0,0,0
8/6/2016,258020,253601,186961,13.16,16.56,17.19,1.06,2.17,2.64,Saturday,August,2016,0,0,0
8/7/2016,257926,256350,182090,13.12,16.96,16.97,2.08,2.22,3.1,Sunday,August,2016,0,0,0
8/8/2016,278378,289999,197737,12.67,16.87,17.54,3.88,4.8,6.33,Monday,August,2016,0,0,0
8/9/2016,289138,301774,202478,10.58,14.16,15.94,2.77,5.44,9.55,Tuesday,August,2016,0,0,0
8/10/2016,297614,308025,205096,9.39,12.16,14.75,3.22,3.89,6.75,Wednesday,August,2016,0,0,0
8/11/2016,300163,305924,207400,9.94,12.16,13.33,1.56,2.99,6.57,Thursday,August,2016,0,0,0
8/12/2016,299103,303546,203202,10.47,13.76,12.69,1.95,3.36,5.17,Friday,August,2016,0,0,0
8/13/2016,272850,277006,190818,12.37,16.09,13.55,1.91,3.47,7.78,Saturday,August,2016,0,0,0
8/14/2016,261711,276054,185289,12.75,14.96,14.40,1.55,2.79,3.76,Sunday,August,2016,0,0,0
8/15/2016,287599,319338,205246,13.08,14.80,14.41,1.51,3.83,3.62,Monday,August,2016,0,0,0
8/16/2016,290514,322297,204576,14.36,15.24,13.39,1.75,4.23,6.57,Tuesday,August,2016,0,0,0
8/17/2016,288558,326015,204910,15.07,15.07,14.58,2.04,4.46,7.09,Wednesday,August,2016,0,0,0
8/18/2016,285522,331207,204757,15.11,14.69,15.00,2.01,3.82,5.86,Thursday,August,2016,0,0,0
8/19/2016,280001,322271,203675,14.60,14.90,16.45,1.38,2.52,4.74,Friday,August,2016,0,0,0
8/20/2016,265550,279238,188678,14.38,16.07,16.32,1.48,2.27,2.58,Saturday,August,2016,0,0,0
8/21/2016,261247,283440,184848,14.66,16.44,17.23,1.83,1.35,3.76,Sunday,August,2016,0,0,0
8/22/2016,287325,320656,203679,14.01,16.57,16.94,1.33,1.99,4.12,Monday,August,2016,0,0,0
8/23/2016,289966,317450,202333,14.24,16.90,15.96,1.29,2.02,2.7,Tuesday,August,2016,0,0,0
8/24/2016,288899,321428,201490,14.36,17.14,14.83,2.17,1.56,3.07,Wednesday,August,2016,0,0,0
8/25/2016,291457,320988,208597,14.75,18.80,15.12,1.37,2.13,4.62,Thursday,August,2016,0,0,0
8/26/2016,286811,312196,207600,14.14,19.75,15.51,2.76,2.65,2.5,Friday,August,2016,0,0,0
8/27/2016,266527,273788,190429,12.76,16.74,15.45,2.39,4.47,9.22,Saturday,August,2016,0,0,0
8/28/2016,273112,282637,186124,11.20,14.33,12.28,1.58,2.26,3.4,Sunday,August,2016,0,0,0
8/29/2016,295671,323180,208800,11.50,14.02,12.00,2.18,2.72,4.26,Monday,August,2016,0,0,0
8/30/2016,297286,323705,206744,12.58,14.84,12.40,2.01,3.03,5.02,Tuesday,August,2016,0,0,0
8/31/2016,294623,328416,205399,13.81,16.64,14.05,2.74,2.42,3.67,Wednesday,August,2016,0,0,0
9/1/2016,291098,325910,209252,13.21,16.34,15.41,2.24,3.39,5.62,Thursday,September,2016,0,0,0
9/2/2016,291305,312605,207275,12.05,15.41,13.88,2.07,3.06,5.76,Friday,September,2016,0,0,0
9/3/2016,269561,277574,193825,12.09,15.00,12.62,1.95,2.36,3.3,Saturday,September,2016,0,0,0
9/4/2016,269976,274915,186600,11.56,14.19,12.93,1.74,3.16,4.83,Sunday,September,2016,0,0,0
9/5/2016,294741,328862,204237,11.90,14.16,12.54,1.53,2.42,3.48,Monday,September,2016,0,0,0
9/6/2016,295982,327805,208871,13.54,15.51,12.31,2.85,3.42,4.55,Tuesday,September,2016,0,0,0
9/7/2016,289286,328460,206493,14.39,17.95,15.35,1.8,3.39,6.73,Wednesday,September,2016,0,0,0
9/8/2016,289099,325074,206553,14.83,16.79,12.95,1.5,1.65,4.79,Thursday,September,2016,0,0,0
9/9/2016,283082,322134,211116,14.76,16.60,12.35,1.93,2.58,2.07,Friday,September,2016,0,0,0
9/10/2016,267668,283818,196654,14.33,16.73,13.62,2.59,2.35,4.17,Saturday,September,2016,0,0,0
9/11/2016,261293,278092,187406,13.36,16.69,15.10,2.71,3.1,4.2,Sunday,September,2016,0,0,0
9/12/2016,290051,331611,205874,12.72,15.44,13.54,1.84,1.73,4.61,Monday,September,2016,0,0,0
9/13/2016,290614,334177,209366,15.52,17.18,12.39,1.37,1.6,3.36,Tuesday,September,2016,0,0,0
9/14/2016,287842,329815,208976,15.65,17.60,11.67,1.02,1.3,2.72,Wednesday,September,2016,0,0,0
9/15/2016,287731,328374,208196,15.98,17.73,12.43,1.49,1.95,4.21,Thursday,September,2016,0,0,0
9/16/2016,286128,319644,210145,15.00,14.53,10.04,1.76,2.45,4.9,Friday,September,2016,0,0,0
9/17/2016,270760,292769,196162,13.84,12.97,9.77,1.23,1.74,3.08,Saturday,September,2016,0,0,0
9/18/2016,266523,294553,189861,13.82,13.19,9.49,0.96,1.18,3.28,Sunday,September,2016,0,0,0
9/19/2016,293233,332582,211045,13.63,14.33,10.21,1.24,1.71,3.51,Monday,September,2016,0,0,0
9/20/2016,293336,329645,213447,13.32,14.50,9.99,1.13,1.94,4.08,Tuesday,September,2016,0,0,0
9/21/2016,296835,333867,214230,13.13,13.18,10.17,1.01,1.32,3.71,Wednesday,September,2016,0,0,0
9/22/2016,295295,337681,214000,12.80,12.62,9.14,1.3,1.79,4.42,Thursday,September,2016,0,0,0
9/23/2016,296842,324823,218611,11.38,12.65,8.26,1.66,1.51,5.01,Friday,September,2016,0,0,0
9/24/2016,285412,292943,201636,11.36,12.57,8.81,1.83,1.73,4.21,Saturday,September,2016,0,0,0
9/25/2016,269975,283942,191737,13.95,14.15,11.21,2.26,2.6,4.6,Sunday,September,2016,0,0,0
9/26/2016,295653,332777,210505,12.38,14.18,12.36,2,2.56,3.62,Monday,September,2016,0,0,0
9/27/2016,305628,332913,211308,11.07,13.93,12.11,3.05,3.06,2.76,Tuesday,September,2016,0,0,0
9/28/2016,303044,336420,215299,10.97,13.73,11.22,2.58,3.92,7.78,Wednesday,September,2016,0,0,0
9/29/2016,307469,337839,216134,10.21,13.61,11.39,3.94,4.95,6.94,Thursday,September,2016,0,0,0
9/30/2016,309555,329180,215072,8.25,11.84,10.97,3.27,5.95,10.87,Friday,September,2016,0,0,0
10/1/2016,298196,301365,199947,7.81,11.29,9.80,1.58,3.66,8.3,Saturday,October,2016,0,0,0
10/2/2016,298244,303503,198989,6.96,10.07,8.33,2.22,2.3,2.46,Sunday,October,2016,0,0,0
10/3/2016,329578,349527,222410,6.46,9.12,6.38,1.47,2.84,4.67,Monday,October,2016,0,0,0
10/4/2016,337423,360467,225739,6.01,7.57,4.93,1.76,4.07,8.21,Tuesday,October,2016,0,0,0
10/5/2016,338050,366614,228584,5.59,6.94,4.61,1.94,4.04,8.1,Wednesday,October,2016,0,0,0
10/6/2016,340413,363299,234128,6.54,8.01,4.02,2.4,3.86,7.18,Thursday,October,2016,0,0,0
10/7/2016,331477,355756,232892,7.43,8.40,4.36,2.57,4.31,8.12,Friday,October,2016,0,0,0
10/8/2016,317484,330473,215363,6.10,7.20,5.00,2.48,4.54,9.47,Saturday,October,2016,0,0,0
10/9/2016,327307,336673,212218,4.76,7.24,5.13,2.77,3.86,7.67,Sunday,October,2016,0,0,0
10/10/2016,359161,372775,233728,5.37,7.40,4.75,2.39,3.64,7.33,Monday,October,2016,0,0,0
10/11/2016,366462,381997,236416,4.48,6.90,3.81,1.92,2.47,3.91,Tuesday,October,2016,0,0,0
10/12/2016,371311,393201,237427,4.35,6.34,2.99,1.46,1.81,1.56,Wednesday,October,2016,0,0,0
10/13/2016,376316,391864,243132,3.85,6.03,2.37,1.13,1.48,2.73,Thursday,October,2016,0,0,0
10/14/2016,382176,385103,245367,3.23,5.50,3.53,1.76,1.97,2.21,Friday,October,2016,0,0,0
10/15/2016,358417,345052,225356,3.60,6.09,4.13,2.33,2.75,2.87,Saturday,October,2016,0,0,0
10/16/2016,350804,347896,216249,4.91,6.43,4.56,1.64,3.06,2.94,Sunday,October,2016,0,0,0
10/17/2016,365821,386622,236138,5.62,7.21,4.40,1.57,2.77,3.93,Monday,October,2016,0,0,0
10/18/2016,359870,381465,234223,6.20,7.85,3.80,1.32,2.47,4.94,Tuesday,October,2016,0,0,0
10/19/2016,355210,376366,238229,6.04,8.09,2.75,1.61,2.3,4.8,Wednesday,October,2016,0,0,0
10/20/2016,364863,380446,241491,5.08,7.19,2.40,1.98,3.02,4.99,Thursday,October,2016,0,0,0
10/21/2016,371255,378179,244433,3.79,5.96,2.02,2.32,3.41,5.76,Friday,October,2016,0,0,0
10/22/2016,360794,360442,231991,2.77,4.21,2.05,2.66,4.36,8.09,Saturday,October,2016,0,0,0
10/23/2016,362628,362512,223990,2.57,5.07,3.15,2.97,3.73,8.66,Sunday,October,2016,0,0,0
10/24/2016,383584,402185,242551,3.58,5.86,3.29,2.25,2.85,7.56,Monday,October,2016,0,0,0
10/25/2016,386297,411157,243614,3.31,4.44,1.42,1.54,2.46,5.16,Tuesday,October,2016,0,0,0
10/26/2016,383775,410337,249265,4.46,4.22,0.42,1.75,2.35,4.35,Wednesday,October,2016,0,0,0
10/27/2016,365179,389759,245106,6.19,8.15,3.68,2.26,3.57,7.58,Thursday,October,2016,0,0,0
10/28/2016,362020,371158,236539,5.28,8.63,5.81,2.88,3.56,7.99,Friday,October,2016,0,0,0
10/29/2016,352849,351927,226444,4.64,6.50,3.09,2.81,4.07,7.89,Saturday,October,2016,0,0,0
10/30/2016,369206,367764,229413,4.06,5.35,2.71,1.64,3.31,6.11,Sunday,October,2016,0,0,0
10/31/2016,372920,404950,245740,4.77,5.05,1.35,0.9,1.65,4.43,Monday,October,2016,0,0,0
11/1/2016,382704,404796,252961,3.10,4.87,0.46,2.53,4.61,4.89,Tuesday,November,2016,0,0,0
11/2/2016,399616,435802,257875,0.92,1.95,-0.64,2.84,5.73,9.31,Wednesday,November,2016,0,0,0
11/3/2016,422771,441369,259385,-0.72,0.66,-1.70,1.26,2.82,6.68,Thursday,November,2016,0,0,0
11/4/2016,425594,440938,262727,-0.93,0.93,-2.73,1.82,1.55,4.58,Friday,November,2016,0,0,0
11/5/2016,407278,399892,253844,-1.00,1.54,-4.63,3.92,3.02,3.44,Saturday,November,2016,0,1,1
11/6/2016,415547,415524,256136,-3.44,-0.36,-5.63,3.26,4.75,7.52,Sunday,November,2016,0,0,0
11/7/2016,467350,485983,278957,-6.57,-2.55,-5.87,2.77,3.96,10.53,Monday,November,2016,0,0,0
11/8/2016,480466,482727,276795,-6.51,-2.75,-6.22,2.69,2.95,8.95,Tuesday,November,2016,0,0,0
11/9/2016,474623,487638,272932,-5.10,-2.02,-4.92,1.94,2.21,5.37,Wednesday,November,2016,0,0,0
11/10/2016,471275,474578,274098,-4.60,-1.76,-5.83,1.64,1.96,5.78,Thursday,November,2016,0,0,0
11/11/2016,469365,470997,279178,-3.83,-2.49,-7.29,1.45,2.25,4.72,Friday,November,2016,0,0,0
11/12/2016,436260,434503,262651,-1.28,-2.45,-4.65,1.5,2.47,3.5,Saturday,November,2016,0,0,0
11/13/2016,400393,421017,249464,1.87,-0.48,-3.36,1.49,2.2,3.53,Sunday,November,2016,0,0,0
11/14/2016,413655,454343,268839,3.36,1.27,-3.89,1.93,1.84,3.73,Monday,November,2016,0,0,0
11/15/2016,398958,436562,265843,3.66,3.83,-1.17,1.66,2.59,6.04,Tuesday,November,2016,0,0,0
11/16/2016,405540,434394,257973,2.50,2.65,0.49,1.98,2.32,4.4,Wednesday,November,2016,0,0,0
11/17/2016,414667,427627,250634,0.43,3.80,1.88,1.75,3.51,7.19,Thursday,November,2016,0,0,0
11/18/2016,418392,418903,252164,0.87,4.44,2.44,2.65,3.44,7.29,Friday,November,2016,0,0,0
11/19/2016,400769,392283,233025,0.55,3.91,3.67,1.9,4.36,8.48,Saturday,November,2016,0,0,0
11/20/2016,401550,386097,226064,0.17,3.85,2.33,1.67,2.99,5.17,Sunday,November,2016,0,0,0
11/21/2016,426937,415229,237839,0.68,6.68,4.33,1.46,3.51,8.1,Monday,November,2016,0,0,0
11/22/2016,419053,403117,238356,2.42,6.78,3.49,1.55,3.02,6.43,Tuesday,November,2016,0,0,0
11/23/2016,403273,404991,240868,3.15,6.21,3.60,2.43,2.68,6.87,Wednesday,November,2016,0,0,0
11/24/2016,421824,434710,248614,0.96,2.43,1.71,1.95,3.56,8.15,Thursday,November,2016,0,0,0
11/25/2016,406954,438096,259363,3.39,2.69,-0.82,2.09,2.23,5.25,Friday,November,2016,0,0,0
11/26/2016,380225,383559,240295,3.06,5.21,0.90,2.81,3.72,6.88,Saturday,November,2016,0,0,0
11/27/2016,396316,409928,243655,-0.18,1.50,-3.09,3.35,6.04,8.26,Sunday,November,2016,0,0,0
11/28/2016,446613,470581,269750,-2.21,-0.81,-5.09,2,4.01,7.54,Monday,November,2016,0,0,0
11/29/2016,443306,448586,275972,-0.24,1.47,-4.92,1.8,2.38,5.59,Tuesday,November,2016,0,0,0
11/30/2016,441854,446219,259116,-0.03,1.92,-0.59,2.35,3.24,6.32,Wednesday,November,2016,0,0,0
12/1/2016,438221,450735,260310,0.08,0.78,-2.96,1.94,2.72,4.3,Thursday,December,2016,0,0,0
12/2/2016,443557,461223,268908,-1.47,-0.40,-3.14,2.57,3.3,3.5,Friday,December,2016,0,0,0
12/3/2016,431459,449469,263235,-1.98,-2.31,-5.99,1.32,2.05,6.9,Saturday,December,2016,0,0,0
12/4/2016,412424,427311,265560,0.35,0.08,-5.99,1.6,2.76,6.62,Sunday,December,2016,0,0,0
12/5/2016,420211,446624,261837,1.65,2.75,-1.76,2.02,3.76,9.35,Monday,December,2016,0,0,0
12/6/2016,446768,480318,269362,-1.59,-1.64,-8.84,1.61,2.26,4.91,Tuesday,December,2016,0,0,1
12/7/2016,431294,468630,268725,1.99,1.48,-0.99,1.78,3.12,8.21,Wednesday,December,2016,0,0,0
12/8/2016,403611,421209,257192,4.38,6.43,-0.24,2.08,3.09,3.72,Thursday,December,2016,0,0,0
12/9/2016,404227,415623,264866,2.61,4.57,-1.44,1.9,2.64,5.18,Friday,December,2016,0,0,0
12/10/2016,396878,406252,265258,1.09,3.11,-6.44,0.63,1.77,5.68,Saturday,December,2016,0,0,0
12/11/2016,407569,424825,269357,-0.80,0.97,-8.89,1.45,2.68,4.2,Sunday,December,2016,0,0,0
12/12/2016,449806,490749,290942,-1.88,-3.03,-7.39,1.36,2.92,5.85,Monday,December,2016,0,0,0
12/13/2016,445258,472121,284256,-0.25,0.93,-4.50,1.83,2.77,3.99,Tuesday,December,2016,0,0,0
12/14/2016,463010,478516,279066,-2.93,-0.89,-4.15,1.76,2.53,3.85,Wednesday,December,2016,0,0,0
12/15/2016,465758,502163,274425,-0.73,-2.30,-2.73,1.31,2.85,5.24,Thursday,December,2016,0,0,0
12/16/2016,441540,479866,276042,0.73,-0.12,-3.21,1.17,2.42,4.06,Friday,December,2016,0,0,0
12/17/2016,416103,431050,260361,0.89,0.55,-1.32,1.23,2.57,5.06,Saturday,December,2016,0,0,0
12/18/2016,418117,411813,247935,0.15,1.04,-0.99,1.45,1.95,4.27,Sunday,December,2016,0,0,0
12/19/2016,427575,436648,261551,2.50,2.66,0.39,0.99,2.62,3.18,Monday,December,2016,0,0,0
12/20/2016,420900,436096,252141,2.91,3.06,1.61,2.11,3.05,5.13,Tuesday,December,2016,0,0,0
12/21/2016,421775,451758,248937,2.37,1.60,1.09,3.26,3.75,7.18,Wednesday,December,2016,0,0,0
12/22/2016,424712,433166,244312,1.39,3.76,1.92,2.47,4.28,7.68,Thursday,December,2016,0,0,0
12/23/2016,422258,416590,231496,0.83,3.14,0.62,2.45,4.04,7.71,Friday,December,2016,0,0,0
12/24/2016,392804,370580,215600,0.80,3.62,0.56,3.03,5.26,9.47,Saturday,December,2016,0,0,0
12/25/2016,380750,371232,206729,2.01,3.66,0.53,2.87,3.99,8.4,Sunday,December,2016,1,1,1
12/26/2016,393743,376156,212567,1.38,4.46,0.66,4.14,4.96,8.65,Monday,December,2016,1,1,1
12/27/2016,416034,429361,236819,1.19,2.87,-1.56,3.63,4.51,6.57,Tuesday,December,2016,0,0,0
12/28/2016,425588,444471,256792,0.41,0.07,-2.91,1.53,2.81,6.83,Wednesday,December,2016,0,0,0
12/29/2016,416206,411176,256659,1.75,2.83,0.25,1.74,3.88,7.54,Thursday,December,2016,0,0,0
12/30/2016,400931,400406,251285,3.87,4.59,1.55,2.69,4.44,7.54,Friday,December,2016,0,0,0
12/31/2016,375770,354312,234753,3.39,6.92,2.61,2.19,3.83,6.21,Saturday,December,2016,0,0,0
1/1/2017,386493,374228,239140,-0.87,2.80,-1.65,2.47,2.64,4.22,Sunday,January,2017,1,1,1
1/2/2017,456078,478837,272174,-3.50,-1.85,-4.71,1.94,2.93,3.21,Monday,January,2017,0,0,0
1/3/2017,463373,497667,286127,-2.85,-1.34,-7.98,1.95,2.77,2.23,Tuesday,January,2017,0,0,0
1/4/2017,477682,514417,305396,-5.09,-3.65,-15.69,3.27,5.94,10.37,Wednesday,January,2017,0,0,0
1/5/2017,514574,575954,324598,-9.35,-10.96,-18.12,1.32,3.32,8.5,Thursday,January,2017,0,0,0
1/6/2017,497028,544265,314774,-3.34,-9.02,-15.67,2.62,3.17,3.82,Friday,January,2017,0,1,1
1/7/2017,437704,489762,281922,-1.24,-2.77,-4.77,1.9,2.98,8.47,Saturday,January,2017,0,0,0
1/8/2017,434056,473071,256885,-1.13,-2.96,-2.43,1.5,2.92,5.51,Sunday,January,2017,0,0,0
1/9/2017,443352,480677,266846,0.89,1.15,-0.85,1.91,2.51,6.04,Monday,January,2017,0,0,0
1/10/2017,437959,486787,262976,1.07,0.50,0.58,3.07,3.92,7.84,Tuesday,January,2017,0,0,0
1/11/2017,433002,488048,267486,1.06,1.27,-1.87,3.57,6.63,10.63,Wednesday,January,2017,0,0,0
1/12/2017,447219,487608,272543,-1.12,1.20,-4.22,2.23,4.01,10.52,Thursday,January,2017,0,0,0
1/13/2017,458897,490618,269410,-3.41,-1.23,-2.18,1.73,2.54,6.96,Friday,January,2017,0,0,0
1/14/2017,445584,459931,252294,-4.67,-2.84,-2.06,2.25,2.09,3.07,Saturday,January,2017,0,0,0
1/15/2017,456571,474290,253914,-7.82,-4.58,-5.09,2.41,2.44,3.68,Sunday,January,2017,0,0,0
1/16/2017,496565,531344,280495,-7.81,-4.89,-6.48,2.1,2.23,2.51,Monday,January,2017,0,0,0
1/17/2017,477768,521460,278695,-1.59,-3.09,-4.40,1.26,2.45,3.96,Tuesday,January,2017,0,0,0
1/18/2017,451213,492721,267341,0.63,1.53,-0.36,1.49,2.74,6.6,Wednesday,January,2017,0,0,0
1/19/2017,439731,470104,262050,2.20,2.87,1.00,2.17,2.83,6.87,Thursday,January,2017,0,0,0
1/20/2017,425899,453465,270275,2.35,2.35,-2.42,2.05,2.69,4.94,Friday,January,2017,0,0,0
1/21/2017,410780,434349,258550,0.30,1.01,-3.46,1.66,1.76,5.09,Saturday,January,2017,0,0,0
1/22/2017,416308,444215,248550,-0.65,0.78,-1.01,1.09,2.81,6.23,Sunday,January,2017,0,0,0
1/23/2017,452286,478429,265932,-1.36,0.79,-1.44,1.74,3.25,6.3,Monday,January,2017,0,0,0
1/24/2017,460948,497435,275585,-1.84,-0.41,-5.29,1.33,1.74,5.24,Tuesday,January,2017,0,0,0
1/25/2017,442764,482026,284006,1.53,1.23,-5.03,1.61,3.08,5.97,Wednesday,January,2017,0,0,0
1/26/2017,435326,471865,269532,0.86,1.44,1.20,1.52,3.56,7.41,Thursday,January,2017,0,0,0
1/27/2017,444442,479730,266179,-0.25,-0.38,-0.77,0.82,2.04,2.8,Friday,January,2017,0,0,0
1/28/2017,421988,454466,255752,-0.13,-1.41,-0.53,1.04,1.86,4.98,Saturday,January,2017,0,0,0
1/29/2017,414941,453983,248815,0.34,-0.26,-0.41,1.62,2.85,6.39,Sunday,January,2017,0,0,0
1/30/2017,444768,474489,267107,-0.95,1.16,0.11,1.33,2.82,7.51,Monday,January,2017,0,0,0
1/31/2017,458921,488053,269272,-2.51,-0.14,-2.34,1.06,1.61,4.61,Tuesday,January,2017,0,0,0
2/1/2017,461621,488887,273048,-2.10,-0.62,-3.37,1.67,1.88,3.31,Wednesday,February,2017,0,0,0
2/2/2017,455098,486444,278094,-0.65,-0.29,-2.42,1.47,2.24,5.31,Thursday,February,2017,0,0,0
2/3/2017,443677,483039,276896,-0.33,-0.29,-1.71,0.99,1.72,3.74,Friday,February,2017,0,0,0
2/4/2017,424329,441800,257188,-0.80,0.45,-1.41,1.63,1.79,1.94,Saturday,February,2017,0,0,0
2/5/2017,421700,446295,256940,-0.91,0.36,-4.27,1.99,2.29,5.83,Sunday,February,2017,0,0,0
2/6/2017,456472,496320,293047,-1.94,-1.40,-10.48,1.86,3.5,7.34,Monday,February,2017,0,0,0
2/7/2017,485777,519815,308652,-5.86,-4.06,-14.23,2.34,3.33,5.62,Tuesday,February,2017,0,0,0
2/8/2017,503788,529263,307226,-7.90,-4.42,-12.37,2.55,2.71,3.65,Wednesday,February,2017,0,0,0
2/9/2017,509846,522073,309991,-6.94,-3.85,-12.17,2.37,2.54,2.47,Thursday,February,2017,0,0,0
2/10/2017,494164,506565,303957,-5.53,-2.53,-9.08,2.12,2.46,2.72,Friday,February,2017,0,0,0
2/11/2017,461226,462036,282999,-4.88,-3.00,-7.28,1.34,1.77,3.3,Saturday,February,2017,0,0,0
2/12/2017,452182,470226,262228,-4.85,-2.83,-3.98,1.09,2.62,5.34,Sunday,February,2017,0,0,0
2/13/2017,471035,495732,266895,-3.01,-1.33,1.49,1.5,2.76,7.5,Monday,February,2017,0,0,0
2/14/2017,468299,466661,255242,-2.56,-0.20,0.83,1.41,2.09,4.89,Tuesday,February,2017,0,0,0
2/15/2017,469972,474491,264878,-2.70,-1.17,-3.18,0.69,1.88,3.32,Wednesday,February,2017,0,0,0
2/16/2017,456800,475140,268191,0.04,0.23,-2.02,0.83,2.47,4.42,Thursday,February,2017,0,0,0
2/17/2017,440753,447971,263936,-0.49,1.75,-0.18,1.81,2.45,4.52,Friday,February,2017,0,0,0
2/18/2017,429025,423703,248239,-0.77,0.82,-0.70,1.76,2.83,6.27,Saturday,February,2017,0,0,0
2/19/2017,401482,400190,244108,1.58,3.41,-0.13,1.93,3.53,8.49,Sunday,February,2017,0,0,0
2/20/2017,422650,444495,268612,1.58,3.25,-2.71,1.94,2.3,3.45,Monday,February,2017,0,0,0
2/21/2017,430102,456509,273053,-0.11,0.83,-6.77,1.64,2.3,5.13,Tuesday,February,2017,0,0,0
2/22/2017,436894,464984,281384,-0.15,1.90,-7.41,2.03,4.18,7.62,Wednesday,February,2017,0,0,0
2/23/2017,448632,470307,276634,-3.38,-0.31,-3.89,2.13,3.72,6.99,Thursday,February,2017,0,0,0
2/24/2017,454353,474576,282002,-4.54,-2.63,-7.80,2.47,3.83,6.23,Friday,February,2017,0,0,0
2/25/2017,438476,439061,267552,-3.28,-1.60,-6.91,2.15,3.14,6.77,Saturday,February,2017,0,0,0
2/26/2017,413136,420804,262270,-1.37,1.44,-6.03,1.42,2.17,4.13,Sunday,February,2017,0,0,0
2/27/2017,431565,459122,280097,0.55,2.83,-6.17,1.51,2.33,3.68,Monday,February,2017,0,0,0
2/28/2017,428698,451474,266138,0.20,3.05,0.27,2.54,2.79,5.6,Tuesday,February,2017,0,0,0
3/1/2017,431774,452850,258372,-0.57,2.15,0.98,1.9,3.25,4.55,Wednesday,March,2017,0,0,0
3/2/2017,444472,452137,259208,-2.23,1.37,0.35,1.25,2.78,5.92,Thursday,March,2017,0,0,0
3/3/2017,441355,451706,266900,-1.89,1.50,-1.38,1.25,1.72,3.5,Friday,March,2017,0,0,0
3/4/2017,422575,421427,258990,-2.15,0.87,-4.57,2.07,2.74,3.48,Saturday,March,2017,0,0,0
3/5/2017,426117,437561,256676,-3.01,-0.86,-7.76,3.11,4.03,4.79,Sunday,March,2017,0,0,0
3/6/2017,461423,489846,279992,-4.42,-2.01,-8.31,2.86,4.36,8.34,Monday,March,2017,0,0,0
3/7/2017,470045,506467,279169,-6.03,-2.70,-6.16,2.65,3.78,10.84,Tuesday,March,2017,0,0,0
3/8/2017,468173,492067,272940,-5.26,-1.50,-1.24,1.73,2.57,8.33,Wednesday,March,2017,0,0,0
3/9/2017,447408,470347,266265,-0.70,2.20,-0.35,1.9,3,5.18,Thursday,March,2017,0,0,0
3/10/2017,426816,444915,263807,-0.10,1.77,-0.18,1.7,1.69,2.31,Friday,March,2017,0,0,0
3/11/2017,404770,406717,245174,-0.38,0.84,-1.27,1.08,1.76,2.49,Saturday,March,2017,0,0,0
3/12/2017,394729,406596,237346,1.59,1.02,-1.18,1.9,2.74,4.54,Sunday,March,2017,0,0,0
3/13/2017,426272,449489,255403,1.35,1.73,0.41,2.37,2.96,5.56,Monday,March,2017,0,0,0
3/14/2017,411747,436429,258615,3.00,4.11,0.66,2.95,3.97,7.37,Tuesday,March,2017,0,0,0
3/15/2017,403328,423905,249360,3.09,5.29,2.06,4.24,4.44,6.75,Wednesday,March,2017,0,0,0
3/16/2017,410434,425969,247143,2.44,4.88,0.63,2.58,3.34,4.68,Thursday,March,2017,0,0,0
3/17/2017,406527,413388,255775,1.46,4.59,1.16,3.35,4.7,9.11,Friday,March,2017,0,0,0
3/18/2017,394150,396660,239025,-0.99,1.91,0.51,2.3,1.84,4.67,Saturday,March,2017,0,0,0
3/19/2017,401819,413136,235071,-1.70,0.57,-1.69,1.75,2.03,0.78,Sunday,March,2017,0,0,0
3/20/2017,419540,444447,251818,1.23,2.37,-2.05,2.3,2.63,2.39,Monday,March,2017,0,0,0
3/21/2017,409159,418469,253673,1.74,4.09,0.26,2.35,3.79,6.39,Tuesday,March,2017,0,0,0
3/22/2017,411604,428866,248694,0.62,4.01,1.46,2.19,3.94,8,Wednesday,March,2017,0,0,0
3/23/2017,419612,425779,245911,-0.27,2.60,0.16,1.97,2.66,5.97,Thursday,March,2017,0,0,0
3/24/2017,414831,419939,251038,1.30,2.45,-1.70,1.84,2.52,5.28,Friday,March,2017,0,0,0
3/25/2017,376246,372101,236065,3.64,4.78,0.25,1.76,3.13,3.98,Saturday,March,2017,0,0,0
3/26/2017,336378,341279,211635,5.54,6.72,3.20,2.14,3.66,6.98,Sunday,March,2017,0,0,0
3/27/2017,371370,391499,235840,5.06,7.30,2.51,1.98,3.54,7.96,Monday,March,2017,0,0,0
3/28/2017,379104,396057,235326,2.89,4.93,-0.81,1.48,2.38,6.25,Tuesday,March,2017,0,0,0
3/29/2017,393866,419481,245143,1.56,2.74,-2.95,1.66,1.45,4.01,Wednesday,March,2017,0,0,0
3/30/2017,408610,427881,247881,1.11,2.80,-2.86,1.61,2.27,4.08,Thursday,March,2017,0,0,0
3/31/2017,398070,406187,249354,2.52,5.78,-0.76,1.08,1.62,3.51,Friday,March,2017,0,0,0
4/1/2017,357770,360179,232978,4.73,7.61,0.55,1.91,2.9,5.82,Saturday,April,2017,0,0,0
4/2/2017,346519,347391,223185,4.77,7.76,2.12,1.31,2.32,3.51,Sunday,April,2017,0,0,0
4/3/2017,373254,393918,240897,4.52,5.66,1.26,1.87,1.92,2.51,Monday,April,2017,0,0,0
4/4/2017,376782,389709,235712,4.10,6.58,3.24,2.83,3.69,5.81,Tuesday,April,2017,0,0,0
4/5/2017,377660,391551,232943,3.74,6.36,2.61,3.59,3.58,6.14,Wednesday,April,2017,0,0,0
4/6/2017,387650,401576,233441,3.63,5.57,2.03,2.15,2.68,3.1,Thursday,April,2017,0,0,0
4/7/2017,364658,381257,239468,5.51,7.01,1.49,1.65,1.98,3.62,Friday,April,2017,0,0,0
4/8/2017,344031,351890,227411,5.01,6.50,0.52,1.74,1.74,4.76,Saturday,April,2017,0,0,0
4/9/2017,339154,342662,216802,5.19,7.93,2.83,2.26,3.03,4.35,Sunday,April,2017,0,0,0
4/10/2017,359495,386293,231257,4.37,7.60,4.38,3.31,4.21,7.49,Monday,April,2017,0,0,0
4/11/2017,372553,403024,234922,2.92,5.25,1.81,2.32,3.6,6.69,Tuesday,April,2017,0,0,0
4/12/2017,363831,407430,242311,3.11,4.44,0.35,1.11,2.39,3.77,Wednesday,April,2017,0,0,0
4/13/2017,355685,407550,247482,1.74,3.30,-1.19,1.67,2.81,4.57,Thursday,April,2017,1,0,0
4/14/2017,360480,381160,236548,0.98,1.95,-2.93,2.1,2.61,3.09,Friday,April,2017,1,1,1
4/15/2017,364783,375779,237503,0.07,0.77,-2.86,1.41,1.38,2.92,Saturday,April,2017,0,0,0
4/16/2017,361932,371820,228632,0.55,0.47,-2.22,1.43,3.09,4.22,Sunday,April,2017,1,1,1
4/17/2017,370863,379379,228947,0.64,0.87,-1.13,1.83,2.16,4.18,Monday,April,2017,1,1,1
4/18/2017,393651,421276,240751,0.72,1.03,-1.01,1.22,2.44,3.41,Tuesday,April,2017,0,0,0
4/19/2017,393998,411611,234996,2.17,2.60,0.19,1.74,1.9,2.53,Wednesday,April,2017,0,0,0
4/20/2017,381504,399730,234002,4.54,4.61,1.66,2.39,3.94,7.02,Thursday,April,2017,0,0,0
4/21/2017,372837,383040,233283,3.63,6.88,3.28,3.63,3.38,4.8,Friday,April,2017,0,0,0
4/22/2017,358344,358318,220150,3.06,5.29,2.05,3.19,4.33,3.54,Saturday,April,2017,0,0,0
4/23/2017,356258,358881,214204,1.95,4.36,1.67,2.39,2.45,4.6,Sunday,April,2017,0,0,0
4/24/2017,389010,399788,229367,0.95,3.31,2.07,2.22,3.25,2.93,Monday,April,2017,0,0,0
4/25/2017,388942,413390,232806,1.68,2.95,1.94,4.05,2.42,4.7,Tuesday,April,2017,0,0,0
4/26/2017,381683,401297,232990,1.72,3.91,1.84,2.18,3.12,5.93,Wednesday,April,2017,0,0,0
4/27/2017,386643,389660,232417,1.96,4.30,2.59,1.56,1.76,5.27,Thursday,April,2017,0,0,0
4/28/2017,382290,385348,232756,2.03,4.62,2.61,3.39,2.97,2.21,Friday,April,2017,0,0,0
4/29/2017,347727,363806,219713,3.49,4.64,1.80,1.96,3.94,8.43,Saturday,April,2017,0,0,0
4/30/2017,332555,348734,215345,3.80,5.27,2.04,1.78,3.18,5.36,Sunday,April,2017,0,0,0
5/1/2017,329670,330724,204767,5.37,7.36,5.01,1.29,2.13,4.61,Monday,May,2017,1,1,1
5/2/2017,337807,354652,218937,7.20,8.56,5.76,1.42,2.08,3.73,Tuesday,May,2017,0,0,0
5/3/2017,327574,354347,214194,7.35,8.51,5.36,2.01,2.21,3.52,Wednesday,May,2017,0,0,0
5/4/2017,326954,350092,213149,7.52,7.78,5.45,1.86,2.92,2.49,Thursday,May,2017,0,0,0
5/5/2017,319468,344690,213937,9.16,10.40,8.33,1.97,1.75,4.7,Friday,May,2017,0,0,0
5/6/2017,289501,303680,195353,9.90,10.89,6.56,1.59,3.09,4.13,Saturday,May,2017,0,0,0
5/7/2017,294050,314656,196739,6.72,7.96,3.55,2.88,3.11,2.93,Sunday,May,2017,0,0,0
5/8/2017,342362,384357,220120,4.42,4.65,1.82,3.34,4.53,4.58,Monday,May,2017,0,0,0
5/9/2017,354529,394240,218069,3.49,3.92,1.38,1.2,2.56,3.19,Tuesday,May,2017,0,0,0
5/10/2017,369276,395275,222045,2.73,3.69,1.43,1.94,1.8,2.71,Wednesday,May,2017,0,0,0
5/11/2017,365524,394568,221440,3.59,4.23,1.63,1.5,1.35,2.64,Thursday,May,2017,0,0,0
5/12/2017,341899,367561,220940,5.29,6.35,2.61,1.37,2.4,2.97,Friday,May,2017,0,0,0
5/13/2017,314106,323092,203554,6.85,8.55,4.84,1.64,1.94,1.81,Saturday,May,2017,0,0,0
5/14/2017,304120,316781,192342,7.54,10.39,6.59,1.01,1.88,2.65,Sunday,May,2017,0,0,0
5/15/2017,322882,362479,209431,8.19,9.14,5.15,1.38,2.66,3.18,Monday,May,2017,0,0,0
5/16/2017,329299,355431,210509,7.96,9.14,6.19,2.28,2.43,2.92,Tuesday,May,2017,0,0,0
5/17/2017,293612,350551,209132,10.18,11.56,7.18,1.44,2.2,3.88,Wednesday,May,2017,1,0,0
5/18/2017,315048,327967,210096,10.56,15.63,9.70,2.09,2.83,2.14,Thursday,May,2017,0,0,0
5/19/2017,310934,317592,204506,11.21,16.91,13.56,1.4,1.87,4.25,Friday,May,2017,0,0,0
5/20/2017,288033,284236,189946,11.73,14.49,12.03,2.28,2.91,2.89,Saturday,May,2017,0,0,0
5/21/2017,286885,286579,184527,9.84,13.49,11.93,2.24,2.32,2.41,Sunday,May,2017,0,0,0
5/22/2017,317260,334909,196767,9.33,12.86,12.69,1.41,3.07,4.06,Monday,May,2017,0,0,0
5/23/2017,319149,334923,192777,10.02,13.09,12.26,1.43,1.8,3.65,Tuesday,May,2017,0,0,0
5/24/2017,308972,329110,198834,10.52,14.16,12.37,1.46,1.66,1.7,Wednesday,May,2017,0,0,0
5/25/2017,293924,292163,191582,10.79,14.25,11.84,2.04,2.48,3.9,Thursday,May,2017,1,1,1
5/26/2017,294891,302143,197397,12.43,15.17,11.20,1.47,2.24,3.81,Friday,May,2017,0,0,0
5/27/2017,274288,283955,193309,14.50,17.58,8.29,1.85,1.93,2.24,Saturday,May,2017,0,0,0
5/28/2017,270536,279755,186093,13.33,18.10,11.18,1.75,3.29,4.08,Sunday,May,2017,0,0,0
5/29/2017,300808,326210,202745,12.15,15.06,10.05,1.4,3.17,3.66,Monday,May,2017,0,0,0
5/30/2017,308767,329334,205156,10.25,12.99,9.19,1.64,3.03,2.57,Tuesday,May,2017,0,0,0
5/31/2017,309965,332864,204272,9.17,12.61,8.47,2.05,1.85,4.43,Wednesday,May,2017,0,0,0
6/1/2017,310536,334074,205094,9.16,11.65,6.56,2.06,3.96,6.9,Thursday,June,2017,0,0,0
6/2/2017,309623,322367,211875,8.68,11.59,5.64,1.41,2.92,7.92,Friday,June,2017,0,0,0
6/3/2017,288234,287155,193853,10.16,12.11,7.28,1.26,1.81,5.05,Saturday,June,2017,0,0,0
6/4/2017,277922,283586,188480,10.31,12.54,9.20,1.56,1.97,2.14,Sunday,June,2017,1,1,1
6/5/2017,279190,307130,204743,10.57,13.17,10.08,2.32,3.09,2.74,Monday,June,2017,1,0,0
6/6/2017,294643,286100,202219,12.53,15.29,13.16,2.51,2.85,2.84,Tuesday,June,2017,0,1,0
6/7/2017,290517,323132,197384,12.15,12.98,16.21,3.47,4.45,3.91,Wednesday,June,2017,0,0,0
6/8/2017,297216,333323,200537,11.68,13.08,14.01,2.5,3.18,0.85,Thursday,June,2017,0,0,0
6/9/2017,296151,321579,200090,12.17,14.77,13.72,1.73,2.25,1.96,Friday,June,2017,0,0,0
6/10/2017,275551,284407,184244,12.89,14.96,15.35,2.75,2.36,2.14,Saturday,June,2017,0,0,0
6/11/2017,274847,287918,180879,12.40,15.78,15.31,2.32,2.86,2.82,Sunday,June,2017,0,0,0
6/12/2017,298114,326161,204419,12.27,14.46,12.73,2.17,3,4.62,Monday,June,2017,0,0,0
6/13/2017,293664,322434,202516,12.68,14.29,11.89,2.19,3.63,4.96,Tuesday,June,2017,0,0,0
6/14/2017,295902,321854,198520,13.34,15.95,13.13,1.24,1.61,3.62,Wednesday,June,2017,0,0,0
6/15/2017,287958,318725,199163,14.20,16.97,15.64,1.66,1.58,1.88,Thursday,June,2017,0,0,0
6/16/2017,284272,309743,199733,12.75,15.68,16.91,1.28,2.21,1.75,Friday,June,2017,0,0,0
6/17/2017,271355,278087,183213,13.81,17.05,17.86,1.93,1.29,1.73,Saturday,June,2017,0,0,0
6/18/2017,266549,274984,178684,14.63,18.92,16.06,2.3,3.67,4.8,Sunday,June,2017,0,0,0
6/19/2017,294218,323570,193375,12.74,18.31,15.51,1.89,2.17,3.99,Monday,June,2017,0,0,0
6/20/2017,297877,316836,188921,11.23,15.49,11.81,2.76,3.81,5.75,Tuesday,June,2017,0,0,0
6/21/2017,300362,325820,184320,11.12,14.59,11.65,1.39,3.25,5.92,Wednesday,June,2017,0,0,0
6/22/2017,300918,319281,180155,12.12,14.32,11.02,1.08,1.79,4.81,Thursday,June,2017,0,0,0
6/23/2017,294604,268004,165611,12.04,15.05,10.82,1.9,2.66,3.17,Friday,June,2017,0,0,0
6/24/2017,270764,259361,159647,12.03,14.79,12.12,2.26,3.91,2.75,Saturday,June,2017,0,1,1
6/25/2017,269189,267758,158391,10.87,13.78,12.82,2.08,4.15,6.08,Sunday,June,2017,0,0,0
6/26/2017,293893,311102,184970,11.27,13.83,12.35,2.33,3.92,6.45,Monday,June,2017,0,0,0
6/27/2017,297229,326030,196133,10.98,13.83,12.69,1.54,2.88,6.87,Tuesday,June,2017,0,0,0
6/28/2017,293549,320111,197064,12.82,14.93,13.37,1.63,1.62,4.65,Wednesday,June,2017,0,0,0
6/29/2017,291771,325983,197845,14.80,15.44,14.96,2.36,3.7,3.48,Thursday,June,2017,0,0,0
6/30/2017,282904,315487,196061,16.20,15.91,16.38,2.93,4.58,9.09,Friday,June,2017,0,0,0
7/1/2017,263484,278015,177804,15.89,16.20,15.63,1.47,3.01,7.37,Saturday,July,2017,0,0,0
7/2/2017,260653,271901,175606,13.68,16.02,16.52,1.96,1.58,4.9,Sunday,July,2017,0,0,0
7/3/2017,284890,319899,195965,12.04,14.68,15.50,2.14,3.23,3.55,Monday,July,2017,0,0,0
7/4/2017,293869,316902,197427,11.93,14.11,14.44,1.7,2.6,4.77,Tuesday,July,2017,0,0,0
7/5/2017,290924,323295,197999,11.81,14.32,12.89,1.14,2.37,4.97,Wednesday,July,2017,0,0,0
7/6/2017,292463,321661,202159,12.21,14.95,10.85,1.62,2.32,4.65,Thursday,July,2017,0,0,0
7/7/2017,286736,308015,198982,12.95,16.26,13.63,1.61,1.8,3.39,Friday,July,2017,0,0,0
7/8/2017,264763,275636,184603,13.07,15.67,15.37,0.81,2,1.82,Saturday,July,2017,0,0,0
7/9/2017,262617,271226,177878,13.55,16.10,16.41,1.75,1.38,1.02,Sunday,July,2017,0,0,0
7/10/2017,278228,304883,193824,13.12,16.58,17.59,2.03,2.74,2.13,Monday,July,2017,0,0,0
7/11/2017,281547,300688,193427,12.74,16.70,17.23,1.75,1.87,4.28,Tuesday,July,2017,0,0,0
7/12/2017,278837,295280,194611,11.86,16.15,16.42,2.3,2.86,4.19,Wednesday,July,2017,0,0,0
7/13/2017,281487,301373,194412,11.97,15.17,15.22,1.55,3.36,3.97,Thursday,July,2017,0,0,0
7/14/2017,280783,292994,193661,12.61,15.18,13.99,1.25,2.1,4.61,Friday,July,2017,0,0,0
7/15/2017,264797,267196,182327,13.79,16.67,14.90,1.93,1.31,3.13,Saturday,July,2017,0,0,0
7/16/2017,254387,259765,177128,13.39,15.58,17.03,2.63,3.26,3.11,Sunday,July,2017,0,0,0
7/17/2017,275361,283437,192699,12.41,15.73,15.19,2.37,3.58,5.23,Monday,July,2017,0,0,0
7/18/2017,275493,281662,190401,13.49,16.04,14.33,1.55,2.64,4.45,Tuesday,July,2017,0,0,0
7/19/2017,272722,288418,191833,14.01,16.21,12.97,1.21,2.24,4.97,Wednesday,July,2017,0,0,0
7/20/2017,268350,283305,189341,16.14,17.03,13.96,1.3,1.38,3.3,Thursday,July,2017,0,0,0
7/21/2017,268548,283267,191095,15.21,16.30,14.23,1.75,1.82,2.58,Friday,July,2017,0,0,0
7/22/2017,256905,259548,181318,16.26,17.37,14.93,1.22,1.57,1.93,Saturday,July,2017,0,0,0
7/23/2017,248148,254088,175969,17.22,17.14,15.67,1.48,1.97,2.15,Sunday,July,2017,0,0,0
7/24/2017,267673,283313,191824,15.53,16.69,14.87,1.68,2.45,2.54,Monday,July,2017,0,0,0
7/25/2017,268573,278949,193193,16.37,16.89,15.33,1.58,2.6,2.25,Tuesday,July,2017,0,0,0
7/26/2017,269313,285536,190600,16.25,17.18,16.58,1.29,2.17,3.21,Wednesday,July,2017,0,0,0
7/27/2017,270216,278934,192489,15.44,17.62,17.48,1.53,2.23,3.61,Thursday,July,2017,0,0,0
7/28/2017,269177,279048,196616,14.41,16.66,18.22,2.15,2.01,4.72,Friday,July,2017,0,0,0
7/29/2017,259621,259322,180593,14.26,16.67,17.69,1.74,2.66,2.69,Saturday,July,2017,0,0,0
7/30/2017,256167,261549,178022,13.95,17.54,17.61,1.32,2.84,3.64,Sunday,July,2017,0,0,0
7/31/2017,273726,280991,194566,13.68,17.65,17.14,3.08,3.25,4.11,Monday,July,2017,0,0,0
8/1/2017,276824,280385,191470,14.08,17.96,17.80,2.45,3.25,5.01,Tuesday,August,2017,0,0,0
8/2/2017,273426,282432,193996,13.62,17.36,16.23,1.95,2.57,4.77,Wednesday,August,2017,0,0,0
8/3/2017,281126,281421,191262,13.49,16.83,16.59,1.69,2.73,5.29,Thursday,August,2017,0,0,0
8/4/2017,273852,274819,196717,14.09,16.41,15.48,1.53,3.4,5.96,Friday,August,2017,0,0,0
8/5/2017,262414,265261,181314,14.01,16.25,15.73,0.93,3.73,6.72,Saturday,August,2017,0,0,0
8/6/2017,260697,263496,181048,13.39,15.18,14.61,1.17,2.35,8.22,Sunday,August,2017,0,0,0
8/7/2017,288997,297657,201071,12.58,15.86,14.55,2.2,2.67,5.98,Monday,August,2017,0,0,0
8/8/2017,290827,299304,201707,13.62,17.83,16.10,1.59,2.92,3.15,Tuesday,August,2017,0,0,0
8/9/2017,294375,305938,200511,13.43,17.37,17.18,2.1,2.97,2.68,Wednesday,August,2017,0,0,0
8/10/2017,289365,309643,199734,14.49,17.36,17.11,1.55,3,5.38,Thursday,August,2017,0,0,0
8/11/2017,288341,297687,197597,14.26,17.32,17.45,2.46,2.95,3.03,Friday,August,2017,0,0,0
8/12/2017,270941,269028,183691,13.57,16.57,18.76,2.01,1.84,3.66,Saturday,August,2017,0,0,0
8/13/2017,272280,265294,181203,11.90,14.71,16.31,2.26,2.62,6.43,Sunday,August,2017,0,0,0
8/14/2017,297399,318043,199842,12.07,15.11,14.93,1.55,2.45,4.59,Monday,August,2017,0,0,0
8/15/2017,302073,318928,200749,13.23,16.46,15.22,2.23,2.45,2.6,Tuesday,August,2017,0,0,0
8/16/2017,293984,327831,203640,14.02,16.58,16.46,1.78,2.97,3.84,Wednesday,August,2017,0,0,0
8/17/2017,296275,320558,203461,13.75,16.64,17.26,2,1.84,2.31,Thursday,August,2017,0,0,0
8/18/2017,292690,321510,204931,14.32,16.87,17.08,2.17,2.58,3.09,Friday,August,2017,0,0,0
8/19/2017,271594,276684,188545,13.04,15.79,17.39,2.3,3.39,4.87,Saturday,August,2017,0,0,0
8/20/2017,270540,282283,177953,12.44,14.88,16.47,1.71,3.47,5.3,Sunday,August,2017,0,0,0
8/21/2017,293712,326491,201866,12.48,14.79,15.07,1.57,1.32,3.11,Monday,August,2017,0,0,0
8/22/2017,302941,322285,202466,11.89,14.38,13.84,1.8,2.61,1.36,Tuesday,August,2017,0,0,0
8/23/2017,300252,327599,202253,11.97,14.08,13.24,1.71,2.4,4.97,Wednesday,August,2017,0,0,0
8/24/2017,304002,336102,203468,11.78,14.71,12.36,0.97,1.55,7.15,Thursday,August,2017,0,0,0
8/25/2017,298361,328316,210342,12.09,13.84,11.25,1.27,1.98,3.27,Friday,August,2017,0,0,0
8/26/2017,283438,295656,199851,11.71,14.28,10.50,1.29,2.82,6.82,Saturday,August,2017,0,0,0
8/27/2017,277634,289507,195983,12.25,13.80,10.63,1.45,2.47,3.58,Sunday,August,2017,0,0,0
8/28/2017,302677,329420,212503,13.22,14.38,11.29,2.67,2.02,3.02,Monday,August,2017,0,0,0
8/29/2017,299057,320862,210303,13.27,16.86,13.58,2.7,3.8,5.84,Tuesday,August,2017,0,0,0
8/30/2017,302078,329684,210176,12.24,16.79,15.14,1.65,3,7.14,Wednesday,August,2017,0,0,0
8/31/2017,303956,330852,210218,11.36,14.50,14.67,1.09,1.74,4.6,Thursday,August,2017,0,0,0
9/1/2017,301237,321327,208387,10.57,13.95,13.66,0.96,2.24,6.11,Friday,September,2017,0,0,0
9/2/2017,282366,294798,200603,11.37,13.20,12.39,1.58,1.91,3.5,Saturday,September,2017,0,0,0
9/3/2017,277011,294588,194930,11.94,13.09,12.11,1.66,3.8,7.78,Sunday,September,2017,0,0,0
9/4/2017,302489,342559,214102,11.52,12.84,10.63,2.19,5.18,10.02,Monday,September,2017,0,0,0
9/5/2017,305667,344069,213130,11.66,14.02,10.50,1.76,3.64,8.11,Tuesday,September,2017,0,0,0
9/6/2017,303739,343700,217545,12.13,12.91,10.43,2.5,2.86,5.53,Wednesday,September,2017,0,0,0
9/7/2017,308062,350145,220039,10.89,11.84,9.74,1.14,2.22,4.24,Thursday,September,2017,0,0,0
9/8/2017,309521,341945,217385,10.60,12.03,9.94,2.15,1.91,3.58,Friday,September,2017,0,0,0
9/9/2017,290616,310784,204638,10.81,13.24,11.17,1.51,2.55,5.16,Saturday,September,2017,0,0,0
9/10/2017,284254,285248,194180,10.67,13.52,13.10,2.07,3.82,4.39,Sunday,September,2017,0,0,0
9/11/2017,305541,333167,206662,11.06,13.77,13.33,3.1,3.83,3.74,Monday,September,2017,0,0,0
9/12/2017,308150,342307,210321,11.06,13.72,12.82,3,3.26,4.89,Tuesday,September,2017,0,0,0
9/13/2017,309429,349014,211471,10.44,12.29,12.66,1.41,2.67,3.46,Wednesday,September,2017,0,0,0
9/14/2017,316225,351974,212995,10.43,11.58,11.20,1.85,2.78,4.17,Thursday,September,2017,0,0,0
9/15/2017,313284,334374,213941,10.26,11.72,9.99,1.41,2.32,4.49,Friday,September,2017,0,0,0
9/16/2017,294027,307376,200195,10.34,11.55,9.83,1.46,2.05,6.17,Saturday,September,2017,0,0,0
9/17/2017,292420,305372,191936,10.15,11.03,9.48,1.29,1.98,1.74,Sunday,September,2017,0,0,0
9/18/2017,311336,349227,212121,10.52,10.77,9.28,1.1,2.55,6.13,Monday,September,2017,0,0,0
9/19/2017,314847,356364,211541,9.71,10.29,8.12,1.62,2.79,3.34,Tuesday,September,2017,0,0,0
9/20/2017,321235,361210,211853,8.45,9.74,8.47,1.69,1.77,1.36,Wednesday,September,2017,0,0,0
9/21/2017,326974,364339,208053,8.78,11.08,10.38,1.41,2.47,5.43,Thursday,September,2017,0,0,0
9/22/2017,322160,351930,212453,10.35,11.72,10.01,1.18,3,7.01,Friday,September,2017,0,0,0
9/23/2017,299795,318287,199022,10.96,13.25,11.01,1.44,2.16,5.22,Saturday,September,2017,0,0,0
9/24/2017,291607,308524,194120,11.92,14.21,11.40,1.47,2.2,4.82,Sunday,September,2017,0,0,0
9/25/2017,311823,346022,214846,12.49,13.44,11.11,1.76,2.49,4.51,Monday,September,2017,0,0,0
9/26/2017,314628,331175,218740,11.56,13.21,10.47,1.95,2.33,4.09,Tuesday,September,2017,0,0,0
9/27/2017,313485,331539,219239,11.84,13.29,10.56,2.2,2.47,3.18,Wednesday,September,2017,0,0,0
9/28/2017,318993,327237,218557,11.56,12.88,9.78,2.35,2.62,3.22,Thursday,September,2017,0,0,0
9/29/2017,322736,332896,222291,11.01,12.15,9.03,2.5,2.63,1.71,Friday,September,2017,0,0,0
9/30/2017,303701,301093,211533,10.32,11.52,8.54,2.71,2.43,3.71,Saturday,September,2017,0,0,0
10/1/2017,303404,302868,205649,10.08,11.72,8.22,3.03,3.17,3.37,Sunday,October,2017,0,0,0
10/2/2017,326093,341453,220035,9.98,11.58,8.19,3.82,4.89,7.3,Monday,October,2017,0,0,0
10/3/2017,328877,337541,223866,9.42,11.51,7.45,2.39,3.66,9.08,Tuesday,October,2017,0,0,0
10/4/2017,338363,346908,216642,7.30,9.91,8.76,2.2,3.78,7.98,Wednesday,October,2017,0,0,0
10/5/2017,345553,354621,220365,6.92,9.00,7.59,1.8,2.98,2.88,Thursday,October,2017,0,0,0
10/6/2017,338683,349749,222706,7.51,8.89,6.97,2.15,3.1,3.14,Friday,October,2017,0,0,0
10/7/2017,324007,324358,211632,6.41,7.37,6.32,2.11,2.04,3.75,Saturday,October,2017,0,0,0
10/8/2017,322653,323814,203939,6.12,6.55,7.02,2.86,5.05,7.12,Sunday,October,2017,0,0,0
10/9/2017,354221,365933,216691,5.25,7.61,7.21,2.21,3.84,6.23,Monday,October,2017,0,0,0
10/10/2017,359927,370294,217988,4.86,7.52,6.87,1.38,3.98,5.76,Tuesday,October,2017,0,0,0
10/11/2017,356877,369082,222132,5.89,8.85,6.22,1.1,2.27,4.18,Wednesday,October,2017,0,0,0
10/12/2017,347266,361125,226807,6.91,10.10,5.41,2.57,3.13,4.51,Thursday,October,2017,0,0,0
10/13/2017,354526,359714,224822,7.22,8.86,6.25,1.84,3.43,6.27,Friday,October,2017,0,0,0
10/14/2017,320441,313881,209696,9.01,12.07,5.69,1.84,3.02,4.35,Saturday,October,2017,0,0,0
10/15/2017,318243,311414,204447,8.94,11.69,6.53,2.4,2.79,5.33,Sunday,October,2017,0,0,0
10/16/2017,332939,344808,220904,8.60,12.60,8.40,1.9,2.81,6.96,Monday,October,2017,0,0,0
10/17/2017,342771,353480,225159,8.03,11.50,7.23,1.95,3.36,6.4,Tuesday,October,2017,0,0,0
10/18/2017,347559,361879,227211,5.77,8.92,5.85,1.73,3.17,7.23,Wednesday,October,2017,0,0,0
10/19/2017,370860,380604,234405,4.14,6.68,4.13,1.6,1.62,4.29,Thursday,October,2017,0,0,0
10/20/2017,369301,381857,243734,5.37,7.12,2.04,1.82,2.17,2.68,Friday,October,2017,0,0,0
10/21/2017,345615,345144,233745,5.92,7.35,0.68,2.45,2.74,2.07,Saturday,October,2017,0,0,0
10/22/2017,344924,346984,230201,5.10,6.77,0.34,2.42,2.78,3.71,Sunday,October,2017,0,0,0
10/23/2017,382521,394458,253738,3.73,5.36,-0.04,1.97,2.7,4.36,Monday,October,2017,0,0,0
10/24/2017,390114,391762,258377,4.07,5.40,0.04,2.55,3.14,3.05,Tuesday,October,2017,0,0,0
10/25/2017,376563,385577,253056,4.99,8.39,-0.04,1.44,4.45,9.41,Wednesday,October,2017,0,0,0
10/26/2017,372003,383900,253465,5.08,7.27,-0.49,1.44,2.56,6.09,Thursday,October,2017,0,0,0
10/27/2017,371421,376846,249097,5.06,6.14,-0.70,2.03,2.47,4.15,Friday,October,2017,0,0,0
10/28/2017,347600,341965,230880,5.40,7.35,1.83,2.34,3,7.14,Saturday,October,2017,0,0,0
10/29/2017,371441,372491,234416,3.10,4.41,0.83,3.36,5.64,5.04,Sunday,October,2017,0,0,0
10/30/2017,405202,419816,248232,1.39,2.68,-0.23,2.37,5.01,9.5,Monday,October,2017,0,0,0
10/31/2017,396302,416174,252083,2.75,3.21,-2.38,1.66,2.19,7.22,Tuesday,October,2017,0,0,0
11/1/2017,382518,395437,257806,5.06,7.00,-3.29,1.56,1.99,3.34,Wednesday,November,2017,0,0,0
11/2/2017,379977,389145,255540,4.48,7.00,-3.06,2,2.56,4.54,Thursday,November,2017,0,0,0
11/3/2017,390326,392424,249065,3.89,4.60,0.52,1.6,2.57,4.65,Friday,November,2017,0,0,0
11/4/2017,364242,351771,222541,4.69,7.39,4.17,1.45,3.59,7.79,Saturday,November,2017,0,1,1
11/5/2017,355550,352599,213275,3.85,7.87,5.23,1.55,3.16,6.49,Sunday,November,2017,0,0,0
11/6/2017,398262,397135,233144,1.69,4.89,5.13,1.48,2.48,6.45,Monday,November,2017,0,0,0
11/7/2017,409314,414225,244282,3.47,2.98,1.98,1.53,2.27,5.17,Tuesday,November,2017,0,0,0
11/8/2017,393791,420869,243792,4.20,3.71,3.53,2.11,2.23,5.93,Wednesday,November,2017,0,0,0
11/9/2017,386710,403957,238151,4.52,5.60,4.56,3.64,3.74,8.57,Thursday,November,2017,0,0,0
11/10/2017,404753,408362,239678,1.48,4.68,4.02,1.91,3.03,7.63,Friday,November,2017,0,0,0
11/11/2017,397534,378838,227808,0.38,3.34,2.94,1.93,2.3,7.33,Saturday,November,2017,0,0,0
11/12/2017,396125,393702,223670,0.44,1.93,1.59,2.07,2.9,5.68,Sunday,November,2017,0,0,0
11/13/2017,429046,444261,246123,-0.30,-0.12,0.74,2.06,2.37,4.97,Monday,November,2017,0,0,0
11/14/2017,435435,455221,249606,0.12,0.65,0.56,1.22,2.4,4.11,Tuesday,November,2017,0,0,0
11/15/2017,423490,441079,247847,1.30,2.51,0.55,2.04,3.22,6.09,Wednesday,November,2017,0,0,0
11/16/2017,426106,438636,251316,1.55,2.86,0.53,2.05,2.86,6.75,Thursday,November,2017,0,0,0
11/17/2017,419608,420184,247968,1.50,4.44,2.44,2.7,4.8,9.54,Friday,November,2017,0,0,0
11/18/2017,409724,386069,236448,-0.08,3.33,1.99,1.58,2.87,8.51,Saturday,November,2017,0,0,0
11/19/2017,414645,414984,231560,-1.67,0.27,0.97,2.47,2.25,6.42,Sunday,November,2017,0,0,0
11/20/2017,464700,481654,252481,-3.71,-1.61,-0.38,0.89,2.7,1.95,Monday,November,2017,0,0,0
11/21/2017,477553,485284,258589,-4.78,-1.96,-1.36,1.58,1.9,1.9,Tuesday,November,2017,0,0,0
11/22/2017,487440,477286,259068,-2.97,1.58,-2.50,2.26,2.54,3.25,Wednesday,November,2017,0,0,0
11/23/2017,435696,424328,262610,3.09,6.36,-1.63,3.91,4.78,9.43,Thursday,November,2017,0,0,0
11/24/2017,431651,413574,250327,0.33,4.07,3.06,2.45,3.25,7.53,Friday,November,2017,0,0,0
11/25/2017,418967,404034,234997,-0.45,1.32,1.39,2.08,2.26,4.16,Saturday,November,2017,0,0,0
11/26/2017,408403,398819,233107,0.14,1.92,0.21,1.85,2.25,5.17,Sunday,November,2017,0,0,0
11/27/2017,453508,437844,251874,-2.37,2.71,1.46,2.06,2.35,8.45,Monday,November,2017,0,0,0
11/28/2017,463043,458166,253392,-2.57,2.03,1.12,3.64,2.51,7.92,Tuesday,November,2017,0,0,0
11/29/2017,468163,468992,255279,-4.08,1.18,0.63,2.87,2.57,6.49,Wednesday,November,2017,0,0,0
11/30/2017,481423,469040,252449,-5.36,0.15,0.37,2.16,1.85,3.84,Thursday,November,2017,0,0,0
12/1/2017,479906,468943,259489,-5.48,-0.11,-0.56,2.17,3.46,5.89,Friday,December,2017,0,0,0
12/2/2017,445730,419401,244146,-1.78,0.41,-0.23,1.58,3.23,7.09,Saturday,December,2017,0,0,0
12/3/2017,429582,399737,230376,-1.28,2.24,2.10,2.32,3.24,10.26,Sunday,December,2017,0,0,0
12/4/2017,466844,473308,256084,-3.11,-1.12,-1.51,2.03,2.45,4.35,Monday,December,2017,0,0,0
12/5/2017,454533,467788,264986,-0.34,1.10,-2.41,1.62,2.65,4.34,Tuesday,December,2017,0,0,0
12/6/2017,445521,465211,254221,0.43,1.50,-2.94,1.22,1.83,5.2,Wednesday,December,2017,0,0,1
12/7/2017,427711,445956,271554,2.77,4.42,-2.75,3.3,3.29,5.48,Thursday,December,2017,0,0,0
12/8/2017,437027,443779,262253,0.63,3.41,1.33,3.23,4.26,8.06,Friday,December,2017,0,0,0
12/9/2017,424828,415752,240422,-1.56,1.55,1.33,1.94,3.2,9.23,Saturday,December,2017,0,0,0
12/10/2017,446465,429449,234464,-4.94,-0.37,-0.16,1.27,2.12,6.77,Sunday,December,2017,0,0,0
12/11/2017,478126,476216,258013,-4.64,-0.78,-1.33,1.71,1.94,5.53,Monday,December,2017,0,0,0
12/12/2017,488964,481268,261847,-6.71,-0.87,-0.88,2.1,2.85,8.13,Tuesday,December,2017,0,0,0
12/13/2017,489971,482726,262796,-4.31,-0.51,-1.09,0.85,3.66,8.88,Wednesday,December,2017,0,0,0
12/14/2017,486430,478839,265131,-3.58,0.81,-0.68,1.85,3.71,9.28,Thursday,December,2017,0,0,0
12/15/2017,485537,470906,266130,-6.22,0.32,-1.01,2.35,1.87,6.44,Friday,December,2017,0,0,0
12/16/2017,471801,441076,252542,-6.88,-1.01,-1.19,2.52,2.21,5.85,Saturday,December,2017,0,0,0
12/17/2017,476876,463622,247469,-6.62,-3.89,-2.53,1.5,2.23,2.85,Sunday,December,2017,0,0,0
12/18/2017,484514,493496,266060,-2.51,-0.72,-0.97,1.72,2.94,7.13,Monday,December,2017,0,0,0
12/19/2017,476106,477896,264473,-0.75,-1.00,-1.08,1.04,1.98,2.37,Tuesday,December,2017,0,0,0
12/20/2017,450874,460322,257071,1.48,2.54,0.93,1.3,2.87,6.75,Wednesday,December,2017,0,0,0
12/21/2017,458719,460267,253131,-1.05,1.12,-0.13,1.94,2.29,5.74,Thursday,December,2017,0,0,0
12/22/2017,455808,456667,255699,-1.00,0.38,-2.45,2.1,2.87,5.29,Friday,December,2017,0,0,0
12/23/2017,410665,404064,237089,2.15,4.42,-1.37,1.79,3.11,8.09,Saturday,December,2017,0,0,0
12/24/2017,408277,380582,230380,-1.04,2.17,-3.78,1.79,2.36,8.81,Sunday,December,2017,0,0,0
12/25/2017,411373,386427,230542,-1.17,3.01,-3.39,1.5,2.63,5.66,Monday,December,2017,1,1,1
12/26/2017,417954,401734,232710,-1.23,2.63,-2.67,2.66,2.91,5.54,Tuesday,December,2017,1,1,1
12/27/2017,444622,437782,246624,-1.97,2.16,-0.99,2.51,3.33,7.47,Wednesday,December,2017,0,0,0
12/28/2017,452013,434619,254946,-3.51,2.22,-0.59,0.98,2.56,5.85,Thursday,December,2017,0,0,0
12/29/2017,453292,429928,253481,-4.72,1.46,0.93,1.08,2.27,5.77,Friday,December,2017,0,0,0
12/30/2017,447794,423240,241130,-5.65,0.55,0.35,1.86,2.53,5.81,Saturday,December,2017,0,0,0
12/31/2017,438227,405658,237444,-3.15,1.34,-0.84,1.72,2.31,5.96,Sunday,December,2017,0,0,0
1/1/2018,420627,395605,240677,-0.40,3.05,-0.70,1.95,2.16,5.63,Monday,January,2018,1,1,1
1/2/2018,453375,437502,256824,-2.69,2.60,0.63,1.66,2.73,7.89,Tuesday,January,2018,0,0,0
1/3/2018,470348,449382,257788,-2.84,1.47,0.69,2.54,2.48,5.93,Wednesday,January,2018,0,0,0
1/4/2018,466056,466909,262665,-2.25,1.06,-0.23,2.48,3.21,6.04,Thursday,January,2018,0,0,0
1/5/2018,470881,461848,262404,-4.12,0.35,0.80,2.41,1.55,6.92,Friday,January,2018,0,0,0
1/6/2018,464445,444727,246793,-7.14,-2.69,-0.61,2.35,2.85,5.97,Saturday,January,2018,0,1,1
1/7/2018,469120,456065,252089,-6.37,-3.28,-3.90,2.41,3.93,9.45,Sunday,January,2018,0,0,0
1/8/2018,480008,485903,275098,-4.04,-1.50,-4.40,2.36,2.89,8.22,Monday,January,2018,0,0,0
1/9/2018,487466,483186,272630,-6.13,-1.30,-2.69,1.59,2.17,5.25,Tuesday,January,2018,0,0,0
1/10/2018,489755,500909,278612,-4.71,-1.36,-4.03,2.37,1.53,2.7,Wednesday,January,2018,0,0,0
1/11/2018,476834,488457,285564,-2.42,-1.00,-4.28,1.58,1.86,3.8,Thursday,January,2018,0,0,0
1/12/2018,476709,486045,290233,-3.15,-1.16,-4.55,1.63,1.74,4.09,Friday,January,2018,0,0,0
1/13/2018,457175,450989,267725,-4.10,-1.74,-3.69,1.43,1.92,3.25,Saturday,January,2018,0,0,0
1/14/2018,453191,448231,254700,-4.31,-1.76,-4.07,2.33,2.82,4.14,Sunday,January,2018,0,0,0
1/15/2018,488173,492752,281607,-1.94,-1.21,-6.55,4.24,4.74,6.22,Monday,January,2018,0,0,0
1/16/2018,472775,488904,290555,-1.38,0.35,-7.98,2.44,6.4,10.33,Tuesday,January,2018,0,0,0
1/17/2018,471260,489736,292618,-3.87,-1.33,-7.88,1.55,3.27,8.61,Wednesday,January,2018,0,0,0
1/18/2018,485022,489457,287086,-5.56,-2.53,-6.33,1.71,2,3.88,Thursday,January,2018,0,0,0
1/19/2018,486453,489417,291614,-5.46,-3.61,-7.06,1.43,1.93,2.1,Friday,January,2018,0,0,0
1/20/2018,463524,457336,280018,-5.03,-2.59,-7.61,1.85,1.96,3.41,Saturday,January,2018,0,0,0
1/21/2018,459407,462886,280282,-6.09,-4.35,-9.56,1.38,1.56,3.97,Sunday,January,2018,0,0,0
1/22/2018,498750,511699,305235,-6.21,-3.87,-11.40,1.33,2.08,3.24,Monday,January,2018,0,0,0
1/23/2018,488804,509029,310739,-2.77,-2.65,-11.03,2.22,2.75,4.01,Tuesday,January,2018,0,0,0
1/24/2018,459998,459671,293795,0.17,4.02,-2.92,3.09,4.61,10.41,Wednesday,January,2018,0,0,0
1/25/2018,449509,443633,270480,0.30,4.00,2.50,3.23,5.61,11.22,Thursday,January,2018,0,0,0
1/26/2018,459341,443758,267824,-2.30,2.34,0.51,1.65,3,6.29,Friday,January,2018,0,0,0
1/27/2018,458602,416398,254582,-5.06,-0.12,-0.62,1.86,2.42,4.93,Saturday,January,2018,0,0,0
1/28/2018,436476,419514,252742,-1.80,2.17,-1.80,1.12,2.11,5.35,Sunday,January,2018,0,0,0
1/29/2018,467007,461226,271394,-2.65,1.51,-2.20,1.48,1.76,4.28,Monday,January,2018,0,0,0
1/30/2018,472666,472831,277033,-3.45,-0.17,-4.55,1.79,2.42,4.64,Tuesday,January,2018,0,0,0
1/31/2018,462671,467702,281834,-1.37,1.05,-6.40,2.43,3.15,3.51,Wednesday,January,2018,0,0,0
2/1/2018,465487,466482,287101,-2.55,0.33,-6.50,1.92,2.49,8.01,Thursday,February,2018,0,0,0
2/2/2018,495489,489325,275574,-7.32,-2.86,-5.75,2.5,2.27,3.7,Friday,February,2018,0,0,0
2/3/2018,488519,474551,277138,-10.01,-3.87,-8.69,2.55,3.43,4.31,Saturday,February,2018,0,0,0
2/4/2018,486466,477306,287009,-10.08,-4.69,-10.27,2.12,3.39,7.06,Sunday,February,2018,0,0,0
2/5/2018,509025,540850,307040,-7.85,-8.26,-10.67,1.45,2.28,7.39,Monday,February,2018,0,0,0
2/6/2018,503304,537800,306538,-7.01,-7.21,-10.28,1.34,2.69,4.59,Tuesday,February,2018,0,0,0
2/7/2018,500173,524300,300264,-6.49,-5.48,-8.92,1.38,2.14,4.75,Wednesday,February,2018,0,0,0
2/8/2018,493559,502484,295214,-4.22,-2.68,-6.54,1.69,1.88,6.5,Thursday,February,2018,0,0,0
2/9/2018,475067,488528,290512,-1.50,-2.17,-6.03,2.98,2.19,3.22,Friday,February,2018,0,0,0
2/10/2018,449828,455367,272057,-1.49,-1.99,-6.12,2.19,2.15,3.12,Saturday,February,2018,0,0,0
2/11/2018,446540,449098,268779,-2.27,-1.35,-6.01,2.87,2.33,3.7,Sunday,February,2018,0,0,0
2/12/2018,477703,484457,284339,-3.11,0.49,-4.35,2.63,3.83,6.02,Monday,February,2018,0,0,0
2/13/2018,478291,474156,276324,-4.21,-0.27,-1.35,1.54,3.16,6.34,Tuesday,February,2018,0,0,0
2/14/2018,466031,471526,266811,-1.32,-0.87,-1.01,3.01,2.05,3.52,Wednesday,February,2018,0,0,0
2/15/2018,473553,476559,274039,-1.68,-0.95,-3.54,3.54,2.41,3.79,Thursday,February,2018,0,0,0
2/16/2018,469729,474978,284538,-2.36,-0.30,-5.84,1.23,1.89,3.52,Friday,February,2018,0,0,0
2/17/2018,451978,433544,275290,-3.67,-1.41,-7.14,0.78,1.3,4.37,Saturday,February,2018,0,0,0
2/18/2018,439621,431658,275625,-2.86,-1.02,-9.50,0.93,1.33,3.5,Sunday,February,2018,0,0,0
2/19/2018,472223,484145,302226,-4.13,-1.81,-11.25,2.02,2.48,4.19,Monday,February,2018,0,0,0
2/20/2018,481127,503205,308590,-5.43,-3.78,-12.95,1.19,1.58,3.51,Tuesday,February,2018,0,0,0
2/21/2018,482001,513596,311614,-4.66,-5.16,-13.25,0.91,1.27,2.71,Wednesday,February,2018,0,0,0
2/22/2018,481614,511578,313278,-5.26,-5.29,-13.68,1.36,1.01,1.39,Thursday,February,2018,0,0,0
2/23/2018,477913,500706,311710,-5.33,-4.45,-13.69,1.5,2.19,4.01,Friday,February,2018,0,0,0
2/24/2018,457639,478749,303690,-5.09,-6.65,-15.96,1.41,2.36,5.49,Saturday,February,2018,0,0,0
2/25/2018,460650,484223,285238,-6.41,-7.53,-11.83,1.72,3.23,5.52,Sunday,February,2018,0,0,0
2/26/2018,506836,532214,298716,-8.91,-7.60,-10.37,2.05,3.36,6.61,Monday,February,2018,0,0,0
2/27/2018,514596,556962,316301,-10.79,-9.75,-17.59,3.46,4.61,9.05,Tuesday,February,2018,0,0,0
2/28/2018,530676,581540,321620,-12.41,-10.25,-18.11,2.73,3.54,6.46,Wednesday,February,2018,0,0,0
3/1/2018,529751,548047,313460,-12.21,-8.21,-15.07,2.3,2.8,4.36,Thursday,March,2018,0,0,0
3/2/2018,520732,533315,308019,-9.80,-6.03,-12.83,2,2.86,5.46,Friday,March,2018,0,0,0
3/3/2018,485226,483166,291945,-7.03,-5.47,-11.55,1.31,2.02,3.82,Saturday,March,2018,0,0,0
3/4/2018,464951,465004,283233,-6.54,-4.98,-11.44,1.07,1.43,3.52,Sunday,March,2018,0,0,0
3/5/2018,498228,503224,300317,-6.73,-3.80,-10.65,1.87,1.69,3.94,Monday,March,2018,0,0,0
3/6/2018,496524,486315,296842,-6.08,-1.65,-10.04,1.75,2.38,6.64,Tuesday,March,2018,0,0,0
3/7/2018,485174,486990,293500,-4.20,-1.56,-11.04,1.39,2.42,5.94,Wednesday,March,2018,0,0,0
3/8/2018,477834,486312,294153,-3.76,-1.77,-7.88,1.67,2.38,6.43,Thursday,March,2018,0,0,0
3/9/2018,473055,473658,281350,-3.99,-1.00,-2.92,1.37,1.53,4.98,Friday,March,2018,0,0,0
3/10/2018,449241,443790,259207,-4.24,-2.24,-1.18,0.94,1.35,3.21,Saturday,March,2018,0,0,0
3/11/2018,450429,437109,251146,-4.14,-1.21,-1.02,1.69,1.44,2.87,Sunday,March,2018,0,0,0
3/12/2018,469875,467824,271468,-2.17,1.79,-1.58,1.8,2.34,5.56,Monday,March,2018,0,0,0
3/13/2018,458471,467282,266005,-2.63,0.51,-0.19,2.59,3.5,3.19,Tuesday,March,2018,0,0,0
3/14/2018,462194,473812,272003,-4.20,-2.09,-4.17,1.67,3.08,6.92,Wednesday,March,2018,0,0,0
3/15/2018,468098,492661,282775,-5.45,-4.57,-9.17,1.85,2.74,6.47,Thursday,March,2018,0,0,0
3/16/2018,484956,505289,291884,-7.82,-6.49,-10.01,2,3.09,5.96,Friday,March,2018,0,0,0
3/17/2018,468386,470077,277538,-8.11,-6.30,-8.63,2.12,2.56,5.09,Saturday,March,2018,0,0,0
3/18/2018,456257,450011,256010,-6.03,-3.99,-2.52,2.16,3.24,7.46,Sunday,March,2018,0,0,0
3/19/2018,464906,471170,266675,-2.29,-1.46,-1.93,2.4,3.17,6.36,Monday,March,2018,0,0,0
3/20/2018,449627,458771,275046,-1.82,-2.33,-6.61,1.93,3.5,5.68,Tuesday,March,2018,0,0,0
3/21/2018,446276,448640,282129,-0.42,-0.55,-6.95,1.51,2.82,5.43,Wednesday,March,2018,0,0,0
3/22/2018,437278,445516,267223,-0.37,0.71,-1.81,1.27,2.7,7.35,Thursday,March,2018,0,0,0
3/23/2018,441022,439150,276434,-0.26,-0.44,-5.43,2.02,1.69,4.19,Friday,March,2018,0,0,0
3/24/2018,401760,408006,263534,1.23,1.12,-3.13,2.09,3.62,7.44,Saturday,March,2018,0,0,0
3/25/2018,375030,373241,236522,0.04,2.38,-1.84,1.82,2.99,6.42,Sunday,March,2018,0,0,0
3/26/2018,430716,453493,272397,-2.21,-1.22,-6.85,2.46,3.34,5.52,Monday,March,2018,0,0,0
3/27/2018,441397,474186,279642,-3.86,-2.74,-7.70,1.66,2.01,3.23,Tuesday,March,2018,0,0,0
3/28/2018,434229,461946,277315,-4.55,-2.57,-5.69,1.19,1.62,4.52,Wednesday,March,2018,0,0,0
3/29/2018,417530,454504,271468,-4.13,-1.87,-4.85,1.81,2.26,1.94,Thursday,March,2018,1,0,0
3/30/2018,413934,414418,253801,-3.89,-1.66,-4.61,1.32,2.59,2.69,Friday,March,2018,1,1,1
3/31/2018,409109,397592,250554,-3.76,-1.21,-4.24,1.18,1.74,2.51,Saturday,March,2018,0,0,0
4/1/2018,399572,394991,244859,-3.61,-0.54,-3.48,2.16,2.76,5.1,Sunday,April,2018,1,1,1
4/2/2018,411874,397025,248045,-3.28,-0.16,-1.93,1.7,3.58,6.97,Monday,April,2018,1,1,1
4/3/2018,444179,439260,260617,-2.81,0.37,-1.69,1.5,1.81,5.82,Tuesday,April,2018,0,0,0
4/4/2018,433782,421426,261299,0.38,4.34,-0.93,1.41,2.86,4.25,Wednesday,April,2018,0,0,0
4/5/2018,426102,407857,252304,0.66,4.42,2.71,1.69,2.28,3.75,Thursday,April,2018,0,0,0
4/6/2018,408918,408806,251340,1.18,3.27,1.60,2.87,4.16,5.43,Friday,April,2018,0,0,0
4/7/2018,391850,367470,234090,1.38,3.93,1.01,1.53,2.73,5.33,Saturday,April,2018,0,0,0
4/8/2018,384649,349988,226896,1.61,6.61,2.06,1.05,1.5,3.01,Sunday,April,2018,0,0,0
4/9/2018,410467,386734,241742,1.81,6.03,2.05,1.99,2.41,4.06,Monday,April,2018,0,0,0
4/10/2018,400511,389957,240238,1.96,3.74,0.12,1.84,3.25,4.9,Tuesday,April,2018,0,0,0
4/11/2018,390459,400791,239410,2.17,3.12,0.05,1.71,2.28,3.06,Wednesday,April,2018,0,0,0
4/12/2018,382316,388761,238678,2.87,4.44,1.10,2.04,2.65,2.06,Thursday,April,2018,0,0,0
4/13/2018,366890,366272,233730,3.92,6.26,2.16,2.33,2.81,3.29,Friday,April,2018,0,0,0
4/14/2018,337109,330106,210234,5.53,8.00,3.71,2.17,2.09,2.83,Saturday,April,2018,0,0,0
4/15/2018,324396,331815,205707,5.81,6.80,4.48,1.89,1.09,1.51,Sunday,April,2018,0,0,0
4/16/2018,357489,443545,223498,4.63,7.82,4.90,0.79,1.06,2.3,Monday,April,2018,0,0,0
4/17/2018,389844,375778,226245,5.52,7.83,4.35,1.44,2.65,3.4,Tuesday,April,2018,0,0,0
4/18/2018,385146,364372,225001,6.33,9.59,5.39,2.01,2.88,4.01,Wednesday,April,2018,0,0,0
4/19/2018,385042,356992,218312,7.10,11.04,6.03,1.67,2.37,4.35,Thursday,April,2018,0,0,0
4/20/2018,343340,340526,220716,6.38,13.19,6.33,1.44,3.17,4.45,Friday,April,2018,0,0,0
4/21/2018,284813,313414,208992,5.48,10.13,4.87,2.53,3.15,6.43,Saturday,April,2018,0,0,0
4/22/2018,330825,318119,210208,5.07,8.38,3.22,1.74,2.38,2.84,Sunday,April,2018,0,0,0
4/23/2018,359790,367367,225950,4.83,7.58,3.60,1.82,3.43,3.29,Monday,April,2018,0,0,0
4/24/2018,360514,376117,226899,4.53,7.50,4.45,2.19,3.2,4.03,Tuesday,April,2018,0,0,0
4/25/2018,357862,374409,221525,4.47,7.45,4.90,1.72,2.6,3.23,Wednesday,April,2018,0,0,0
4/26/2018,359420,370073,222705,4.35,7.00,4.63,1.51,1.96,3.81,Thursday,April,2018,0,0,0
4/27/2018,357222,367415,224273,4.51,7.17,4.82,0.76,2.5,4.08,Friday,April,2018,0,0,0
4/28/2018,341140,336611,210818,4.01,7.98,5.10,0.9,2.16,3.49,Saturday,April,2018,0,0,0
4/29/2018,334269,332632,206617,4.20,8.29,4.79,0.84,1.26,2.21,Sunday,April,2018,0,0,0
4/30/2018,352502,353436,216722,4.70,7.60,5.77,2.43,2.87,2.13,Monday,April,2018,0,0,0
5/1/2018,352711,346210,208584,3.62,7.48,5.05,2.09,3.03,4.56,Tuesday,May,2018,1,1,1
5/2/2018,353718,370093,226788,6.02,8.26,5.90,2.24,2.72,4.06,Wednesday,May,2018,0,0,0
5/3/2018,352843,368189,220621,5.49,7.27,7.31,2.28,2.81,3.62,Thursday,May,2018,0,0,0
5/4/2018,354710,353800,225951,5.91,8.18,6.30,1.82,2.62,4.84,Friday,May,2018,0,0,0
5/5/2018,318124,311739,208942,8.88,10.88,7.49,1.8,1.97,2.63,Saturday,May,2018,0,0,0
5/6/2018,303613,301080,194915,9.52,12.95,10.15,1.97,2.87,3.67,Sunday,May,2018,0,0,0
5/7/2018,328727,333778,208064,9.68,14.23,11.29,1.84,2.67,3.37,Monday,May,2018,0,0,0
5/8/2018,323190,327910,201611,11.80,14.82,10.53,2.02,1.69,2.83,Tuesday,May,2018,0,0,0
5/9/2018,308569,326235,208161,13.24,14.63,10.95,2.22,2.6,4.35,Wednesday,May,2018,0,0,0
5/10/2018,294552,308483,198872,12.22,14.89,11.85,2.49,3.06,4.65,Thursday,May,2018,1,1,1
5/11/2018,310838,315909,203351,10.12,14.54,14.03,0.76,3,3.68,Friday,May,2018,0,0,0
5/12/2018,294424,296123,190159,10.67,14.75,15.92,1.1,2.44,2.47,Saturday,May,2018,0,0,0
5/13/2018,286625,295075,179581,13.07,16.45,17.25,1.68,1.96,1.93,Sunday,May,2018,0,0,0
5/14/2018,304336,328031,196141,15.09,17.54,18.11,1.49,1.95,2.3,Monday,May,2018,0,0,0
5/15/2018,302392,328619,192676,15.22,18.23,18.55,1.32,1.53,2.11,Tuesday,May,2018,0,0,0
5/16/2018,301999,326147,192180,12.78,18.63,18.59,2.25,1.37,2.65,Wednesday,May,2018,0,0,0
5/17/2018,288585,327572,192906,9.50,14.82,16.20,3,4.29,1.68,Thursday,May,2018,1,0,0
5/18/2018,301827,321277,197601,10.58,13.57,12.13,1.6,3.55,3.92,Friday,May,2018,0,0,0
5/19/2018,285297,283249,185094,11.73,14.59,12.16,1.96,1.66,3.75,Saturday,May,2018,0,0,0
5/20/2018,275130,276869,177938,12.67,16.33,14.29,2.45,2.63,2.78,Sunday,May,2018,1,1,1
5/21/2018,280123,322789,193270,13.47,16.77,16.67,2.01,2.11,3.22,Monday,May,2018,1,0,0
5/22/2018,305944,319061,195223,12.98,16.91,17.47,1.02,1.85,2.26,Tuesday,May,2018,0,0,0
5/23/2018,306719,323414,195947,13.23,16.97,15.90,1.63,2.64,3.25,Wednesday,May,2018,0,0,0
5/24/2018,298059,319475,197144,14.65,17.09,14.21,1.89,1.6,3.31,Thursday,May,2018,0,0,0
5/25/2018,293528,311532,199296,16.21,18.02,16.30,1.33,2.04,2.03,Friday,May,2018,0,0,0
5/26/2018,275169,282779,180719,16.14,18.30,17.18,1.78,1.23,1.77,Saturday,May,2018,0,0,0
5/27/2018,270885,277012,178576,17.28,17.49,14.99,1.73,2.72,3.48,Sunday,May,2018,0,0,0
5/28/2018,292134,321407,197791,16.84,17.65,16.62,1.44,1.98,2.74,Monday,May,2018,0,0,0
5/29/2018,289507,318880,197279,16.70,20.34,18.51,0.95,1.45,4.12,Tuesday,May,2018,0,0,0
5/30/2018,287547,322573,194062,19.10,20.37,15.80,1.78,2.3,4.02,Wednesday,May,2018,0,0,0
5/31/2018,286843,318843,196036,19.52,18.09,14.14,1.79,2.48,3.39,Thursday,May,2018,0,0,0
6/1/2018,286142,310275,199810,18.16,19.58,16.43,1.31,2.21,4.51,Friday,June,2018,0,0,0
6/2/2018,271237,273086,183157,18.12,21.15,18.03,1.32,1.35,4.17,Saturday,June,2018,0,0,0
6/3/2018,267937,273001,179273,17.65,21.65,16.95,1.52,1.72,4.92,Sunday,June,2018,0,0,0
6/4/2018,292332,328366,200996,14.59,18.61,12.54,2.48,3.47,6.48,Monday,June,2018,0,0,0
6/5/2018,300719,328027,206213,11.88,14.02,9.23,1.95,4.09,8.33,Tuesday,June,2018,0,0,0
6/6/2018,301513,301461,204919,12.58,14.39,9.64,1.67,2.53,4.99,Wednesday,June,2018,0,1,0
6/7/2018,297192,315585,210096,15.14,17.84,9.98,1.26,2.95,5.99,Thursday,June,2018,0,0,0
6/8/2018,295208,314145,207982,15.83,17.93,10.76,1.59,1.53,3.56,Friday,June,2018,0,0,0
6/9/2018,273262,283237,192093,16.38,19.42,12.08,1.75,1.84,2.91,Saturday,June,2018,0,0,0
6/10/2018,272206,274653,184903,15.09,20.63,15.04,1.66,2.19,2.05,Sunday,June,2018,0,0,0
6/11/2018,297599,316702,198611,12.31,16.99,16.65,1.78,2.13,3.57,Monday,June,2018,0,0,0
6/12/2018,302310,320159,199268,12.35,16.48,13.84,1.43,2.7,3.38,Tuesday,June,2018,0,0,0
6/13/2018,301793,325044,204243,12.12,15.64,13.01,1.64,1.99,2.42,Wednesday,June,2018,0,0,0
6/14/2018,296215,311839,202768,11.93,15.80,15.20,3.86,3.63,1.88,Thursday,June,2018,0,0,0
6/15/2018,291742,307435,198180,12.02,16.81,17.15,3.3,3.48,3.98,Friday,June,2018,0,0,0
6/16/2018,273862,278802,184270,12.43,16.65,17.52,1.87,1.75,1.64,Saturday,June,2018,0,0,0
6/17/2018,273092,281803,179324,12.36,15.86,18.66,1.6,2.97,2.44,Sunday,June,2018,0,0,0
6/18/2018,297565,321900,195264,12.17,15.66,17.47,2.77,3.64,5.15,Monday,June,2018,0,0,0
6/19/2018,297738,320739,191554,11.44,15.67,14.18,3.74,5.54,8.17,Tuesday,June,2018,0,0,0
6/20/2018,304329,329866,187020,9.64,14.59,15.09,2.08,3.71,7.6,Wednesday,June,2018,0,0,0
6/21/2018,306891,318159,185525,9.73,12.81,14.29,2.45,1.36,3.04,Thursday,June,2018,0,0,0
6/22/2018,301518,274886,173986,10.43,12.78,12.57,3.09,4.12,9.89,Friday,June,2018,0,0,0
6/23/2018,286741,265678,166362,11.66,14.16,13.14,1.59,1.98,5.91,Saturday,June,2018,0,1,1
6/24/2018,274847,267712,165578,13.45,15.77,14.39,1.49,2.18,3.95,Sunday,June,2018,0,0,0
6/25/2018,295631,309903,187184,15.73,17.55,15.54,1.53,2.86,2.44,Monday,June,2018,0,0,0
6/26/2018,296670,317400,194146,15.97,18.43,16.66,1.83,1.8,2.25,Tuesday,June,2018,0,0,0
6/27/2018,294775,321922,199886,16.40,19.94,17.25,1.71,1.73,3.77,Wednesday,June,2018,0,0,0
6/28/2018,294510,316304,201779,16.37,20.86,17.97,2.35,3.59,3.89,Thursday,June,2018,0,0,0
6/29/2018,289591,313266,205656,13.84,16.44,12.70,2.2,4.47,5.78,Friday,June,2018,0,0,0
6/30/2018,271471,277980,191417,14.38,15.41,12.75,1.68,3.63,5.81,Saturday,June,2018,0,0,0
7/1/2018,264093,279401,184481,16.89,16.03,14.22,1.06,3.67,6.66,Sunday,July,2018,0,0,0
7/2/2018,280421,317897,202132,17.46,17.35,13.93,1.1,3.45,6.61,Monday,July,2018,0,0,0
7/3/2018,283730,308637,203956,17.27,19.54,13.67,1.09,2.89,2.72,Tuesday,July,2018,0,0,0
7/4/2018,286079,315780,204631,17.41,19.59,15.03,1.55,2.48,2.37,Wednesday,July,2018,0,0,0
7/5/2018,285165,314481,204839,16.26,18.53,15.66,1.62,1.64,2.38,Thursday,July,2018,0,0,0
7/6/2018,280966,308396,202764,15.77,19.80,16.87,2.04,2.54,4.74,Friday,July,2018,0,0,0
7/7/2018,265533,270220,187286,15.73,18.69,18.26,2.32,2.37,4.26,Saturday,July,2018,0,0,0
7/8/2018,259895,269213,183084,16.37,19.68,17.08,1.73,2.23,3.46,Sunday,July,2018,0,0,0
7/9/2018,280114,300068,198669,14.52,18.37,17.87,3.16,1.97,1.84,Monday,July,2018,0,0,0
7/10/2018,278622,301614,195694,18.22,19.57,18.12,1.96,2.03,2.17,Tuesday,July,2018,0,0,0
7/11/2018,278038,299325,197251,19.30,20.24,18.55,1.03,1.63,2.18,Wednesday,July,2018,0,0,0
7/12/2018,275399,296198,196471,17.98,20.41,19.77,0.7,1.84,2.04,Thursday,July,2018,0,0,0
7/13/2018,277037,291764,196397,17.06,21.19,21.01,1.14,1.53,2.46,Friday,July,2018,0,0,0
7/14/2018,260579,259668,185022,16.50,20.76,21.42,1.68,1.26,1.69,Saturday,July,2018,0,0,0
7/15/2018,256691,258602,182391,17.46,21.80,22.66,1.27,1.14,2.16,Sunday,July,2018,0,0,0
7/16/2018,271226,282404,199662,19.16,23.40,23.74,1.41,1.88,2.67,Monday,July,2018,0,0,0
7/17/2018,269112,281832,200119,20.67,23.69,25.05,1.42,2.57,3.96,Tuesday,July,2018,0,0,0
7/18/2018,268571,284052,195837,18.89,22.69,24.38,1.19,2.73,4.38,Wednesday,July,2018,0,0,0
7/19/2018,267849,278351,194983,17.59,21.98,23.70,1.15,1.68,3.78,Thursday,July,2018,0,0,0
7/20/2018,269519,279128,193571,17.63,21.92,22.18,1.46,1.51,3.37,Friday,July,2018,0,0,0
7/21/2018,256742,255302,189261,17.77,21.09,20.48,1.55,1.66,2.7,Saturday,July,2018,0,0,0
7/22/2018,252617,252078,183359,17.47,20.31,21.27,1.39,2.77,3.54,Sunday,July,2018,0,0,0
7/23/2018,271593,278758,198467,18.36,20.90,21.93,1.34,2.05,1.63,Monday,July,2018,0,0,0
7/24/2018,272036,277242,200172,19.13,22.86,23.11,1.74,2.28,1.81,Tuesday,July,2018,0,0,0
7/25/2018,267324,280463,201785,18.34,24.17,23.67,2.02,2.49,2.11,Wednesday,July,2018,0,0,0
7/26/2018,269469,282677,201963,19.16,24.31,23.40,1.53,1.99,1.78,Thursday,July,2018,0,0,0
7/27/2018,267133,280998,204041,22.48,24.37,23.55,1.45,1.99,3.55,Friday,July,2018,0,0,0
7/28/2018,253273,260535,192268,21.92,23.00,23.01,2.61,3.28,6.6,Saturday,July,2018,0,0,0
7/29/2018,246989,254621,186750,19.05,21.93,23.37,2.28,2.46,5.41,Sunday,July,2018,0,0,0
7/30/2018,269658,278351,200575,19.36,22.56,24.15,1.31,1.98,4.75,Monday,July,2018,0,0,0
7/31/2018,272818,281303,205376,19.71,24.02,24.22,1.91,1.91,3.43,Tuesday,July,2018,0,0,0
8/1/2018,270722,287586,204626,18.44,23.72,24.34,1.76,2.25,2.04,Wednesday,August,2018,0,0,0
8/2/2018,275441,282989,208690,17.37,22.48,24.00,1.5,2.24,1.38,Thursday,August,2018,0,0,0
8/3/2018,272512,282216,205476,16.89,22.03,22.25,1.61,2.58,4.25,Friday,August,2018,0,0,0
8/4/2018,258434,254857,190334,16.84,20.72,20.04,1.51,2.6,3.97,Saturday,August,2018,0,0,0
8/5/2018,251897,254304,184701,14.99,19.19,19.02,2.64,2.08,4.42,Sunday,August,2018,0,0,0
8/6/2018,282021,296978,200812,13.77,18.22,16.00,1.47,2.41,7,Monday,August,2018,0,0,0
8/7/2018,284466,297551,201222,15.99,20.49,17.08,1.84,2,4.61,Tuesday,August,2018,0,0,0
8/8/2018,287153,307876,205048,16.65,23.51,19.24,1.84,3.51,2.15,Wednesday,August,2018,0,0,0
8/9/2018,282957,306565,209469,16.07,22.35,22.23,1.8,2.69,4.95,Thursday,August,2018,0,0,0
8/10/2018,283564,298924,211754,13.54,20.45,22.60,3.74,4.64,5.35,Friday,August,2018,0,0,0
8/11/2018,265229,268229,192785,12.99,16.80,19.25,1.23,3.6,6.16,Saturday,August,2018,0,0,0
8/12/2018,271559,273956,189378,11.99,14.74,15.20,1.97,1.74,4.48,Sunday,August,2018,0,0,0
8/13/2018,297878,313241,207029,13.03,15.85,14.68,1.3,2.1,6.24,Monday,August,2018,0,0,0
8/14/2018,297368,313327,207685,14.02,16.27,15.18,1.18,1.61,2.92,Tuesday,August,2018,0,0,0
8/15/2018,295212,312741,209561,14.56,17.16,15.44,2,1.77,2.04,Wednesday,August,2018,0,0,0
8/16/2018,291865,313956,212348,15.06,19.17,17.18,3.7,3.28,1.84,Thursday,August,2018,0,0,0
8/17/2018,284473,306690,212931,13.79,18.83,19.13,2.9,3.58,3.97,Friday,August,2018,0,0,0
8/18/2018,272323,274646,193649,13.12,17.00,18.59,3.06,3.62,4.31,Saturday,August,2018,0,0,0
8/19/2018,271353,280592,189509,13.21,17.52,16.59,1.96,3.54,7.38,Sunday,August,2018,0,0,0
8/20/2018,300351,313971,208327,12.04,16.05,15.13,1.98,2.25,3.36,Monday,August,2018,0,0,0
8/21/2018,301748,317820,207363,12.09,15.17,13.62,1.26,3,7.39,Tuesday,August,2018,0,0,0
8/22/2018,302972,326330,209146,13.46,16.87,14.30,3.2,3.59,6.18,Wednesday,August,2018,0,0,0
8/23/2018,297011,324968,210193,13.09,19.06,16.44,1.39,3.57,7.44,Thursday,August,2018,0,0,0
8/24/2018,299073,322708,211042,11.88,16.41,17.89,2.06,3.34,4.27,Friday,August,2018,0,0,0
8/25/2018,284109,285064,193042,10.85,14.04,16.31,1.43,3.23,4.3,Saturday,August,2018,0,0,0
8/26/2018,278944,282370,191306,10.71,13.43,14.17,1.07,2.44,4.8,Sunday,August,2018,0,0,0
8/27/2018,310601,324048,207264,11.11,13.66,13.83,1.94,2.46,4.38,Monday,August,2018,0,0,0
8/28/2018,306770,327496,208986,12.95,15.41,14.38,1.13,2.02,3.41,Tuesday,August,2018,0,0,0
8/29/2018,307830,326319,207519,13.21,15.88,15.67,2.09,2.18,3.31,Wednesday,August,2018,0,0,0
8/30/2018,299846,329902,209990,12.81,15.74,14.71,1.58,1.6,2.15,Thursday,August,2018,0,0,0
8/31/2018,301796,327059,210997,12.32,14.23,15.31,2.02,2.63,1.94,Friday,August,2018,0,0,0
9/1/2018,286741,293826,196656,12.96,15.09,15.56,1.25,2.46,2.92,Saturday,September,2018,0,0,0
9/2/2018,276681,285358,189871,13.78,15.95,16.05,1.95,1.75,1.88,Sunday,September,2018,0,0,0
9/3/2018,300766,327016,209035,13.78,16.50,16.33,1.98,1.73,2.43,Monday,September,2018,0,0,0
9/4/2018,305232,333234,210606,13.53,16.41,16.23,0.92,1.11,4.17,Tuesday,September,2018,0,0,0
9/5/2018,306814,331766,212222,13.58,16.35,15.75,1.35,1.1,1.77,Wednesday,September,2018,0,0,0
9/6/2018,308384,329196,210392,13.40,15.92,16.01,1.77,1.36,2.56,Thursday,September,2018,0,0,0
9/7/2018,301317,322680,210819,14.21,16.23,15.87,2.57,2.67,3.12,Friday,September,2018,0,0,0
9/8/2018,282732,282892,196519,13.01,15.09,16.45,2.64,2.57,2.54,Saturday,September,2018,0,0,0
9/9/2018,279750,285971,190202,12.49,15.26,15.64,3.02,2.31,2.08,Sunday,September,2018,0,0,0
9/10/2018,299780,323775,210651,12.55,15.28,14.89,3.22,3.49,2.96,Monday,September,2018,0,0,0
9/11/2018,306632,338500,215437,10.97,13.71,14.03,2.32,3.68,5.67,Tuesday,September,2018,0,0,0
9/12/2018,315967,329814,215552,10.35,13.49,12.90,2.91,5.71,11.12,Wednesday,September,2018,0,0,0
9/13/2018,321489,333340,215465,10.07,12.99,12.61,2.44,3.78,8.67,Thursday,September,2018,0,0,0
9/14/2018,318971,325082,215807,9.85,13.17,12.08,2.54,3.67,7,Friday,September,2018,0,0,0
9/15/2018,303051,295696,202484,9.11,12.74,11.52,2.06,3.39,7.19,Saturday,September,2018,0,0,0
9/16/2018,304907,299685,194075,9.09,12.27,10.76,2.1,3.17,5.65,Sunday,September,2018,0,0,0
9/17/2018,324349,337804,216316,10.51,13.94,10.53,2.2,4.33,7.84,Monday,September,2018,0,0,0
9/18/2018,314746,327458,216278,13.61,16.21,12.22,2.91,3.05,5.57,Tuesday,September,2018,0,0,0
9/19/2018,310099,325707,215678,13.51,17.10,14.62,3.8,3.89,6.61,Wednesday,September,2018,0,0,0
9/20/2018,319302,330290,212888,10.71,15.56,15.01,3.82,4.95,7.34,Thursday,September,2018,0,0,0
9/21/2018,323620,323863,213934,9.31,15.12,14.71,3.51,4,6.31,Friday,September,2018,0,0,0
9/22/2018,308806,303062,200850,8.88,11.70,13.11,3.62,6.03,9.88,Saturday,September,2018,0,0,0
9/23/2018,312663,304098,198789,7.35,10.57,10.02,2.12,2.94,6.9,Sunday,September,2018,0,0,0
9/24/2018,350912,351060,219718,5.52,8.37,7.73,2.39,3.82,5.04,Monday,September,2018,0,0,0
9/25/2018,358318,355203,220168,7.00,8.81,7.35,2.62,3.86,7.44,Tuesday,September,2018,0,0,0
9/26/2018,338113,356075,225347,9.55,12.30,8.64,3.89,5.63,11.13,Wednesday,September,2018,0,0,0
9/27/2018,354428,360627,229102,6.86,11.50,7.66,1.97,3.35,9.4,Thursday,September,2018,0,0,0
9/28/2018,360622,356885,233927,5.36,8.36,5.27,2.29,3.6,4.81,Friday,September,2018,0,0,0
9/29/2018,340087,332941,222617,6.55,8.44,5.00,2.71,3.87,5.74,Saturday,September,2018,0,0,0
9/30/2018,326149,317770,209747,7.16,10.59,8.10,2.41,4.24,9.2,Sunday,September,2018,0,0,0
10/1/2018,358157,362740,226019,5.60,8.33,7.66,1.52,1.5,5.32,Monday,October,2018,0,0,0
10/2/2018,371147,378499,228020,4.34,6.49,6.04,1.93,1.73,3.5,Tuesday,October,2018,0,0,0
10/3/2018,371644,384723,226340,5.16,6.94,4.44,2.39,3.68,4.93,Wednesday,October,2018,0,0,0
10/4/2018,377432,387971,234777,5.66,7.19,2.89,1.79,2.49,5.67,Thursday,October,2018,0,0,0
10/5/2018,356004,355389,235662,6.82,11.47,5.56,2.41,3.78,7.36,Friday,October,2018,0,0,0
10/6/2018,348190,334209,217124,5.20,9.51,6.56,1.54,2.35,6.14,Saturday,October,2018,0,0,0
10/7/2018,349184,334760,216384,4.18,7.07,3.99,1.67,2.27,3.21,Sunday,October,2018,0,0,0
10/8/2018,357784,377103,238346,7.75,9.17,4.38,2.69,4.04,7.39,Monday,October,2018,0,0,0
10/9/2018,347854,366121,224062,9.47,12.06,9.07,3.18,4.43,8.79,Tuesday,October,2018,0,0,0
10/10/2018,339372,355910,219920,9.93,12.31,9.46,1.87,2.68,5.94,Wednesday,October,2018,0,0,0
10/11/2018,338594,349708,228854,9.57,11.89,8.55,1.42,2.36,2.54,Thursday,October,2018,0,0,0
10/12/2018,338157,345230,227937,10.36,12.56,9.93,1.65,2.71,4.26,Friday,October,2018,0,0,0
10/13/2018,315887,305958,213655,12.74,14.47,11.48,3.59,2.84,5.08,Saturday,October,2018,0,0,0
10/14/2018,306751,297889,202486,12.16,14.08,12.96,2.67,3.51,5.37,Sunday,October,2018,0,0,0
10/15/2018,343836,340565,223477,8.77,12.94,11.73,1.15,2.95,5.92,Monday,October,2018,0,0,0
10/16/2018,361049,348210,230030,7.08,11.23,9.70,1.31,1.75,4.26,Tuesday,October,2018,0,0,0
10/17/2018,347376,345501,233933,8.99,12.33,9.38,1.79,2.4,4.04,Wednesday,October,2018,0,0,0
10/18/2018,354488,350965,231684,6.51,10.36,9.20,1.92,2.47,5.44,Thursday,October,2018,0,0,0
10/19/2018,369542,372416,238271,5.96,6.89,6.37,1.37,1.77,5.38,Friday,October,2018,0,0,0
10/20/2018,353536,336256,230455,6.09,7.70,5.10,1.21,1.63,2.6,Saturday,October,2018,0,0,0
10/21/2018,333326,325977,220259,8.08,9.45,6.78,2.19,3.73,6.97,Sunday,October,2018,0,0,0
10/22/2018,366651,364182,233568,5.40,8.93,7.09,3.06,4.12,8.29,Monday,October,2018,0,0,0
10/23/2018,372151,386133,241896,4.98,7.23,3.76,3,4.39,6.91,Tuesday,October,2018,0,0,0
10/24/2018,388104,401160,244214,3.62,5.28,2.37,2.03,4.14,6.67,Wednesday,October,2018,0,0,0
10/25/2018,384710,399230,249209,3.67,5.91,1.11,1.98,2.19,2.16,Thursday,October,2018,0,0,0
10/26/2018,402909,414092,253595,1.09,3.21,0.19,1.82,2.35,3.29,Friday,October,2018,0,0,0
10/27/2018,394554,394935,245727,-0.13,2.01,-0.29,2.56,4.85,9.01,Saturday,October,2018,0,0,0
10/28/2018,418905,415228,255043,-1.42,0.88,-1.55,2.03,3.14,7.2,Sunday,October,2018,0,0,0
10/29/2018,441601,439197,268564,-1.72,1.96,-2.28,2.4,4.14,7.46,Monday,October,2018,0,0,0
10/30/2018,440010,430288,264743,0.33,6.69,0.11,3.25,5.1,10.99,Tuesday,October,2018,0,0,0
10/31/2018,408976,401621,251329,3.66,7.81,5.06,1.98,4.7,8.76,Wednesday,October,2018,0,0,0
11/1/2018,400556,389604,244344,4.35,6.83,5.63,1.49,2.28,5.83,Thursday,November,2018,0,0,0
11/2/2018,386554,379250,249358,4.33,8.32,5.42,1.51,2.87,6.13,Friday,November,2018,0,0,0
11/3/2018,377013,345108,229313,3.79,6.64,5.73,1.99,2.48,6.6,Saturday,November,2018,0,1,1
11/4/2018,352181,356400,228449,6.47,5.77,4.48,2.72,2.99,5.29,Sunday,November,2018,0,0,0
11/5/2018,381548,401637,244163,5.98,7.51,5.15,1.2,2.03,4.85,Monday,November,2018,0,0,0
11/6/2018,383588,389129,242933,5.46,8.09,5.52,1.08,2.14,3.87,Tuesday,November,2018,0,0,0
11/7/2018,380660,396641,237716,5.66,7.77,6.38,1.1,1.17,3.84,Wednesday,November,2018,0,0,0
11/8/2018,382316,399699,239302,5.66,7.45,5.76,1.01,1.08,2.95,Thursday,November,2018,0,0,0
11/9/2018,380327,387111,245342,5.19,7.37,4.88,1.05,0.99,2.49,Friday,November,2018,0,0,0
11/10/2018,358982,349731,236617,5.67,7.36,3.67,2.39,2.16,5.31,Saturday,November,2018,0,0,0
11/11/2018,342019,347713,230618,6.61,7.97,3.88,2.37,3.27,7.86,Sunday,November,2018,0,0,0
11/12/2018,364299,393729,250039,6.44,8.27,3.69,2.26,2.82,8.36,Monday,November,2018,0,0,0
11/13/2018,372632,385965,244329,5.42,7.44,5.01,1.15,1.84,5.46,Tuesday,November,2018,0,0,0
11/14/2018,393254,392084,242158,5.01,6.89,5.04,1.41,1.84,3.08,Wednesday,November,2018,0,0,0
11/15/2018,370350,393239,242834,7.33,7.82,5.64,2.02,2.75,5.71,Thursday,November,2018,0,0,0
11/16/2018,366972,382149,242128,6.30,6.76,7.19,1.85,3.23,8.38,Friday,November,2018,0,0,0
11/17/2018,360010,365696,231198,4.72,5.22,5.55,0.95,2.45,7.4,Saturday,November,2018,0,0,0
11/18/2018,374415,369293,233383,2.48,4.20,2.73,1.85,3.63,7.75,Sunday,November,2018,0,0,0
11/19/2018,426502,428880,261845,0.68,2.70,-1.12,1.46,2.17,4.04,Monday,November,2018,0,0,0
11/20/2018,435896,439503,262945,-0.14,1.94,-0.93,1.35,1.57,4.08,Tuesday,November,2018,0,0,0
11/21/2018,438143,441905,262790,-0.15,1.70,-1.63,1.62,1.82,4.12,Wednesday,November,2018,0,0,0
11/22/2018,452033,460537,265082,-0.81,0.44,-1.12,1.5,2.22,4.86,Thursday,November,2018,0,0,0
11/23/2018,463206,466458,269861,-2.11,-0.78,-0.82,1.72,1.9,5.26,Friday,November,2018,0,0,0
11/24/2018,439066,439638,253555,-1.75,-0.64,-1.40,2.12,2,5.03,Saturday,November,2018,0,0,0
11/25/2018,437017,444683,256800,-2.56,-1.14,-3.08,1.92,1.95,4.01,Sunday,November,2018,0,0,0
11/26/2018,473999,486536,276245,-3.61,-2.11,-3.51,1.83,2.38,4.87,Monday,November,2018,0,0,0
11/27/2018,486408,514427,275355,-3.90,-3.76,-4.69,1.22,2.22,5.43,Tuesday,November,2018,0,0,0
11/28/2018,484631,519580,275982,-2.44,-3.03,-4.08,1.21,2.05,4.03,Wednesday,November,2018,0,0,0
11/29/2018,448073,486417,273158,2.19,1.30,-0.40,2.97,5.1,10.44,Thursday,November,2018,0,0,0
11/30/2018,412715,461235,270740,4.59,2.69,0.72,3.7,5.42,11.96,Friday,November,2018,0,0,0
12/1/2018,386274,415128,256041,3.03,3.22,-1.75,2.61,4.04,8.52,Saturday,December,2018,0,0,0
12/2/2018,384996,402918,254477,2.26,3.70,-2.76,1.82,2.65,5.18,Sunday,December,2018,0,0,0
12/3/2018,401877,428556,273144,2.79,5.46,-2.29,1.3,3.39,6.64,Monday,December,2018,0,0,0
12/4/2018,427260,439160,266432,0.80,3.85,0.71,3.48,3.69,6.61,Tuesday,December,2018,0,0,0
12/5/2018,455418,474016,265520,-1.74,0.48,0.64,1.77,4.02,8.41,Wednesday,December,2018,0,0,0
12/6/2018,466672,468995,257715,-1.80,0.93,-1.35,1.07,2.09,5.65,Thursday,December,2018,0,0,1
12/7/2018,461704,444010,269307,-0.76,3.34,-1.08,1.4,1.6,7.24,Friday,December,2018,0,0,0
12/8/2018,431029,407562,258337,-1.13,4.14,-0.02,1.89,3.09,7.98,Saturday,December,2018,0,0,0
12/9/2018,427697,405961,244366,-1.64,3.31,1.58,2.29,2.88,8.65,Sunday,December,2018,0,0,0
12/10/2018,451968,457447,264208,0.10,1.09,0.28,3.11,1.83,6,Monday,December,2018,0,0,0
12/11/2018,459598,460545,267005,-2.28,1.77,-1.25,2.39,3.07,5.4,Tuesday,December,2018,0,0,0
12/12/2018,484524,478467,272488,-4.26,-0.15,-1.54,2.37,2.43,5.13,Wednesday,December,2018,0,0,0
12/13/2018,498625,487402,279605,-5.09,-1.06,-2.66,1.68,2.09,5.83,Thursday,December,2018,0,0,0
12/14/2018,510689,498588,286679,-6.08,-1.64,-4.15,1.44,1.41,3.75,Friday,December,2018,0,0,0
12/15/2018,481208,458671,278214,-5.38,-2.07,-5.44,1.63,1.22,2.84,Saturday,December,2018,0,0,0
12/16/2018,461809,452967,271258,-2.83,-0.61,-5.05,1.84,2.45,4.73,Sunday,December,2018,0,0,0
12/17/2018,482314,493934,286150,-3.89,-1.50,-3.14,1.43,1.82,5.91,Monday,December,2018,0,0,0
12/18/2018,490997,486934,281535,-4.85,-1.14,-2.70,1.29,1.77,4.01,Tuesday,December,2018,0,0,0
12/19/2018,472034,475912,279338,-1.19,0.55,-3.11,1.65,2.27,4.7,Wednesday,December,2018,0,0,0
12/20/2018,453019,472757,280574,-0.37,0.82,-5.28,2.11,2.6,4.89,Thursday,December,2018,0,0,0
12/21/2018,452305,467957,283652,-2.13,-0.42,-8.55,2.15,2.5,6.73,Friday,December,2018,0,0,0
12/22/2018,446272,456662,277185,-4.20,-2.51,-10.12,1.47,2.34,5.48,Saturday,December,2018,0,0,0
12/23/2018,444587,465217,269222,-5.40,-4.69,-10.53,1.74,2.48,5.16,Sunday,December,2018,0,0,0
12/24/2018,453445,448090,265275,-4.19,-4.61,-9.91,1.84,2.45,4.41,Monday,December,2018,0,0,0
12/25/2018,415983,392619,237356,1.19,1.84,-1.24,2.14,2.91,8.04,Tuesday,December,2018,1,1,1
12/26/2018,412410,388044,234786,0.68,1.97,-2.79,1.68,2.64,6.55,Wednesday,December,2018,1,1,1
12/27/2018,420412,399175,249133,0.75,2.26,-2.08,1.41,1.63,2.32,Thursday,December,2018,0,0,0
12/28/2018,433972,424991,262942,-0.92,0.18,-1.25,1.73,1.86,2.96,Friday,December,2018,0,0,0
12/29/2018,423291,405951,259479,-1.50,1.05,-0.88,1.97,1.9,4.35,Saturday,December,2018,0,0,0
12/30/2018,426526,406290,256064,-2.68,-0.63,-3.65,1.82,1.91,3.64,Sunday,December,2018,0,0,0
12/31/2018,421564,413081,272725,1.51,0.82,-3.80,2.49,2.88,5.96,Monday,December,2018,0,0,0
1/1/2019,410562,383617,252819,1.54,3.52,0.29,4.58,4.37,7.13,Tuesday,January,2019,1,1,1
1/2/2019,454918,466157,284691,-2.79,-1.04,-6.02,3.1,6.45,10.69,Wednesday,January,2019,0,0,0
1/3/2019,457990,473677,308267,-1.88,-1.63,-12.24,2.07,2.46,7.09,Thursday,January,2019,0,0,0
1/4/2019,429672,439736,293880,2.17,1.86,-3.87,2.09,2.81,5.97,Friday,January,2019,0,0,0
1/5/2019,401216,415149,279979,2.17,0.79,-7.08,2.13,2.12,5.76,Saturday,January,2019,0,0,0
1/6/2019,402810,415655,271111,1.07,0.48,-3.89,1.91,1.98,3.89,Sunday,January,2019,0,1,1
1/7/2019,449011,459577,275258,-0.74,1.14,-1.17,1.46,1.86,5.73,Monday,January,2019,0,0,0
1/8/2019,451885,461525,280027,-0.09,1.27,-2.32,3.4,2.6,4.46,Tuesday,January,2019,0,0,0
1/9/2019,456174,486311,284201,-2.66,-1.07,-4.33,2.89,3.23,3.31,Wednesday,January,2019,0,0,0
1/10/2019,455205,494265,291708,-0.95,-2.12,-6.03,1.61,2.57,4.38,Thursday,January,2019,0,0,0
1/11/2019,445466,465779,279647,-0.43,1.38,0.27,2.3,3.56,9.17,Friday,January,2019,0,0,0
1/12/2019,440769,443846,267962,-3.43,-0.83,-3.67,1.87,2.39,5.74,Saturday,January,2019,0,0,0
1/13/2019,436759,430336,273554,-3.57,-0.89,-6.05,2.11,2.27,4.56,Sunday,January,2019,0,0,0
1/14/2019,481502,498339,286997,-3.89,-2.10,-4.38,4.08,4.08,5.14,Monday,January,2019,0,0,0
1/15/2019,483306,515494,291973,-4.40,-2.28,-5.56,1.88,3.52,5.13,Tuesday,January,2019,0,0,0
1/16/2019,485553,500243,294917,-4.68,-1.34,-7.76,1.52,2.24,5.19,Wednesday,January,2019,0,0,0
1/17/2019,499128,516555,300234,-7.42,-3.14,-8.05,2.55,3.15,6.36,Thursday,January,2019,0,0,0
1/18/2019,499268,525110,311395,-7.04,-5.30,-11.66,2.22,3,4.77,Friday,January,2019,0,0,0
1/19/2019,465869,476713,299474,-6.13,-3.64,-9.78,2.02,2.94,5.95,Saturday,January,2019,0,0,0
1/20/2019,468844,482176,289903,-8.34,-5.24,-11.13,1.66,2.65,7.16,Sunday,January,2019,0,0,0
1/21/2019,498526,535808,321336,-6.68,-5.03,-16.30,1.69,1.92,4.09,Monday,January,2019,0,0,0
1/22/2019,504253,511325,323456,-6.17,-2.57,-13.47,1.46,2.13,3.48,Tuesday,January,2019,0,0,0
1/23/2019,493625,516556,298532,-5.11,-3.51,-6.92,1.31,1.59,5.97,Wednesday,January,2019,0,0,0
1/24/2019,491262,528069,311635,-4.72,-4.43,-12.50,1.34,1.71,4.54,Thursday,January,2019,0,0,0
1/25/2019,489193,516676,312881,-5.01,-4.44,-9.52,1.6,1.83,5.09,Friday,January,2019,0,0,0
1/26/2019,470875,485044,300574,-5.97,-5.57,-11.68,1.54,1.97,4.12,Saturday,January,2019,0,0,0
1/27/2019,473274,489893,310976,-7.47,-3.69,-15.52,2.56,2.69,2.74,Sunday,January,2019,0,0,0
1/28/2019,505707,514321,329015,-7.92,-1.38,-13.21,2.32,2.65,8.5,Monday,January,2019,0,0,0
1/29/2019,518826,518088,308820,-10.55,-3.63,-7.46,1.77,1.92,5.14,Tuesday,January,2019,0,0,0
1/30/2019,518314,547614,298911,-8.31,-6.22,-6.14,1.26,2.21,4.7,Wednesday,January,2019,0,0,0
1/31/2019,510699,534879,300100,-6.81,-3.36,-6.83,2.02,2.2,2.7,Thursday,January,2019,0,0,0
2/1/2019,484029,509413,307587,-5.09,-1.81,-8.48,2.48,3.38,7.72,Friday,February,2019,0,0,0
2/2/2019,472834,475470,297684,-6.14,-0.86,-8.59,2.23,2.56,7.7,Saturday,February,2019,0,0,0
2/3/2019,466314,490403,285393,-8.00,-4.15,-6.32,1.84,4.09,8.32,Sunday,February,2019,0,0,0
2/4/2019,504040,527951,298095,-7.72,-5.23,-6.27,1.33,2.18,5.58,Monday,February,2019,0,0,0
2/5/2019,492349,502309,297859,-6.14,-0.96,-5.44,2.17,2.76,8.19,Tuesday,February,2019,0,0,0
2/6/2019,500045,523467,299784,-6.22,-4.38,-9.26,1.07,2.47,4.57,Wednesday,February,2019,0,0,0
2/7/2019,484615,481361,291050,-4.13,0.62,-3.81,1.43,2.53,6.4,Thursday,February,2019,0,0,0
2/8/2019,465812,466488,278412,-2.42,2.15,-0.44,1.66,4.31,7.52,Friday,February,2019,0,0,0
2/9/2019,426094,425586,261796,-0.17,2.73,0.24,2.08,3.56,8.2,Saturday,February,2019,0,0,0
2/10/2019,415983,416172,253569,-0.50,2.71,1.24,1.56,3.7,8.61,Sunday,February,2019,0,0,0
2/11/2019,454456,465789,268727,-2.08,0.13,-0.57,2.61,3.04,3.62,Monday,February,2019,0,0,0
2/12/2019,464202,476889,273610,-1.83,-1.20,-4.98,2.08,3.16,6.72,Tuesday,February,2019,0,0,0
2/13/2019,427425,443876,280910,1.78,3.61,-3.97,2.26,3.22,4.54,Wednesday,February,2019,0,0,0
2/14/2019,428493,440014,273570,2.14,3.66,-0.28,2.11,3.19,5.96,Thursday,February,2019,0,0,0
2/15/2019,416206,430319,264231,2.45,4.01,2.46,1.83,3.14,6.55,Friday,February,2019,0,0,0
2/16/2019,406839,396928,251307,1.67,4.38,0.88,1.65,3.83,6.83,Saturday,February,2019,0,0,0
2/17/2019,406266,403068,247403,0.75,2.66,-1.57,1.57,1.68,6.13,Sunday,February,2019,0,0,0
2/18/2019,420738,436581,273954,2.13,3.97,-2.35,2.23,3.26,6.28,Monday,February,2019,0,0,0
2/19/2019,417851,431269,262308,1.45,3.95,1.14,2.39,3.15,7.44,Tuesday,February,2019,0,0,0
2/20/2019,436140,458378,270447,-0.80,1.39,-3.60,1.61,3.97,8.76,Wednesday,February,2019,0,0,0
2/21/2019,440345,474877,291281,-0.28,-0.47,-11.05,1.65,1.92,6.57,Thursday,February,2019,0,0,0
2/22/2019,430502,482849,299404,0.79,-1.94,-10.46,2.13,2.31,5.01,Friday,February,2019,0,0,0
2/23/2019,392545,412309,258718,2.87,1.86,0.59,1.15,2.97,7.53,Saturday,February,2019,0,0,0
2/24/2019,385698,394375,244230,3.13,4.04,1.81,1.8,3.27,6.8,Sunday,February,2019,0,0,0
2/25/2019,420222,429494,256803,2.36,3.83,2.21,1.69,3,6.85,Monday,February,2019,0,0,0
2/26/2019,409533,411551,261216,2.66,4.85,0.30,1.54,3.01,4.25,Tuesday,February,2019,0,0,0
2/27/2019,418416,417892,256658,1.97,5.05,1.86,1.75,2.49,5.73,Wednesday,February,2019,0,0,0
2/28/2019,420250,429287,263425,0.52,2.99,-1.73,2.19,4.11,7.26,Thursday,February,2019,0,0,0
3/1/2019,427791,453769,278931,-0.84,-0.15,-7.93,1.83,2.33,5.69,Friday,March,2019,0,0,0
3/2/2019,415095,412815,265557,-1.36,0.78,-3.89,1.56,3.33,8.13,Saturday,March,2019,0,0,0
3/3/2019,403725,403066,267740,0.18,1.89,-8.73,1.04,2.34,4.96,Sunday,March,2019,0,0,0
3/4/2019,433616,461658,286310,-0.55,1.84,-7.24,1.93,2.63,4.77,Monday,March,2019,0,0,0
3/5/2019,456124,487307,284070,-2.74,-1.59,-9.36,2.2,4.56,8.42,Tuesday,March,2019,0,0,0
3/6/2019,461098,490052,290000,-1.94,-0.71,-9.37,1.56,2.1,5.6,Wednesday,March,2019,0,0,0
3/7/2019,449058,456075,278627,-0.92,3.09,-2.69,1.55,2.65,6.33,Thursday,March,2019,0,0,0
3/8/2019,444390,444208,270829,-1.43,2.36,0.96,2.78,4.32,7.36,Friday,March,2019,0,0,0
3/9/2019,431445,426805,261498,-2.77,0.91,-2.42,1.97,2.86,8.89,Saturday,March,2019,0,0,0
3/10/2019,427354,428645,258115,-4.52,-1.04,-4.35,2.09,3.05,5.34,Sunday,March,2019,0,0,0
3/11/2019,460122,477089,281079,-5.53,-2.47,-6.46,1.97,3.52,4.94,Monday,March,2019,0,0,0
3/12/2019,470474,474803,279377,-3.94,-1.77,-6.60,2.91,2.26,5.05,Tuesday,March,2019,0,0,0
3/13/2019,447947,462605,282381,-1.28,1.51,-6.46,1.64,3.92,5.1,Wednesday,March,2019,0,0,0
3/14/2019,449032,454380,266211,-1.55,2.45,-0.78,1.34,2.43,6.15,Thursday,March,2019,0,0,0
3/15/2019,438408,446632,266541,-1.03,1.92,0.73,1.19,1.6,4.96,Friday,March,2019,0,0,0
3/16/2019,411145,404674,252368,-0.40,2.46,0.82,1.49,1.93,4.07,Saturday,March,2019,0,0,0
3/17/2019,410090,400178,244122,-0.13,3.43,0.82,2.69,3.77,5.72,Sunday,March,2019,0,0,0
3/18/2019,427877,443724,254958,0.19,2.52,1.49,3.59,3.28,6.18,Monday,March,2019,0,0,0
3/19/2019,424596,436033,251492,-0.39,1.36,0.28,1.88,3.38,3.27,Tuesday,March,2019,0,0,0
3/20/2019,403631,431207,256292,2.90,3.49,-0.28,2.22,3.11,5.94,Wednesday,March,2019,0,0,0
3/21/2019,391313,409250,253602,3.73,6.18,1.37,2.33,3.01,5.4,Thursday,March,2019,0,0,0
3/22/2019,409982,403653,252448,2.10,4.61,0.38,2.4,2.68,6.56,Friday,March,2019,0,0,0
3/23/2019,384430,361920,243820,3.06,6.27,1.41,3.8,4.66,7.74,Saturday,March,2019,0,0,0
3/24/2019,389239,374904,232543,1.59,4.32,1.17,2.47,4.07,7.13,Sunday,March,2019,0,0,0
3/25/2019,410504,413516,253810,0.93,2.84,-1.22,2.1,3.09,4.54,Monday,March,2019,0,0,0
3/26/2019,415119,415669,254484,0.95,2.61,-3.14,1.93,2.99,5.1,Tuesday,March,2019,0,0,0
3/27/2019,395416,405842,258549,3.32,5.02,-2.49,1.82,1.99,3.07,Wednesday,March,2019,0,0,0
3/28/2019,386867,391769,250272,4.74,6.58,1.74,2.2,2.9,4.68,Thursday,March,2019,0,0,0
3/29/2019,376917,374159,241966,4.63,7.67,4.17,3.08,4.54,6.73,Friday,March,2019,0,0,0
3/30/2019,372334,354401,230098,2.90,6.79,2.23,2.17,3.64,4.66,Saturday,March,2019,0,0,0
3/31/2019,361106,342789,220368,0.22,3.68,0.46,2.97,4,5.62,Sunday,March,2019,0,0,0
4/1/2019,411016,412856,245552,0.37,2.50,0.09,2.05,2.74,5.71,Monday,April,2019,0,0,0
4/2/2019,399655,400164,238376,1.87,3.98,1.28,2.14,3.86,5.19,Tuesday,April,2019,0,0,0
4/3/2019,399364,400478,234563,2.32,5.92,2.34,1.72,3.45,5.12,Wednesday,April,2019,0,0,0
4/4/2019,383974,385512,234710,4.43,6.82,2.90,1.94,2.66,4.51,Thursday,April,2019,0,0,0
4/5/2019,369665,380719,239114,4.32,6.04,2.45,2.26,2.31,3.12,Friday,April,2019,0,0,0
4/6/2019,357378,347797,221369,3.83,7.18,3.15,1.07,2.96,3.67,Saturday,April,2019,0,0,0
4/7/2019,354986,345058,215370,3.13,6.30,2.86,2.62,2.41,3.93,Sunday,April,2019,0,0,0
4/8/2019,387301,407044,239614,1.62,3.35,1.19,3.16,5.35,2.65,Monday,April,2019,0,0,0
4/9/2019,395580,424487,239460,0.26,1.32,0.16,3.01,5.22,2.42,Tuesday,April,2019,0,0,0
4/10/2019,401068,438288,244320,-0.38,0.32,-1.81,2.1,4.38,5.79,Wednesday,April,2019,0,0,0
4/11/2019,404181,436549,241332,0.08,0.54,-1.56,1.7,2.86,3.97,Thursday,April,2019,0,0,0
4/12/2019,396515,423792,244488,1.19,1.10,0.27,1.87,2.31,2.19,Friday,April,2019,0,0,0
4/13/2019,365735,377563,229078,2.21,1.70,1.74,1.72,2.61,3.14,Saturday,April,2019,0,0,0
4/14/2019,354470,370289,217417,2.95,2.98,2.05,1.18,1.89,2.78,Sunday,April,2019,0,0,0
4/15/2019,369918,404333,231449,3.52,3.59,2.51,1.26,1.68,2.42,Monday,April,2019,0,0,0
4/16/2019,362485,394562,226831,3.80,4.55,3.95,2.07,2.35,2.61,Tuesday,April,2019,0,0,0
4/17/2019,347448,384216,223042,4.93,7.01,4.81,1.36,1.91,2.08,Wednesday,April,2019,0,0,0
4/18/2019,316605,355985,219395,6.55,8.68,6.16,1.28,1.51,1.67,Thursday,April,2019,1,0,0
4/19/2019,304760,318310,203718,7.82,9.68,6.04,1.31,1.8,3.15,Friday,April,2019,1,1,1
4/20/2019,297214,300879,203051,8.26,10.65,5.66,1.49,1.52,2.28,Saturday,April,2019,0,0,0
4/21/2019,290660,298897,198362,8.48,9.83,5.91,1.47,2.78,3.27,Sunday,April,2019,1,1,1
4/22/2019,295369,298427,200024,9.32,10.15,7.86,1.66,3.25,3.78,Monday,April,2019,1,1,1
4/23/2019,315594,336109,207828,9.88,11.52,9.97,1.65,2.72,3.25,Tuesday,April,2019,0,0,0
4/24/2019,318947,333989,205846,10.11,11.85,10.71,2.89,2.88,2.44,Wednesday,April,2019,0,0,0
4/25/2019,316724,333824,208329,10.38,12.27,11.29,2.12,3,4.36,Thursday,April,2019,0,0,0
4/26/2019,315220,331704,208409,10.72,12.95,10.87,1.98,2.37,3.11,Friday,April,2019,0,0,0
4/27/2019,293597,303928,194663,9.52,11.73,11.08,2.47,2.85,3.08,Saturday,April,2019,0,0,0
4/28/2019,292551,313240,197118,10.41,10.51,5.51,2.43,3.19,6.81,Sunday,April,2019,0,0,0
4/29/2019,316529,347711,219582,11.39,10.51,6.63,1.53,1.55,3.17,Monday,April,2019,0,0,0
4/30/2019,307466,335407,214140,10.58,11.04,7.30,1.62,1.53,2.3,Tuesday,April,2019,0,0,0
5/1/2019,298796,314082,204927,8.09,10.19,6.95,1.94,2.24,3.44,Wednesday,May,2019,1,1,1
5/2/2019,333534,366035,227601,4.22,6.36,2.94,3.03,4.24,4.21,Thursday,May,2019,0,0,0
5/3/2019,356832,369104,240607,2.38,4.12,0.40,1.69,1.98,7.91,Friday,May,2019,0,0,0
5/4/2019,335835,340830,223757,3.36,4.04,1.43,2.52,2.15,3.96,Saturday,May,2019,0,0,0
5/5/2019,335931,328212,210556,3.40,6.18,3.07,1.78,2.54,3.72,Sunday,May,2019,0,0,0
5/6/2019,365396,370330,218165,2.47,5.96,5.15,2.78,3.34,3.53,Monday,May,2019,0,0,0
5/7/2019,363434,379840,214933,3.33,5.59,5.17,2.29,3.2,3.31,Tuesday,May,2019,0,0,0
5/8/2019,354109,374667,211572,3.43,6.90,5.61,1.72,3.18,4.74,Wednesday,May,2019,0,0,0
5/9/2019,357767,366489,206800,4.40,8.45,8.27,2.65,3.76,4.73,Thursday,May,2019,0,0,0
5/10/2019,342324,345990,213249,6.24,9.74,8.55,2.1,2.32,3.29,Friday,May,2019,0,0,0
5/11/2019,316531,306623,199893,6.17,9.62,9.99,1.83,1.55,3.09,Saturday,May,2019,0,0,0
5/12/2019,318840,317435,192574,5.33,8.13,8.88,3.2,1.9,5.06,Sunday,May,2019,0,0,0
5/13/2019,341965,355833,207820,5.48,7.74,7.16,1.06,2.48,3.1,Monday,May,2019,0,0,0
5/14/2019,333302,350059,203732,7.45,8.68,7.54,1.14,1.71,3.2,Tuesday,May,2019,0,0,0
5/15/2019,322756,341093,199571,9.35,10.21,9.07,1.02,1.6,1.72,Wednesday,May,2019,0,0,0
5/16/2019,306075,332095,196585,11.39,11.68,10.92,1.46,2.14,1.19,Thursday,May,2019,0,0,0
5/17/2019,267233,324627,196069,12.78,11.49,12.82,2.15,3.01,1.7,Friday,May,2019,1,0,0
5/18/2019,275637,288902,181659,11.33,13.44,14.87,1.94,2.73,3.18,Saturday,May,2019,0,0,0
5/19/2019,276560,282646,176565,12.28,14.22,16.33,1.2,2.02,3.9,Sunday,May,2019,0,0,0
5/20/2019,299470,319407,192174,12.58,15.76,16.52,1.88,2.25,2.39,Monday,May,2019,0,0,0
5/21/2019,299605,313124,187533,14.29,16.46,17.30,1.55,2.05,1.73,Tuesday,May,2019,0,0,0
5/22/2019,295754,310958,186476,12.27,15.82,15.88,2.45,2,1.86,Wednesday,May,2019,0,0,0
5/23/2019,302227,324505,192274,9.11,12.88,11.02,3.1,1.7,5.23,Thursday,May,2019,0,0,0
5/24/2019,309307,323734,201878,8.98,11.61,8.90,1.74,2.41,3.79,Friday,May,2019,0,0,0
5/25/2019,295148,295370,194036,9.28,11.82,9.69,1.62,2.62,4.94,Saturday,May,2019,0,0,0
5/26/2019,290744,301356,190957,8.16,10.54,8.57,2.62,3.85,5.64,Sunday,May,2019,0,0,0
5/27/2019,320529,344003,202823,7.35,10.83,10.37,1.34,2.27,4.06,Monday,May,2019,0,0,0
5/28/2019,324922,342386,201195,6.95,11.07,11.50,1.29,3.07,3.34,Tuesday,May,2019,0,0,0
5/29/2019,324344,343238,200657,6.93,9.89,11.28,2.52,3.76,4.67,Wednesday,May,2019,0,0,0
5/30/2019,310316,317435,194800,7.07,10.75,11.03,2.88,4.65,4.91,Thursday,May,2019,1,1,1
5/31/2019,314949,321171,202823,8.48,12.43,10.13,2.14,3.35,6.77,Friday,May,2019,0,0,0
6/1/2019,295252,301012,188518,9.03,12.28,11.06,2.13,3.15,5.09,Saturday,June,2019,0,0,0
6/2/2019,290274,290846,186790,10.17,14.01,11.13,1.99,2.19,4.93,Sunday,June,2019,0,0,0
6/3/2019,309211,339497,201291,11.57,16.28,12.44,2.87,3.66,3.07,Monday,June,2019,0,0,0
6/4/2019,306682,323972,198010,11.36,16.13,15.87,2.41,2.68,4.86,Tuesday,June,2019,0,0,0
6/5/2019,312742,314049,193907,11.57,18.69,18.28,1.42,2.13,2.16,Wednesday,June,2019,0,0,0
6/6/2019,301032,279212,196990,15.86,20.59,21.62,1.98,2.66,2.73,Thursday,June,2019,0,1,0
6/7/2019,295329,294439,197375,14.07,18.14,21.88,1.74,2.9,3.25,Friday,June,2019,0,0,0
6/8/2019,272333,270761,183963,12.51,17.02,21.49,1.89,3.06,3.07,Saturday,June,2019,0,0,0
6/9/2019,265567,274341,177867,11.38,15.05,17.59,2.81,4.31,5.08,Sunday,June,2019,1,1,1
6/10/2019,275803,319790,194884,10.61,15.30,15.20,2.24,3.35,5.4,Monday,June,2019,1,0,0
6/11/2019,300678,324564,195417,12.20,15.05,14.70,2.01,2.83,2.08,Tuesday,June,2019,0,0,0
6/12/2019,305568,334785,196769,10.89,14.18,13.06,3.09,4.66,6.46,Wednesday,June,2019,0,0,0
6/13/2019,303982,334539,202147,11.26,16.02,13.88,1.87,2.52,6.72,Thursday,June,2019,0,0,0
6/14/2019,298477,315113,202586,13.20,17.08,15.24,1.55,2.69,3.3,Friday,June,2019,0,0,0
6/15/2019,278573,281360,185197,15.29,18.49,15.51,1.13,2.02,3.99,Saturday,June,2019,0,0,0
6/16/2019,273809,284149,175699,14.09,18.19,17.47,1.79,2.35,2.55,Sunday,June,2019,0,0,0
6/17/2019,295896,319657,186750,13.01,17.58,18.67,2.8,3.75,4,Monday,June,2019,0,0,0
6/18/2019,298753,318128,180131,12.83,18.30,18.95,2.62,3.25,5.19,Tuesday,June,2019,0,0,0
6/19/2019,301535,322501,176820,13.02,19.64,18.33,0.9,3.06,4.23,Wednesday,June,2019,0,0,0
6/20/2019,300221,315403,175424,13.31,18.93,19.95,1.8,3.02,2.72,Thursday,June,2019,0,0,0
6/21/2019,292786,266360,157382,11.76,16.45,19.92,2.72,3.57,4.34,Friday,June,2019,0,0,0
6/22/2019,278600,262413,149085,11.50,15.22,15.83,2.29,3.69,6.18,Saturday,June,2019,0,1,1
6/23/2019,278141,270034,152304,12.10,16.26,15.51,1.57,2.47,3.34,Sunday,June,2019,0,0,0
6/24/2019,303048,314740,176852,13.53,17.13,15.91,1.41,2.09,3.6,Monday,June,2019,0,0,0
6/25/2019,304630,320187,189912,13.30,18.51,15.96,1.26,2.06,2.63,Tuesday,June,2019,0,0,0
6/26/2019,297697,322618,196241,13.29,18.52,15.10,0.94,1.09,2.14,Wednesday,June,2019,0,0,0
6/27/2019,295644,323847,193987,12.67,16.83,14.65,1.86,3.64,4.21,Thursday,June,2019,0,0,0
6/28/2019,298039,312882,193056,13.81,17.28,14.51,1.22,2.55,5.29,Friday,June,2019,0,0,0
6/29/2019,274940,281560,183189,15.31,19.46,15.29,1.79,2.28,5.09,Saturday,June,2019,0,0,0
6/30/2019,270196,278379,177447,14.78,20.52,16.09,2.64,2.7,3.79,Sunday,June,2019,0,0,0
7/1/2019,287634,322935,193938,12.75,17.15,17.37,2.68,4.48,6.59,Monday,July,2019,0,0,0
7/2/2019,295883,322868,193295,10.44,14.07,15.00,2.77,3.13,4.26,Tuesday,July,2019,0,0,0
7/3/2019,301485,319663,193302,9.77,13.50,13.68,2.2,1.89,6.69,Wednesday,July,2019,0,0,0
7/4/2019,302360,325537,195509,10.09,12.65,13.52,2.82,2.83,5.4,Thursday,July,2019,0,0,0
7/5/2019,301152,314641,196353,11.21,13.38,12.65,1.77,4.71,5.42,Friday,July,2019,0,0,0
7/6/2019,279375,281123,185548,11.18,13.71,14.03,2.13,1.74,3.53,Saturday,July,2019,0,0,0
7/7/2019,276342,274209,182219,12.15,14.22,14.45,1.7,3.35,1.55,Sunday,July,2019,0,0,0
7/8/2019,291165,308923,194275,13.01,15.00,13.20,2.38,3.3,3.23,Monday,July,2019,0,0,0
7/9/2019,289262,307706,194573,13.98,14.54,12.37,1.86,3.68,5.32,Tuesday,July,2019,0,0,0
7/10/2019,285596,302560,188310,15.18,16.50,14.64,1.3,2.8,3.74,Wednesday,July,2019,0,0,0
7/11/2019,284038,296268,195090,15.58,16.89,12.63,1.27,2.76,3.08,Thursday,July,2019,0,0,0
7/12/2019,279215,288870,194265,15.57,16.49,13.74,1.31,1.36,2.19,Friday,July,2019,0,0,0
7/13/2019,261328,261264,185188,15.13,16.94,13.60,0.9,1.73,2.53,Saturday,July,2019,0,0,0
7/14/2019,260036,256519,182657,13.87,17.49,13.73,1.53,1.33,2.02,Sunday,July,2019,0,0,0
7/15/2019,278590,283975,188860,13.15,15.04,14.70,1.56,1.83,2.5,Monday,July,2019,0,0,0
7/16/2019,278238,282234,187475,13.59,14.66,15.18,2.36,2.24,4.87,Tuesday,July,2019,0,0,0
7/17/2019,273236,280256,188145,14.53,16.39,15.88,1.98,1.25,2.85,Wednesday,July,2019,0,0,0
7/18/2019,274057,283398,191081,14.84,17.80,16.68,2.16,1.19,3.54,Thursday,July,2019,0,0,0
7/19/2019,269256,280286,191505,15.02,18.85,17.27,1.93,1.39,4.12,Friday,July,2019,0,0,0
7/20/2019,256028,254115,180878,15.14,19.17,18.61,1.65,2.48,2.59,Saturday,July,2019,0,0,0
7/21/2019,249006,253038,178329,15.02,17.85,20.02,1.85,2.2,1.51,Sunday,July,2019,0,0,0
7/22/2019,267426,275835,188471,15.04,17.56,19.88,2.04,1.67,2.49,Monday,July,2019,0,0,0
7/23/2019,263872,277674,188807,17.52,18.81,20.18,1.03,1.83,2.58,Tuesday,July,2019,0,0,0
7/24/2019,261519,278063,187689,18.41,20.78,21.22,1.59,1.25,3.27,Wednesday,July,2019,0,0,0
7/25/2019,261335,277468,190904,19.70,22.87,21.71,1.66,1.6,2.54,Thursday,July,2019,0,0,0
7/26/2019,263115,277628,194102,21.78,23.06,22.70,0.89,2.13,3.06,Friday,July,2019,0,0,0
7/27/2019,248015,259434,183696,21.63,22.48,24.70,1.91,2.7,2.38,Saturday,July,2019,0,0,0
7/28/2019,246938,262443,178127,21.53,22.60,22.04,2.09,2.36,3.4,Sunday,July,2019,0,0,0
7/29/2019,270520,279778,193226,20.29,21.71,15.75,1.4,3.06,2.84,Monday,July,2019,0,0,0
7/30/2019,269057,279451,190840,15.26,16.49,12.30,2.07,4.17,6.29,Tuesday,July,2019,0,0,0
7/31/2019,273328,283739,191744,13.84,15.46,13.47,1.1,2.88,4.59,Wednesday,July,2019,0,0,0
8/1/2019,274971,284033,192371,15.59,16.64,13.93,1.06,2.78,2.75,Thursday,August,2019,0,0,0
8/2/2019,276479,278055,196296,16.82,18.27,13.98,1.54,1.01,4.48,Friday,August,2019,0,0,0
8/3/2019,257128,258699,187695,16.42,17.38,12.70,1.27,2.72,4.08,Saturday,August,2019,0,0,0
8/4/2019,254846,259422,184631,15.24,16.41,13.02,1.32,1.62,3.96,Sunday,August,2019,0,0,0
8/5/2019,282478,297621,196611,14.65,17.45,14.70,1.7,2.03,5.16,Monday,August,2019,0,0,0
8/6/2019,282895,296470,193707,14.41,17.31,14.69,1.25,1.56,2.62,Tuesday,August,2019,0,0,0
8/7/2019,280326,301647,194474,14.69,17.38,14.93,1.79,2.26,2.22,Wednesday,August,2019,0,0,0
8/8/2019,281749,300894,195096,14.56,16.57,15.35,1.29,1.18,1.36,Thursday,August,2019,0,0,0
8/9/2019,284641,296412,197982,15.44,17.37,15.79,1.23,1.59,2.06,Friday,August,2019,0,0,0
8/10/2019,264464,272624,185772,15.15,17.03,16.58,2.42,2.75,1.63,Saturday,August,2019,0,0,0
8/11/2019,251517,271036,183304,15.51,17.53,15.99,2.68,3.38,4.6,Sunday,August,2019,0,0,0
8/12/2019,279205,308801,199569,14.43,17.48,16.29,2.49,3.58,5.54,Monday,August,2019,0,0,0
8/13/2019,285945,309230,201009,12.79,15.93,16.29,1.45,3.21,4.72,Tuesday,August,2019,0,0,0
8/14/2019,292571,305810,199818,12.18,14.62,14.89,1.48,3.09,6.53,Wednesday,August,2019,0,0,0
8/15/2019,295773,313846,202196,12.68,15.16,14.40,1.59,2.41,6.04,Thursday,August,2019,0,0,0
8/16/2019,288865,307549,204314,13.76,16.51,15.72,1.85,2.97,3.94,Friday,August,2019,0,0,0
8/17/2019,270680,282902,190106,13.70,16.06,17.37,3.18,3.5,4.16,Saturday,August,2019,0,0,0
8/18/2019,266541,281087,182812,13.66,16.33,17.56,1.91,3.3,4.58,Sunday,August,2019,0,0,0
8/19/2019,291519,313429,202717,13.20,16.10,16.10,2.61,3.27,6.16,Monday,August,2019,0,0,0
8/20/2019,294513,313749,200589,12.81,15.96,16.48,2.52,3.31,5.25,Tuesday,August,2019,0,0,0
8/21/2019,297219,316991,200775,12.65,15.10,15.69,1.51,2.66,4.35,Wednesday,August,2019,0,0,0
8/22/2019,301413,317268,202002,11.99,15.58,15.18,2.46,3.21,5.8,Thursday,August,2019,0,0,0
8/23/2019,299608,312912,206845,14.09,16.35,14.44,2.17,3.58,7.11,Friday,August,2019,0,0,0
8/24/2019,272610,279016,190366,14.98,17.28,14.98,1.49,1.55,4.51,Saturday,August,2019,0,0,0
8/25/2019,266600,278196,185736,15.92,18.60,15.32,1.99,2.85,2.52,Sunday,August,2019,0,0,0
8/26/2019,289474,325351,200932,16.85,20.04,17.02,1.85,2.2,4.09,Monday,August,2019,0,0,0
8/27/2019,289017,319522,199883,17.90,20.85,17.99,1.42,2.28,1.86,Tuesday,August,2019,0,0,0
8/28/2019,286113,319591,199249,17.65,20.60,18.99,1.39,2.99,3.01,Wednesday,August,2019,0,0,0
8/29/2019,285429,324997,201282,15.78,19.42,19.33,2.06,2.58,4.06,Thursday,August,2019,0,0,0
8/30/2019,285774,316025,204692,14.20,17.26,17.78,3.05,2.85,3.81,Friday,August,2019,0,0,0
8/31/2019,272043,281102,188453,15.62,19.03,17.18,2.88,3.04,3.41,Saturday,August,2019,0,0,0
9/1/2019,267005,285201,185186,13.72,18.67,17.87,1.94,4.07,2.98,Sunday,September,2019,0,0,0
9/2/2019,300476,322807,204607,11.17,14.56,17.24,1.43,2.8,5.25,Monday,September,2019,0,0,0
9/3/2019,300052,327344,200839,11.10,13.89,14.39,1.91,3.31,4.33,Tuesday,September,2019,0,0,0
9/4/2019,311133,330631,200855,10.18,14.58,13.82,1.91,2.31,5.47,Wednesday,September,2019,0,0,0
9/5/2019,308809,328721,202420,9.65,13.97,14.29,1.93,3.71,6.66,Thursday,September,2019,0,0,0
9/6/2019,316005,314938,204191,9.30,12.75,13.26,1.84,2.59,6.81,Friday,September,2019,0,0,0
9/7/2019,297252,295162,194507,10.01,13.42,12.76,1.96,3.5,4.55,Saturday,September,2019,0,0,0
9/8/2019,295343,292371,187385,10.42,13.64,14.09,1.93,2.52,4.62,Sunday,September,2019,0,0,0
9/9/2019,311559,333433,204072,11.46,14.30,14.61,1.8,2.12,3.77,Monday,September,2019,0,0,0
9/10/2019,307901,328103,198125,12.49,16.09,16.83,1.77,2.86,4.3,Tuesday,September,2019,0,0,0
9/11/2019,304620,321479,195850,12.41,14.84,15.45,2.34,3.53,8.24,Wednesday,September,2019,0,0,0
9/12/2019,306722,322681,199182,11.26,14.81,13.82,2.52,4.82,9.18,Thursday,September,2019,0,0,0
9/13/2019,308752,312875,203221,9.67,13.53,11.93,2.63,3.6,6.61,Friday,September,2019,0,0,0
9/14/2019,306258,294170,193119,9.29,12.53,10.09,2.81,3.42,6.96,Saturday,September,2019,0,0,0
9/15/2019,293588,298605,190899,9.60,12.82,9.04,3.97,5.7,8.24,Sunday,September,2019,0,0,0
9/16/2019,320430,343914,206935,8.39,11.28,8.68,2.91,4.33,6.27,Monday,September,2019,0,0,0
9/17/2019,330203,351361,210803,7.35,9.22,8.23,2.65,2.39,3.72,Tuesday,September,2019,0,0,0
9/18/2019,328103,349466,216546,7.63,9.59,7.27,2.37,3.42,5.14,Wednesday,September,2019,0,0,0
9/19/2019,341261,352937,216042,6.97,8.91,5.97,1.66,3.2,3.8,Thursday,September,2019,0,0,0
9/20/2019,326911,346784,220599,9.73,10.28,6.30,1.72,2.32,4.64,Friday,September,2019,0,0,0
9/21/2019,296606,291119,208660,10.84,13.24,6.95,1.54,2.6,4.45,Saturday,September,2019,0,0,0
9/22/2019,293753,298372,203359,10.59,10.96,5.30,2,2.6,5.59,Sunday,September,2019,0,0,0
9/23/2019,321403,345521,225533,9.52,9.83,4.94,1.28,2.12,4.64,Monday,September,2019,0,0,0
9/24/2019,323943,349126,230703,9.46,10.42,5.15,0.88,2.17,2.82,Tuesday,September,2019,0,0,0
9/25/2019,323430,355137,221671,9.56,10.83,5.45,1.31,1.65,1.97,Wednesday,September,2019,0,0,0
9/26/2019,322217,347137,220652,9.67,10.78,7.06,1.5,1.98,2.16,Thursday,September,2019,0,0,0
9/27/2019,324422,341987,218664,9.73,11.43,8.17,2.61,2.93,2.47,Friday,September,2019,0,0,0
9/28/2019,298855,306648,202103,9.84,11.79,8.85,1.23,2.35,4.99,Saturday,September,2019,0,0,0
9/29/2019,297379,307189,194919,9.07,11.13,9.18,0.96,1.56,5.14,Sunday,September,2019,0,0,0
9/30/2019,335752,347347,208818,5.83,9.55,9.57,2.5,1.81,3.8,Monday,September,2019,0,0,0
10/1/2019,343078,356754,212544,5.92,8.00,7.19,2.55,4.4,8.09,Tuesday,October,2019,0,0,0
10/2/2019,342127,371875,216844,6.37,7.08,5.41,2.75,3.14,5.66,Wednesday,October,2019,0,0,0
10/3/2019,355692,385101,225900,5.05,6.05,3.31,1.53,4.23,7.17,Thursday,October,2019,0,0,0
10/4/2019,363368,389990,233847,3.50,4.64,1.68,1.97,3.14,6.1,Friday,October,2019,0,0,0
10/5/2019,353423,365619,223310,2.89,3.67,1.84,1.03,2.82,4.98,Saturday,October,2019,0,0,0
10/6/2019,349990,362771,217531,2.33,3.17,2.92,1.4,2.26,3.62,Sunday,October,2019,0,0,0
10/7/2019,375464,408413,232905,2.85,3.31,3.00,1.58,2.07,1.94,Monday,October,2019,0,0,0
10/8/2019,379902,409683,232286,3.79,4.35,2.00,1.23,1.51,1.74,Tuesday,October,2019,0,0,0
10/9/2019,368665,387906,234031,4.73,7.20,2.26,1.1,1.57,1.15,Wednesday,October,2019,0,0,0
10/10/2019,356092,366835,235070,5.75,8.20,4.10,0.99,1.9,1.43,Thursday,October,2019,0,0,0
10/11/2019,355192,362860,232672,5.43,9.34,6.44,0.93,2.82,5.64,Friday,October,2019,0,0,0
10/12/2019,333390,330751,219171,5.64,9.70,6.26,1.62,3.37,6.5,Saturday,October,2019,0,0,0
10/13/2019,334976,331008,214662,5.09,9.34,5.10,1.27,2.43,5.91,Sunday,October,2019,0,0,0
10/14/2019,363685,380628,236125,5.37,8.54,3.23,1.67,2.74,5.39,Monday,October,2019,0,0,0
10/15/2019,371137,380531,236199,5.06,8.38,2.26,1.86,2.45,4.07,Tuesday,October,2019,0,0,0
10/16/2019,373444,379299,234622,5.45,9.14,3.13,1.97,2.72,6.88,Wednesday,October,2019,0,0,0
10/17/2019,370955,379618,236490,5.47,8.57,2.80,1.54,1.91,7.02,Thursday,October,2019,0,0,0
10/18/2019,364212,357987,234353,5.90,9.60,5.06,1.29,1.81,2.73,Friday,October,2019,0,0,0
10/19/2019,350269,323839,212051,5.23,9.78,7.94,1.57,3.21,5.73,Saturday,October,2019,0,0,0
10/20/2019,356274,335253,213398,4.01,8.76,5.34,2.11,2.09,4.23,Sunday,October,2019,0,0,0
10/21/2019,393364,385688,234896,3.41,7.40,3.70,1.49,1.78,4.57,Monday,October,2019,0,0,0
10/22/2019,378159,367727,226522,6.35,9.41,6.53,2.79,4.38,8.22,Tuesday,October,2019,0,0,0
10/23/2019,368308,375883,224569,7.20,9.59,6.79,1.93,3.11,5.89,Wednesday,October,2019,0,0,0
10/24/2019,366936,371100,224284,7.41,10.16,7.99,1.8,3.02,6.25,Thursday,October,2019,0,0,0
10/25/2019,358860,355926,220112,6.11,10.50,8.90,2.91,4.29,7.86,Friday,October,2019,0,0,0
10/26/2019,359945,349311,216607,3.10,8.16,5.39,1.09,2.65,7.24,Saturday,October,2019,0,0,0
10/27/2019,379845,372820,233085,1.97,5.60,1.66,1.43,2.2,5.47,Sunday,October,2019,0,0,0
10/28/2019,401990,406519,246465,1.32,3.07,-0.27,1.76,2.71,2.82,Monday,October,2019,0,0,0
10/29/2019,414365,419118,249483,0.84,2.02,-1.86,2.02,2.94,5.28,Tuesday,October,2019,0,0,0
10/30/2019,421336,431050,250974,0.76,1.85,-1.91,1.52,2.34,4.58,Wednesday,October,2019,0,0,0
10/31/2019,405731,410119,244929,2.22,3.32,0.96,1.89,2.61,6,Thursday,October,2019,0,0,0
11/1/2019,411204,409260,252740,0.93,2.84,-0.90,0.83,1.64,4.25,Friday,November,2019,0,0,0
11/2/2019,395477,375019,233507,0.12,4.55,1.16,1.65,1.73,6.55,Saturday,November,2019,0,1,1
11/3/2019,401261,374463,228158,-0.21,4.07,0.47,2.35,2.91,3.01,Sunday,November,2019,0,0,0
11/4/2019,433208,433938,256663,-1.25,2.81,-2.79,2.39,3.65,7.88,Monday,November,2019,0,0,0
11/5/2019,452931,452753,264781,-2.13,0.91,-3.97,1.96,4.11,9.27,Tuesday,November,2019,0,0,0
11/6/2019,462690,461764,275968,-2.71,0.21,-5.13,1.57,3.2,7.88,Wednesday,November,2019,0,0,0
11/7/2019,465968,454825,278372,-3.23,0.92,-3.68,1.46,2.19,6.28,Thursday,November,2019,0,0,0
11/8/2019,469974,435783,272061,-3.62,3.00,-2.18,2.27,1.93,3.94,Friday,November,2019,0,0,0
11/9/2019,446182,407351,242823,-3.65,2.55,1.17,2.36,1.97,4.99,Saturday,November,2019,0,0,0
11/10/2019,440704,410351,229641,-4.45,0.25,1.45,1.48,3.64,5.03,Sunday,November,2019,0,0,0
11/11/2019,477615,446609,251936,-4.47,1.81,-0.68,1.54,1.93,4.07,Monday,November,2019,0,0,0
11/12/2019,458370,432546,251896,-0.96,3.89,0.12,1.81,3.22,5.82,Tuesday,November,2019,0,0,0
11/13/2019,439893,431467,239582,0.44,3.70,3.70,1.39,1.22,6.08,Wednesday,November,2019,0,0,0
11/14/2019,441449,430446,235957,-0.41,3.29,4.82,1.31,1.83,6.52,Thursday,November,2019,0,0,0
11/15/2019,437826,421069,245694,-0.33,3.51,1.10,1.26,1.64,3.38,Friday,November,2019,0,0,0
11/16/2019,420229,383275,239787,-0.38,5.22,-0.21,2.37,3.17,6.17,Saturday,November,2019,0,0,0
11/17/2019,407307,379781,228850,-0.49,5.54,3.30,1.33,3.33,6.45,Sunday,November,2019,0,0,0
11/18/2019,440309,413748,245918,-0.36,6.05,3.50,1.9,2.61,4.74,Monday,November,2019,0,0,0
11/19/2019,424091,408439,238402,1.59,6.15,4.39,1.43,3.71,6.14,Tuesday,November,2019,0,0,0
11/20/2019,436289,406499,235974,-0.34,5.74,4.27,1.78,2.22,4.79,Wednesday,November,2019,0,0,0
11/21/2019,427018,409301,239469,1.58,6.25,2.87,1.98,2.83,6.61,Thursday,November,2019,0,0,0
11/22/2019,413042,409058,248046,2.36,5.55,0.88,1.99,3.02,6.73,Friday,November,2019,0,0,0
11/23/2019,395053,379049,244005,2.39,4.71,-0.85,1.41,2.02,5.14,Saturday,November,2019,0,0,0
11/24/2019,397402,390447,242740,2.05,3.80,-1.78,1.17,1.53,4.03,Sunday,November,2019,0,0,0
11/25/2019,428626,435964,259307,1.64,3.39,-1.20,0.95,1.41,3.56,Monday,November,2019,0,0,0
11/26/2019,432637,431323,250786,0.70,3.95,-0.02,1.22,1.9,4.81,Tuesday,November,2019,0,0,0
11/27/2019,437680,428597,254438,-0.26,4.50,-0.68,1.7,1.27,5.16,Wednesday,November,2019,0,0,0
11/28/2019,448997,431730,250448,-1.18,4.69,1.00,2.78,1.71,6.95,Thursday,November,2019,0,0,0
11/29/2019,459386,450889,253312,-2.79,-0.49,-0.11,2.67,4.07,7.75,Friday,November,2019,0,0,0
11/30/2019,450871,442073,249901,-4.09,-1.86,-4.46,2.26,3.3,6.13,Saturday,November,2019,0,0,0
12/1/2019,453187,444023,243243,-3.58,-1.85,-2.75,2.14,3.13,8.02,Sunday,December,2019,0,0,0
12/2/2019,482400,488639,259037,-4.07,-2.66,-3.20,2.03,2.5,5.93,Monday,December,2019,0,0,0
12/3/2019,462014,478005,265321,0.41,-0.08,-3.14,1.88,2.79,6.5,Tuesday,December,2019,0,0,0
12/4/2019,437820,445671,247948,2.07,3.52,2.11,1.74,2.83,7.36,Wednesday,December,2019,0,0,0
12/5/2019,429463,434197,241838,2.97,4.99,3.08,3.27,5.4,10.53,Thursday,December,2019,0,0,0
12/6/2019,428266,422209,231808,1.69,5.31,2.28,1.62,3.4,8.36,Friday,December,2019,0,0,1
12/7/2019,418840,392200,232283,-0.95,3.61,1.87,2.09,3.19,7.29,Saturday,December,2019,0,0,0
12/8/2019,424275,408344,230733,-0.27,3.22,0.12,1.87,4.14,8.7,Sunday,December,2019,0,0,0
12/9/2019,450282,442131,234481,-1.16,3.31,1.72,2.54,4.29,10.52,Monday,December,2019,0,0,0
12/10/2019,479043,485117,251132,-2.49,-1.50,-4.25,2.87,2.78,4.59,Tuesday,December,2019,0,0,0
12/11/2019,438156,463480,246270,1.70,3.17,-0.81,3.14,4.54,9.09,Wednesday,December,2019,0,0,0
12/12/2019,436210,452064,244299,1.22,2.48,0.20,2.43,2.83,8.51,Thursday,December,2019,0,0,0
12/13/2019,441258,452174,252877,-0.31,2.30,0.65,1.82,2.44,6.78,Friday,December,2019,0,0,0
12/14/2019,422242,415080,238737,-0.27,2.47,0.64,1.68,3.26,7.55,Saturday,December,2019,0,0,0
12/15/2019,415789,411436,232929,-0.32,2.78,0.65,1.21,2.22,5.95,Sunday,December,2019,0,0,0
12/16/2019,453100,447028,251153,-1.39,3.10,0.81,1.19,2.76,4.8,Monday,December,2019,0,0,0
12/17/2019,460687,437476,250404,-1.92,3.76,0.98,1.39,2.43,6.57,Tuesday,December,2019,0,0,0
12/18/2019,469336,441593,253257,-2.70,2.48,0.94,1.7,3.07,8.4,Wednesday,December,2019,0,0,0
12/19/2019,472747,447669,253472,-2.08,1.75,-1.30,1.29,2.35,6.88,Thursday,December,2019,0,0,0
12/20/2019,441854,418473,249711,0.68,4.07,0.56,1.34,2.63,5.52,Friday,December,2019,0,0,0
12/21/2019,407474,382793,234499,1.42,4.64,1.28,1.1,2.16,5.02,Saturday,December,2019,0,0,0
12/22/2019,407024,381602,221879,0.31,3.57,1.79,1.32,1.76,3.79,Sunday,December,2019,0,0,0
12/23/2019,429044,398944,221337,-0.44,2.89,1.74,1.37,0.74,2.06,Monday,December,2019,0,0,0
12/24/2019,420218,371505,212020,-0.33,2.53,0.61,1.43,1.08,2.78,Tuesday,December,2019,0,0,0
12/25/2019,415525,377500,211261,-1.83,2.39,-0.02,2.01,1.24,3.51,Wednesday,December,2019,1,1,1
12/26/2019,434655,403934,216217,-4.28,0.35,-1.17,2.34,2.23,4.16,Thursday,December,2019,1,1,1
12/27/2019,460167,437592,241661,-5.24,-1.49,-4.00,1.59,3.34,7.26,Friday,December,2019,0,0,0
12/28/2019,442385,441166,251740,-1.01,-2.55,-6.03,1.93,2.07,4.8,Saturday,December,2019,0,0,0
12/29/2019,394044,396131,231863,3.79,2.39,0.15,2.84,4.41,8.56,Sunday,December,2019,0,0,0
12/30/2019,394922,389466,229510,3.62,5.99,2.89,2.58,4.76,8.18,Monday,December,2019,0,0,0
12/31/2019,410927,382593,240828,0.81,3.09,-0.68,2.33,4.07,7.65,Tuesday,December,2019,0,0,0
1/1/2020,399232,382626,232760,2.26,3.22,0.36,2.26,3.62,6.79,Wednesday,January,2020,1,1,1
1/2/2020,413129,412169,236512,3.22,3.84,2.52,3.12,5,7.69,Thursday,January,2020,0,0,0
1/3/2020,427938,417692,239853,1.66,4.37,2.54,3.89,5.43,11.19,Friday,January,2020,0,0,0
1/4/2020,435346,420107,240847,-1.02,1.88,-0.53,3.23,4.95,9.08,Saturday,January,2020,0,0,0
1/5/2020,429012,426919,249098,-0.06,0.59,-3.38,1.97,3.03,6.53,Sunday,January,2020,0,0,0
1/6/2020,430553,404417,245899,2.25,4.33,-0.24,1.71,2.41,5.78,Monday,January,2020,0,1,1
1/7/2020,425628,431003,244964,3.08,4.19,2.57,2.93,3.69,7.23,Tuesday,January,2020,0,0,0
1/8/2020,421528,434386,243094,3.65,5.95,3.46,3.77,5.51,10.8,Wednesday,January,2020,0,0,0
1/9/2020,447281,449229,250015,0.18,2.98,0.91,1.75,2.79,6.8,Thursday,January,2020,0,0,0
1/10/2020,459583,450687,262366,-2.37,1.47,-2.43,1.79,1.73,1.88,Friday,January,2020,0,0,0
1/11/2020,424493,421906,252843,2.08,1.82,-1.11,3.39,4.18,7.38,Saturday,January,2020,0,0,0
1/12/2020,410015,389959,232406,1.21,4.73,2.14,2.06,4.4,9.95,Sunday,January,2020,0,0,0
1/13/2020,449890,450607,255902,-0.13,2.64,-0.90,1.82,3.19,6.45,Monday,January,2020,0,0,0
1/14/2020,438903,445741,251345,1.92,4.11,1.20,3.53,4.67,9.17,Tuesday,January,2020,0,0,0
1/15/2020,434506,431705,247832,1.93,6.74,3.81,2.73,4.81,10.05,Wednesday,January,2020,0,0,0
1/16/2020,426953,436629,251533,2.09,4.73,2.28,2.66,4.57,7.19,Thursday,January,2020,0,0,0
1/17/2020,423082,441818,254161,2.73,4.15,1.86,2.55,3.19,7.54,Friday,January,2020,0,0,0
1/18/2020,406753,403129,240466,1.08,3.89,2.09,1.71,3.19,7.87,Saturday,January,2020,0,0,0
1/19/2020,418897,416392,235702,0.13,1.88,0.95,2.12,2.93,7.52,Sunday,January,2020,0,0,0
1/20/2020,427957,446253,251047,3.36,3.63,1.65,2.19,3.53,7.98,Monday,January,2020,0,0,0
1/21/2020,421037,431188,241069,2.77,5.71,3.37,2.12,3.47,8.89,Tuesday,January,2020,0,0,0
1/22/2020,438971,450494,255031,0.03,2.93,-0.80,2.1,4.15,8.54,Wednesday,January,2020,0,0,0
1/23/2020,440054,455493,263937,1.74,2.41,-1.43,2.28,3.01,6.8,Thursday,January,2020,0,0,0
1/24/2020,434351,429009,256147,1.08,4.38,-0.06,2.22,3.35,5.88,Friday,January,2020,0,0,0
1/25/2020,419393,402717,247690,0.73,2.63,-1.70,1.97,2.59,7.92,Saturday,January,2020,0,0,0
1/26/2020,404508,393197,225042,1.49,3.99,-2.22,1.87,3.46,6.39,Sunday,January,2020,0,0,0
1/27/2020,435344,455805,237359,0.89,3.33,-4.91,2.48,2.33,4.28,Monday,January,2020,0,0,0
1/28/2020,450113,450472,228040,-1.04,3.16,-1.54,1.71,2.64,5.37,Tuesday,January,2020,0,0,0
1/29/2020,452495,459175,225879,-0.97,2.51,-1.25,1.08,2.19,6.39,Wednesday,January,2020,0,0,0
1/30/2020,457640,461449,225875,-1.60,2.29,-1.21,1.19,1.41,5.32,Thursday,January,2020,0,0,0
1/31/2020,452227,456839,226277,0.13,3.22,-1.97,1.67,2.02,4.66,Friday,January,2020,0,0,0
2/1/2020,410991,399518,212605,2.13,5.62,-0.97,2.39,3.36,6.41,Saturday,February,2020,0,0,0
2/2/2020,416816,405241,201112,-0.56,3.25,0.54,2.47,3.53,5.98,Sunday,February,2020,0,0,0
2/3/2020,470243,471957,226808,-3.32,0.36,-3.19,1.63,2.16,7.35,Monday,February,2020,0,0,0
2/4/2020,474598,486626,242520,-3.03,-0.70,-7.16,2.05,1.72,5.51,Tuesday,February,2020,0,0,0
2/5/2020,469707,470269,238906,-0.91,0.54,-4.01,2.66,3.71,7.02,Wednesday,February,2020,0,0,0
2/6/2020,448955,466249,241799,1.63,1.59,-5.94,2.08,1.8,7.77,Thursday,February,2020,0,0,0
2/7/2020,447657,462841,244519,0.91,0.80,-5.27,1.19,2.5,5.81,Friday,February,2020,0,0,0
2/8/2020,419722,417396,216425,1.93,2.53,-0.58,2.43,2.8,4.22,Saturday,February,2020,0,0,0
2/9/2020,410123,409142,201209,2.48,4.31,1.56,4.88,5.16,9.12,Sunday,February,2020,0,0,0
2/10/2020,429263,447931,214615,1.91,5.04,2.66,3.2,5.51,11.92,Monday,February,2020,0,0,0
2/11/2020,441354,462078,220874,0.14,2.41,1.08,2.09,3.61,7.91,Tuesday,February,2020,0,0,0
2/12/2020,442647,453773,242302,-0.35,2.06,0.90,2.49,3.31,6.72,Wednesday,February,2020,0,0,0
2/13/2020,452923,465449,251202,-1.87,0.62,-0.09,1.86,2.62,5.17,Thursday,February,2020,0,0,0
2/14/2020,462776,470641,259703,-2.01,0.15,-1.97,1.45,1.55,3.62,Friday,February,2020,0,0,0
2/15/2020,415070,415417,248548,1.42,3.17,-0.16,2.52,3.35,8.21,Saturday,February,2020,0,0,0
2/16/2020,402484,402702,236758,2.91,6.75,2.54,4.06,5.68,10.08,Sunday,February,2020,0,0,0
2/17/2020,426428,445190,245973,2.94,5.22,3.47,4.34,6.11,10.85,Monday,February,2020,0,0,0
2/18/2020,427694,433273,245185,1.76,4.78,3.36,2.95,5.25,10.63,Tuesday,February,2020,0,0,0
2/19/2020,441772,447027,249373,-0.33,2.76,0.85,1.45,3.14,6.83,Wednesday,February,2020,0,0,0
2/20/2020,448331,460690,258512,0.46,2.16,-2.18,3.14,3.67,3.47,Thursday,February,2020,0,0,0
2/21/2020,436430,431357,253680,2.22,4.62,1.37,3.2,5.15,10.14,Friday,February,2020,0,0,0
2/22/2020,404020,397955,236225,2.85,5.26,2.56,4.06,6.55,12.72,Saturday,February,2020,0,0,0
2/23/2020,408358,410250,228859,1.18,3.89,1.61,2.73,4.49,9.1,Sunday,February,2020,0,0,0
2/24/2020,446278,454935,249523,-0.73,1.82,-0.36,1.89,2.98,8.09,Monday,February,2020,0,0,0
2/25/2020,459892,473259,259423,-2.46,0.68,-3.05,3.26,3.47,4.08,Tuesday,February,2020,0,0,0
2/26/2020,468635,493242,268239,-4.02,-0.83,-4.94,2.42,5.95,9.24,Wednesday,February,2020,0,0,0
2/27/2020,481635,490153,270677,-4.83,-2.08,-5.91,0.87,3.44,8.6,Thursday,February,2020,0,0,0
2/28/2020,470281,472321,276803,-2.89,-1.43,-6.67,1.28,1.87,4.73,Friday,February,2020,0,0,0
2/29/2020,452095,430522,265648,-2.30,0.99,-5.35,2.11,2.1,4.85,Saturday,February,2020,0,0,0
3/1/2020,440032,417843,249011,-1.07,2.31,-1.51,2.08,3.37,7.42,Sunday,March,2020,0,0,0
3/2/2020,449906,452839,256595,-0.12,2.19,-0.65,2.14,2.47,5.81,Monday,March,2020,0,0,0
3/3/2020,451196,456872,258613,-0.93,2.00,-1.65,1.99,2.57,5.1,Tuesday,March,2020,0,0,0
3/4/2020,451393,468785,260801,-0.99,1.60,-1.36,1.75,3.24,8.63,Wednesday,March,2020,0,0,0
3/5/2020,449801,465203,253444,-1.74,1.29,0.82,1.38,2.47,4.81,Thursday,March,2020,0,0,0
3/6/2020,455034,455415,255518,-1.94,1.14,-0.53,0.91,1.53,4.53,Friday,March,2020,0,0,0
3/7/2020,433801,417077,246309,-1.33,1.51,-0.81,1.59,1.31,2.78,Saturday,March,2020,0,0,0
3/8/2020,406321,401587,236371,2.72,3.71,-0.29,3.7,4.1,3.24,Sunday,March,2020,0,0,0
3/9/2020,420165,427422,248378,2.57,5.31,2.71,1.98,2.77,6.49,Monday,March,2020,0,0,0
3/10/2020,432492,431695,247044,1.41,3.72,2.02,1.92,2.56,6.16,Tuesday,March,2020,0,0,0
3/11/2020,421954,429480,245738,2.02,4.73,1.39,2.36,3.21,6.17,Wednesday,March,2020,0,0,0
3/12/2020,428392,442447,246531,0.83,3.73,1.40,1.97,3.49,6.3,Thursday,March,2020,0,0,0
3/13/2020,441499,457589,255993,-1.95,1.66,-0.96,2.99,3.65,7.27,Friday,March,2020,0,0,0
3/14/2020,433298,452119,252826,-2.53,-0.53,-4.24,2.44,3.32,6.52,Saturday,March,2020,0,0,0
3/15/2020,403329,423137,240382,1.86,3.47,-0.33,3.7,5.35,8.93,Sunday,March,2020,0,0,0
3/16/2020,421194,441485,243120,1.17,4.72,1.17,1.91,2.99,7.61,Monday,March,2020,0,0,0
3/17/2020,404900,420383,249971,3.33,4.88,0.36,2.98,4.37,6.39,Tuesday,March,2020,0,0,0
3/18/2020,406256,417727,236550,2.38,5.53,2.63,2.81,3.87,6.45,Wednesday,March,2020,0,0,0
3/19/2020,414615,422903,236871,1.17,4.40,1.07,2.16,3.35,6.12,Thursday,March,2020,0,0,0
3/20/2020,422774,423193,248656,-0.46,1.80,-2.60,2.05,3.13,4.78,Friday,March,2020,0,0,0
3/21/2020,409813,411510,245024,-0.92,0.37,-2.93,1.43,3.6,4,Saturday,March,2020,0,0,0
3/22/2020,407904,413945,238782,-0.12,-0.07,-2.17,2.36,2.4,2.92,Sunday,March,2020,0,0,0
3/23/2020,426483,437259,250700,1.67,1.09,0.33,3.33,3.7,6.77,Monday,March,2020,0,0,0
3/24/2020,421078,421556,243026,2.86,2.87,2.46,4.19,4.61,9.71,Tuesday,March,2020,0,0,0
3/25/2020,406168,413045,238625,3.92,4.32,4.41,3.58,5.02,10.77,Wednesday,March,2020,0,0,0
3/26/2020,403178,412559,235452,3.63,4.03,3.24,2.06,3.08,6.85,Thursday,March,2020,0,0,0
3/27/2020,402874,410059,234763,3.02,3.93,3.26,1.17,2.49,4.46,Friday,March,2020,0,0,0
3/28/2020,399335,379690,223741,0.42,3.50,2.38,3.39,3.15,4.76,Saturday,March,2020,0,0,0
3/29/2020,394019,380731,217801,-0.62,0.83,-1.94,2.67,3.25,5.32,Sunday,March,2020,0,0,0
3/30/2020,422842,438875,245933,0.09,0.30,-2.64,1.99,4.26,2.68,Monday,March,2020,0,0,0
3/31/2020,414435,428091,250226,2.17,2.05,-1.32,2.21,3.69,7.5,Tuesday,March,2020,0,0,0
4/1/2020,401079,406799,239889,2.62,4.76,0.42,2.31,2.89,6.77,Wednesday,April,2020,0,0,0
4/2/2020,413276,415386,239969,0.73,4.20,0.81,3.94,5.34,8.64,Thursday,April,2020,0,0,0
4/3/2020,418832,422480,242620,-0.31,3.10,0.22,2.95,5.02,9.44,Friday,April,2020,0,0,0
4/4/2020,400709,388589,229558,-0.15,2.86,-0.28,2.04,3.14,6.5,Saturday,April,2020,0,0,0
4/5/2020,381172,371038,223848,2.92,5.34,-0.53,2.07,2.08,4.79,Sunday,April,2020,0,0,0
4/6/2020,375404,376188,231396,4.81,7.61,2.51,2.1,3.28,3.98,Monday,April,2020,0,0,0
4/7/2020,358424,378179,224612,5.43,7.80,5.22,2.36,3.28,6.74,Tuesday,April,2020,0,0,0
4/8/2020,364328,372591,224635,4.70,7.81,5.09,2.87,3.72,6.25,Wednesday,April,2020,0,0,0
4/9/2020,359236,365736,222776,2.56,6.49,3.72,2.55,3.33,5.81,Thursday,April,2020,1,0,0
4/10/2020,361396,349756,216122,2.36,4.98,1.30,1.59,2.44,5.2,Friday,April,2020,1,1,1
4/11/2020,367947,341372,214839,2.43,5.19,1.19,2,2.24,4.39,Saturday,April,2020,0,0,0
4/12/2020,352571,325924,213740,3.55,7.84,1.92,3.47,4.43,7.87,Sunday,April,2020,1,1,1
4/13/2020,380524,356842,210143,1.08,4.13,2.07,4.75,4.84,7.15,Monday,April,2020,1,1,1
4/14/2020,405949,389754,229970,2.54,4.52,1.17,2.43,4.72,5.99,Tuesday,April,2020,0,0,0
4/15/2020,376139,373925,226673,5.58,8.08,1.91,3.07,3.97,4.5,Wednesday,April,2020,0,0,0
4/16/2020,371698,370101,224737,3.82,7.53,2.10,2.64,4.83,5.59,Thursday,April,2020,0,0,0
4/17/2020,377174,371078,228993,3.16,5.96,2.58,2.28,4.11,7.3,Friday,April,2020,0,0,0
4/18/2020,355827,347903,217742,3.92,5.66,2.88,2.03,3.31,6.28,Saturday,April,2020,0,0,0
4/19/2020,340035,332798,207800,5.58,7.42,3.95,1.61,2.27,4.07,Sunday,April,2020,0,0,0
4/20/2020,349310,350675,214453,7.42,9.01,6.47,1.76,2.14,2.8,Monday,April,2020,0,0,0
4/21/2020,337374,347982,211471,8.60,9.89,6.96,1.28,1.92,3.21,Tuesday,April,2020,0,0,0
4/22/2020,335193,334913,208696,8.62,10.77,5.90,1.59,2.38,2.93,Wednesday,April,2020,0,0,0
4/23/2020,340067,329755,206787,7.44,11.02,5.41,1.39,2.5,2.56,Thursday,April,2020,0,0,0
4/24/2020,340801,335438,209144,5.83,8.66,3.84,2.44,2.65,3.85,Friday,April,2020,0,0,0
4/25/2020,331650,316057,202540,5.49,7.65,2.37,1.59,2.01,4.75,Saturday,April,2020,0,0,0
4/26/2020,331648,321581,197470,5.22,7.64,3.01,1.64,2.76,3.49,Sunday,April,2020,0,0,0
4/27/2020,363707,367413,212922,4.05,6.37,2.86,2,2.84,2.95,Monday,April,2020,0,0,0
4/28/2020,369488,384725,214415,3.62,5.11,2.55,2.19,3.84,4.16,Tuesday,April,2020,0,0,0
4/29/2020,365420,385491,218277,3.70,4.45,2.25,1.79,2.53,3.78,Wednesday,April,2020,0,0,0
4/30/2020,365182,376291,218216,3.36,4.83,2.11,2.42,3.07,3.09,Thursday,April,2020,0,0,0
5/1/2020,347038,344049,201525,4.45,6.79,4.41,1.07,3.5,6.13,Friday,May,2020,1,1,1
5/2/2020,333950,325003,194462,5.52,8.03,7.23,1.41,1.97,4.94,Saturday,May,2020,0,0,0
5/3/2020,329066,313356,189249,5.30,8.61,7.03,1.72,1.72,3.99,Sunday,May,2020,0,0,0
5/4/2020,359039,360966,205569,4.22,6.75,6.97,2.31,2.4,2.39,Monday,May,2020,0,0,0
5/5/2020,360327,363926,203160,5.07,7.44,8.53,1.65,2.59,2.28,Tuesday,May,2020,0,0,0
5/6/2020,343916,344920,201296,6.53,9.00,8.16,2.28,2.07,3.91,Wednesday,May,2020,0,0,0
5/7/2020,346525,346135,200198,6.03,9.09,6.53,1.44,2.42,4.68,Thursday,May,2020,0,0,0
5/8/2020,343105,340268,203372,6.18,9.70,6.62,2.34,3.05,4.3,Friday,May,2020,0,0,0
5/9/2020,327545,312467,191019,5.70,9.34,6.39,1.65,2.5,3.88,Saturday,May,2020,0,0,0
5/10/2020,334183,310027,187030,2.99,8.98,7.55,2.68,3.98,4.35,Sunday,May,2020,0,0,0
5/11/2020,370608,355211,206910,2.78,5.58,3.96,2.3,3.65,5.92,Monday,May,2020,0,0,0
5/12/2020,377866,364136,208781,2.25,5.34,4.22,2.59,2.46,4.49,Tuesday,May,2020,0,0,0
5/13/2020,373409,368255,205901,2.63,5.32,4.46,1.89,3.28,3.41,Wednesday,May,2020,0,0,0
5/14/2020,365901,353963,204053,3.49,6.27,4.87,1.86,2.14,5.05,Thursday,May,2020,0,0,0
5/15/2020,365042,337277,206939,4.24,7.60,4.64,2.25,2.16,4.53,Friday,May,2020,0,0,0
5/16/2020,349584,312999,199096,3.84,7.49,4.23,2.92,3.25,6.28,Saturday,May,2020,0,0,0
5/17/2020,325532,313565,193151,5.22,8.02,4.81,2.58,2.67,3.91,Sunday,May,2020,1,0,0
5/18/2020,343492,346559,206090,5.75,8.91,6.06,1.44,1.49,4.82,Monday,May,2020,0,0,0
5/19/2020,335283,341023,208493,6.44,8.96,5.98,1.92,1.6,2.93,Tuesday,May,2020,0,0,0
5/20/2020,329286,337092,201818,7.51,9.27,6.81,1.39,2.3,4.77,Wednesday,May,2020,0,0,0
5/21/2020,305296,302501,190802,9.33,11.11,8.47,1.84,1.94,5.51,Thursday,May,2020,1,1,1
5/22/2020,305835,292429,189736,9.90,12.00,10.11,2.76,1.96,2.71,Friday,May,2020,0,0,0
5/23/2020,293318,297967,177606,9.03,10.18,11.24,2.88,3.37,2.71,Saturday,May,2020,0,0,0
5/24/2020,293613,290579,170963,8.73,10.60,11.27,1.97,2.27,2.61,Sunday,May,2020,0,0,0
5/25/2020,307570,321086,182289,10.39,12.25,12.76,1.43,1.93,2.9,Monday,May,2020,0,0,0
5/26/2020,308709,311179,179151,10.58,13.82,14.81,2.23,1.49,2.84,Tuesday,May,2020,0,0,0
5/27/2020,307297,308205,179942,9.43,12.90,13.68,2.32,2.59,3.47,Wednesday,May,2020,0,0,0
5/28/2020,310002,315518,182767,9.32,12.52,12.10,1.16,2.58,3.76,Thursday,May,2020,0,0,0
5/29/2020,301508,305226,184403,11.05,13.16,11.94,0.87,2.31,3.28,Friday,May,2020,0,0,0
5/30/2020,273147,271142,168605,13.76,13.90,13.44,1.93,3.52,4.65,Saturday,May,2020,0,0,0
5/31/2020,255677,264631,161272,15.07,15.46,14.41,1.67,3.13,4.43,Sunday,May,2020,1,1,1
6/1/2020,262163,310620,177782,15.98,18.16,14.38,1.48,1.94,3.25,Monday,June,2020,1,0,0
6/2/2020,282547,313864,179213,14.55,16.88,14.30,1.68,2.83,3.39,Tuesday,June,2020,0,0,0
6/3/2020,290319,320480,181125,12.59,14.31,14.40,2.06,2.32,4.18,Wednesday,June,2020,0,0,0
6/4/2020,295336,317512,180029,11.96,14.22,14.84,2.56,2.49,3.05,Thursday,June,2020,0,0,0
6/5/2020,299271,309387,183897,11.05,12.89,12.84,2.97,2.79,3.55,Friday,June,2020,0,0,0
6/6/2020,288035,286513,171794,9.92,11.78,13.35,1.73,4.26,6.88,Saturday,June,2020,0,1,0
6/7/2020,288303,283876,162306,9.64,13.34,14.04,3.01,4.15,5.14,Sunday,June,2020,0,0,0
6/8/2020,315595,316385,182194,9.44,14.06,14.58,1.26,1.52,2.2,Monday,June,2020,0,0,0
6/9/2020,307638,319426,183369,10.71,14.75,14.98,1.43,1.29,3.14,Tuesday,June,2020,0,0,0
6/10/2020,299335,317901,183523,12.27,16.00,16.78,1.37,3.03,3.31,Wednesday,June,2020,0,0,0
6/11/2020,293431,315368,184406,15.22,17.17,17.10,1.84,3.9,3.51,Thursday,June,2020,0,0,0
6/12/2020,288805,302308,184923,17.30,17.72,17.51,2.45,3.14,4.62,Friday,June,2020,0,0,0
6/13/2020,263712,269830,172019,17.81,17.94,18.32,2.05,2.9,3.15,Saturday,June,2020,0,0,0
6/14/2020,260274,272420,168521,17.31,18.13,19.00,1.41,2.32,3.52,Sunday,June,2020,0,0,0
6/15/2020,288333,313394,180613,17.48,18.86,20.11,1.15,2.54,3.77,Monday,June,2020,0,0,0
6/16/2020,291913,311558,178633,18.56,17.59,19.98,1.48,2.35,2.52,Tuesday,June,2020,0,0,0
6/17/2020,288359,313905,178967,18.37,16.70,20.18,1.42,1.38,1.37,Wednesday,June,2020,0,0,0
6/18/2020,288430,301105,172022,18.31,18.65,19.28,1.05,1.2,1.31,Thursday,June,2020,0,0,0
6/19/2020,285803,255967,153323,19.30,20.24,19.85,1.52,2.41,3.12,Friday,June,2020,0,0,0
6/20/2020,268106,242193,148087,18.50,19.28,18.85,1.82,3.54,5.69,Saturday,June,2020,0,1,1
6/21/2020,262525,254332,149762,17.00,18.40,18.21,2.26,2.8,4.71,Sunday,June,2020,0,0,0
6/22/2020,286400,301162,169918,15.40,17.40,18.86,1.01,2.33,2.96,Monday,June,2020,0,0,0
6/23/2020,287752,307046,179047,16.69,19.01,21.06,1.37,1.26,1.71,Tuesday,June,2020,0,0,0
6/24/2020,286531,311353,188521,18.42,21.50,22.65,1.49,1.47,2.29,Wednesday,June,2020,0,0,0
6/25/2020,284737,303632,196529,18.81,22.51,23.63,1.7,2.12,3.44,Thursday,June,2020,0,0,0
6/26/2020,284063,297702,199286,19.55,22.85,22.83,1.83,2.36,3.25,Friday,June,2020,0,0,0
6/27/2020,266224,265919,185564,20.29,22.24,22.27,1.34,2.1,2.7,Saturday,June,2020,0,0,0
6/28/2020,258231,267786,180288,16.43,20.29,20.36,2.16,2.24,4.04,Sunday,June,2020,0,0,0
6/29/2020,286481,305104,193674,13.84,18.07,18.55,2.28,2.36,5.69,Monday,June,2020,0,0,0
6/30/2020,290138,306355,199330,12.41,15.83,15.30,1.46,3.16,6.15,Tuesday,June,2020,0,0,0
7/1/2020,293472,308743,196681,11.40,15.70,14.86,1.57,2.45,8.12,Wednesday,July,2020,0,0,0
7/2/2020,298100,298697,186826,10.74,15.34,15.13,1.74,2.93,2.57,Thursday,July,2020,0,0,0
7/3/2020,298051,285494,181715,10.15,14.69,15.15,2.12,3.34,6.18,Friday,July,2020,0,0,0
7/4/2020,280751,265375,171662,11.69,14.56,14.26,1.16,2.58,7.24,Saturday,July,2020,0,0,0
7/5/2020,272140,257577,166953,11.81,15.34,14.66,3,3.59,4.51,Sunday,July,2020,0,0,0
7/6/2020,293616,299543,180783,11.09,14.10,14.77,3.18,5.55,9.49,Monday,July,2020,0,0,0
7/7/2020,302327,296102,181742,10.03,13.68,14.45,1.54,3.39,7.4,Tuesday,July,2020,0,0,0
7/8/2020,299654,301284,181896,10.96,12.77,14.13,1.91,2.36,4.75,Wednesday,July,2020,0,0,0
7/9/2020,294655,289785,186548,11.68,14.00,13.34,1.1,2.45,5.96,Thursday,July,2020,0,0,0
7/10/2020,286014,285849,184106,11.69,13.84,14.05,0.78,1.56,3.45,Friday,July,2020,0,0,0
7/11/2020,273158,261955,176050,11.93,14.05,13.49,1.85,2.29,5.08,Saturday,July,2020,0,0,0
7/12/2020,273187,256171,169217,12.00,14.57,14.41,1.98,1.99,4.07,Sunday,July,2020,0,0,0
7/13/2020,286175,271794,184047,12.68,14.78,13.82,1.45,1.95,3.44,Monday,July,2020,0,0,0
7/14/2020,286689,275149,185353,12.82,14.99,14.44,1.76,2.24,3.31,Tuesday,July,2020,0,0,0
7/15/2020,277732,273515,186217,13.94,15.44,16.52,1.17,2.48,0.88,Wednesday,July,2020,0,0,0
7/16/2020,276662,271323,184259,14.67,16.75,17.80,1.2,1.51,2.63,Thursday,July,2020,0,0,0
7/17/2020,275685,252183,184649,14.49,18.18,19.18,2.64,2.67,2.59,Friday,July,2020,0,0,0
7/18/2020,270308,247579,172317,14.11,18.46,19.61,3.29,2.43,3.59,Saturday,July,2020,0,0,0
7/19/2020,270180,242503,166540,13.64,19.60,19.99,2.31,2.65,2.11,Sunday,July,2020,0,0,0
7/20/2020,283803,261967,179466,12.91,17.21,20.17,1.64,2.58,1.26,Monday,July,2020,0,0,0
7/21/2020,281998,259538,177784,11.75,15.19,18.50,1.8,2.68,4.65,Tuesday,July,2020,0,0,0
7/22/2020,288113,263505,177080,11.43,14.76,15.43,1.85,3.51,6.87,Wednesday,July,2020,0,0,0
7/23/2020,289151,266343,180558,11.81,14.56,13.70,1.3,3.67,7.48,Thursday,July,2020,0,0,0
7/24/2020,284531,269175,182499,13.01,14.73,13.10,1.26,3.08,6.11,Friday,July,2020,0,0,0
7/25/2020,270475,248145,176260,13.54,15.71,14.31,1.61,2.63,4.05,Saturday,July,2020,0,0,0
7/26/2020,265290,248025,169290,14.13,17.14,16.50,2.84,3.17,3.33,Sunday,July,2020,0,0,0
7/27/2020,275622,266780,183421,14.71,17.21,18.20,2.5,2.7,3.59,Monday,July,2020,0,0,0
7/28/2020,277741,274743,186446,14.19,16.39,17.55,2.92,3.16,1.56,Tuesday,July,2020,0,0,0
7/29/2020,282842,279021,186987,13.81,14.94,16.47,1.22,3.21,4.65,Wednesday,July,2020,0,0,0
7/30/2020,286354,286592,182208,14.99,15.57,15.63,1.73,3.15,5.04,Thursday,July,2020,0,0,0
7/31/2020,279545,284880,184072,16.47,17.48,16.23,1.41,3.49,3.83,Friday,July,2020,0,0,0
8/1/2020,266725,258738,173695,17.31,18.75,16.19,1.52,1.76,3.06,Saturday,August,2020,0,0,0
8/2/2020,267607,263687,171053,14.98,17.91,15.96,1.83,3.03,4.6,Sunday,August,2020,0,0,0
8/3/2020,290858,291128,183347,13.29,16.31,16.26,1.92,3.27,5.46,Monday,August,2020,0,0,0
8/4/2020,294412,292272,183867,13.11,15.72,16.27,1.35,1.61,2.64,Tuesday,August,2020,0,0,0
8/5/2020,300989,302826,188029,13.24,16.08,16.40,2.68,3.04,4.32,Wednesday,August,2020,0,0,0
8/6/2020,294679,305744,193135,16.33,20.00,16.65,2.1,2.6,4.36,Thursday,August,2020,0,0,0
8/7/2020,291429,294310,193051,17.50,21.39,18.80,1.75,2.34,2.13,Friday,August,2020,0,0,0
8/8/2020,271114,268996,178780,17.30,21.87,20.80,1.8,2.65,2.73,Saturday,August,2020,0,0,0
8/9/2020,273622,267927,177113,15.14,21.10,19.85,2.17,2.53,3.41,Sunday,August,2020,0,0,0
8/10/2020,296285,307297,193079,15.86,19.36,16.81,1.5,2.34,4.32,Monday,August,2020,0,0,0
8/11/2020,297668,310396,191691,17.06,18.66,15.10,1.2,2.27,4.28,Tuesday,August,2020,0,0,0
8/12/2020,294626,315512,192746,17.83,19.22,14.90,1.58,2.28,2.77,Wednesday,August,2020,0,0,0
8/13/2020,298625,318804,190633,17.31,19.63,15.32,1.36,1.87,4.34,Thursday,August,2020,0,0,0
8/14/2020,293642,304650,192398,16.58,20.56,16.17,1.1,1.98,3.15,Friday,August,2020,0,0,0
8/15/2020,278973,269799,175962,16.47,21.46,18.58,1.25,2.3,3.37,Saturday,August,2020,0,0,0
8/16/2020,277830,265875,170474,16.47,21.33,17.50,1.21,1.76,3.83,Sunday,August,2020,0,0,0
8/17/2020,299993,314194,188190,17.51,21.08,15.32,1.09,1.87,3.31,Monday,August,2020,0,0,0
8/18/2020,293786,313479,187974,18.12,21.18,16.35,1.3,2.32,1.62,Tuesday,August,2020,0,0,0
8/19/2020,295073,314232,187275,16.47,20.04,18.09,1.72,2.71,2.1,Wednesday,August,2020,0,0,0
8/20/2020,298013,312683,186498,16.38,19.32,18.64,1.7,1.93,2.34,Thursday,August,2020,0,0,0
8/21/2020,289986,305527,189807,16.31,19.74,19.21,2.66,2.9,2.81,Friday,August,2020,0,0,0
8/22/2020,270943,270176,178118,15.45,19.52,17.87,3.61,3.25,6.5,Saturday,August,2020,0,0,0
8/23/2020,266439,269513,170769,13.01,17.09,17.73,2.24,3.75,6.08,Sunday,August,2020,0,0,0
8/24/2020,298332,312403,187383,10.79,15.33,15.26,1.71,2.47,6.68,Monday,August,2020,0,0,0
8/25/2020,306986,314418,189930,10.88,14.60,13.95,1.74,2.5,3.35,Tuesday,August,2020,0,0,0
8/26/2020,306825,324034,190763,11.77,14.53,13.51,1.18,1.61,3.65,Wednesday,August,2020,0,0,0
8/27/2020,307986,324060,195942,11.90,14.63,12.79,1.13,2.33,4.06,Thursday,August,2020,0,0,0
8/28/2020,308229,320126,195613,11.74,14.15,12.79,1.45,1.8,2.48,Friday,August,2020,0,0,0
8/29/2020,284497,297827,182249,12.00,13.87,13.22,1.76,2.81,3.15,Saturday,August,2020,0,0,0
8/30/2020,285069,292536,177577,11.04,13.93,12.80,1.47,1.72,3.89,Sunday,August,2020,0,0,0
8/31/2020,307389,323824,191141,10.75,12.75,12.33,1.49,3.5,4.31,Monday,August,2020,0,0,0
9/1/2020,310128,330899,192759,11.88,14.08,12.82,1.23,2.54,5.27,Tuesday,September,2020,0,0,0
9/2/2020,303131,325848,195408,13.16,14.49,13.23,1.45,3.05,6.5,Wednesday,September,2020,0,0,0
9/3/2020,306469,323102,194841,12.85,14.92,14.84,1.62,2.27,5.1,Thursday,September,2020,0,0,0
9/4/2020,301803,311742,192693,12.80,15.38,15.26,1.92,2.97,6.12,Friday,September,2020,0,0,0
9/5/2020,289583,284801,176704,10.83,13.96,14.09,2.05,3.68,6.62,Saturday,September,2020,0,0,0
9/6/2020,291784,284452,173904,10.53,12.73,12.88,1.59,2.82,5.7,Sunday,September,2020,0,0,0
9/7/2020,317581,321013,194678,10.64,13.04,12.40,2.41,1.96,4.66,Monday,September,2020,0,0,0
9/8/2020,312740,322001,198497,12.28,14.58,11.55,2.43,3.62,6.27,Tuesday,September,2020,0,0,0
9/9/2020,326306,325822,198437,10.49,13.86,12.12,2.15,3.91,6.17,Wednesday,September,2020,0,0,0
9/10/2020,326519,327871,203398,9.24,12.27,11.21,2,3.84,9.7,Thursday,September,2020,0,0,0
9/11/2020,323264,324918,204861,9.78,12.45,10.74,2.33,3.01,5.92,Friday,September,2020,0,0,0
9/12/2020,303909,297945,192936,10.17,12.97,11.42,2.7,4.54,9.03,Saturday,September,2020,0,0,0
9/13/2020,305610,291185,181871,10.29,13.46,11.73,2.06,4.45,8.93,Sunday,September,2020,0,0,0
9/14/2020,314808,325378,195839,12.91,15.82,11.84,1.97,2.49,5.07,Monday,September,2020,0,0,0
9/15/2020,312019,333163,197375,12.32,15.42,11.39,1.2,1.6,2.76,Tuesday,September,2020,0,0,0
9/16/2020,310957,324557,199653,10.38,13.41,11.05,3.41,3.83,5.53,Wednesday,September,2020,0,0,0
9/17/2020,327378,331750,204290,9.22,10.56,8.34,1.61,4.64,10.72,Thursday,September,2020,0,0,0
9/18/2020,322678,325473,204254,11.42,12.24,10.09,1.88,2.75,6.89,Friday,September,2020,0,0,0
9/19/2020,304406,299657,185771,10.49,12.43,10.11,1.61,1.96,6.2,Saturday,September,2020,0,0,0
9/20/2020,307145,297066,182566,10.47,12.39,10.02,1.63,2.68,6.47,Sunday,September,2020,0,0,0
9/21/2020,325304,331654,197980,11.49,13.40,11.56,2.28,3.71,7.11,Monday,September,2020,0,0,0
9/22/2020,325393,328011,200666,10.73,13.14,11.68,2.26,3.16,6.68,Tuesday,September,2020,0,0,0
9/23/2020,324251,333036,199492,10.92,14.34,12.58,2.42,2.51,4.35,Wednesday,September,2020,0,0,0
9/24/2020,326498,320737,197837,9.63,14.35,14.17,4.13,2.61,4.34,Thursday,September,2020,0,0,0
9/25/2020,334885,324397,193785,8.59,12.97,14.06,2.38,2.49,3.72,Friday,September,2020,0,0,0
9/26/2020,330561,290122,180539,7.56,13.65,13.73,4.19,2.58,4.88,Saturday,September,2020,0,0,0
9/27/2020,320981,289901,174912,9.70,14.79,14.04,2.6,2.89,4.57,Sunday,September,2020,0,0,0
9/28/2020,327754,342647,193548,11.58,13.81,12.85,1.64,2.21,4.37,Monday,September,2020,0,0,0
9/29/2020,325366,339470,197222,11.37,13.11,11.83,1.46,1.57,2.68,Tuesday,September,2020,0,0,0
9/30/2020,324887,341909,198635,11.34,12.66,12.01,1.67,1.93,3.28,Wednesday,September,2020,0,0,0
10/1/2020,325086,346241,199283,11.62,12.47,11.45,2.32,3.08,5.17,Thursday,October,2020,0,0,0
10/2/2020,327749,326315,204188,11.60,13.56,11.02,2.78,2.96,5.28,Friday,October,2020,0,0,0
10/3/2020,312734,305470,190621,11.60,13.53,11.32,3.07,3.62,6.17,Saturday,October,2020,0,0,0
10/4/2020,311758,302916,186386,11.56,13.80,11.77,3.45,4.62,8.51,Sunday,October,2020,0,0,0
10/5/2020,326692,337711,200796,10.97,12.95,12.51,1.58,2.97,4.97,Monday,October,2020,0,0,0
10/6/2020,335042,345091,204931,9.93,12.02,12.23,1.77,3.21,6.55,Tuesday,October,2020,0,0,0
10/7/2020,334536,346552,202911,9.68,11.76,11.95,1.2,2.96,4.81,Wednesday,October,2020,0,0,0
10/8/2020,337723,346170,204406,8.94,11.20,11.42,1.58,3.12,5.35,Thursday,October,2020,0,0,0
10/9/2020,343121,336838,206192,7.59,10.63,10.68,2.25,3.61,7.08,Friday,October,2020,0,0,0
10/10/2020,336056,325471,192881,6.83,9.12,9.97,1.44,2.45,5.57,Saturday,October,2020,0,0,0
10/11/2020,330355,334612,190403,7.10,8.01,9.00,2.25,2.95,3.78,Sunday,October,2020,0,0,0
10/12/2020,357018,375681,210039,6.38,7.78,7.70,1.32,2.7,4.92,Monday,October,2020,0,0,0
10/13/2020,361484,379911,212694,5.84,7.07,6.81,2.03,2.97,3.56,Tuesday,October,2020,0,0,0
10/14/2020,370212,373742,218829,5.09,6.98,5.84,2.32,4.24,5.87,Wednesday,October,2020,0,0,0
10/15/2020,371968,382429,225538,5.35,7.05,4.32,2.12,3.08,5.39,Thursday,October,2020,0,0,0
10/16/2020,366039,380626,226920,5.72,6.79,3.55,1.82,2.2,4.36,Friday,October,2020,0,0,0
10/17/2020,359485,350956,212184,4.32,6.38,5.09,1.97,3.07,6.2,Saturday,October,2020,0,0,0
10/18/2020,362284,349795,208856,3.04,5.20,2.89,3.03,3.88,5.82,Sunday,October,2020,0,0,0
10/19/2020,401255,405744,231057,2.28,4.29,1.53,1.5,3.75,6.35,Monday,October,2020,0,0,0
10/20/2020,408552,414214,237025,2.80,5.23,0.84,1.75,2,3.85,Tuesday,October,2020,0,0,0
10/21/2020,393968,391823,234920,5.25,9.15,2.82,1.29,2.17,6.42,Wednesday,October,2020,0,0,0
10/22/2020,384127,382630,226156,5.08,10.43,6.11,1.39,2.74,6.17,Thursday,October,2020,0,0,0
10/23/2020,393215,386668,226367,3.62,6.83,4.17,1.54,2.82,7.29,Friday,October,2020,0,0,0
10/24/2020,374096,362278,221459,4.69,6.85,2.26,1.41,1.94,3.82,Saturday,October,2020,0,0,0
10/25/2020,364231,358536,222440,6.70,9.60,3.22,3.21,3.32,3.84,Sunday,October,2020,0,0,0
10/26/2020,374429,364721,222686,5.78,9.58,8.16,1.49,2.43,6.82,Monday,October,2020,0,0,0
10/27/2020,372803,360959,220515,5.32,8.53,8.85,2.4,2.39,6.19,Tuesday,October,2020,0,0,0
10/28/2020,377193,367105,223004,5.38,8.55,7.93,2.8,3.53,7.83,Wednesday,October,2020,0,0,0
10/29/2020,386188,377864,220873,4.91,7.80,7.86,1.6,1.83,5.52,Thursday,October,2020,0,0,0
10/30/2020,397697,384911,225907,3.81,6.46,6.13,1.3,1.01,1.65,Friday,October,2020,0,0,0
10/31/2020,365046,341256,218080,5.05,8.38,4.82,1.46,2.37,2.33,Saturday,October,2020,0,1,1
11/1/2020,345524,322823,206305,7.37,9.94,6.17,3.37,4.37,6.31,Sunday,November,2020,0,0,0
11/2/2020,357628,362477,225423,7.96,12.61,6.47,3.23,5.75,11.05,Monday,November,2020,0,0,0
11/3/2020,373030,373901,217314,5.21,8.93,8.54,2.07,4.02,9.34,Tuesday,November,2020,0,0,0
11/4/2020,390644,392883,220884,4.25,7.08,5.98,1.97,3.18,6.67,Wednesday,November,2020,0,0,0
11/5/2020,380465,384376,224024,7.69,8.85,6.31,2.58,3.92,8.79,Thursday,November,2020,0,0,0
11/6/2020,370215,362613,221058,7.50,9.86,7.98,1.98,2.52,6.67,Friday,November,2020,0,0,0
11/7/2020,365838,349597,208341,5.39,8.37,7.50,1.21,2.83,6.47,Saturday,November,2020,0,0,0
11/8/2020,378522,355325,211337,3.86,7.00,2.74,1,1.79,5.12,Sunday,November,2020,0,0,0
11/9/2020,411209,399307,232892,3.80,6.76,3.23,0.45,1.84,6.08,Monday,November,2020,0,0,0
11/10/2020,400388,412357,245068,4.47,6.00,0.74,0.99,1.91,2.83,Tuesday,November,2020,0,0,0
11/11/2020,392514,408073,242545,5.17,6.06,2.35,1.26,1.85,3.82,Wednesday,November,2020,0,0,0
11/12/2020,390034,410646,234813,5.12,6.02,4.10,1.58,1.91,5.05,Thursday,November,2020,0,0,0
11/13/2020,390850,393030,239235,5.00,6.65,3.35,1.78,2.49,5.49,Friday,November,2020,0,0,0
11/14/2020,367177,352215,228714,5.05,7.03,3.01,1.46,2.71,5.76,Saturday,November,2020,0,0,0
11/15/2020,354485,344444,222854,6.91,8.23,2.88,2.9,2.99,6.27,Sunday,November,2020,0,0,0
11/16/2020,367887,378672,238354,6.48,8.91,3.25,3.07,3.75,7.7,Monday,November,2020,0,0,0
11/17/2020,378033,381522,233817,6.32,8.80,4.64,1.97,3.54,8.64,Tuesday,November,2020,0,0,0
11/18/2020,377071,376701,230705,6.94,10.50,6.79,3.06,4.43,8.57,Wednesday,November,2020,0,0,0
11/19/2020,425834,425062,232747,1.50,5.84,5.77,4.25,5.75,12.66,Thursday,November,2020,0,0,0
11/20/2020,441626,437529,249888,0.10,2.29,-0.11,2.24,4.23,7.14,Friday,November,2020,0,0,0
11/21/2020,399902,398076,243712,3.37,4.63,0.71,2.84,4.69,8.61,Saturday,November,2020,0,0,0
11/22/2020,393005,379484,223332,3.28,6.04,3.03,3.12,4.86,8.56,Sunday,November,2020,0,0,0
11/23/2020,421715,418848,236286,2.44,4.77,2.52,2.01,4.24,7.12,Monday,November,2020,0,0,0
11/24/2020,414595,423630,240868,3.90,5.66,0.74,1.45,2.38,5.23,Tuesday,November,2020,0,0,0
11/25/2020,403377,400379,245328,4.94,6.91,1.18,2.6,3.17,4.71,Wednesday,November,2020,0,0,0
11/26/2020,424764,408613,237525,0.94,4.96,2.57,1.86,2.39,5.85,Thursday,November,2020,0,0,0
11/27/2020,455089,447930,249223,-0.81,0.88,-0.25,1.2,2.75,6.71,Friday,November,2020,0,0,0
11/28/2020,440676,433012,237800,-0.73,0.14,-0.44,0.71,1.89,5.51,Saturday,November,2020,0,0,0
11/29/2020,435075,442846,230200,0.06,-0.50,-0.31,0.87,1.47,4.46,Sunday,November,2020,0,0,0
11/30/2020,448609,475521,249010,1.94,0.25,-0.57,1.14,1.97,4.18,Monday,November,2020,0,0,0
12/1/2020,451263,458298,247170,-0.25,1.19,1.13,1.56,1.98,7.28,Tuesday,December,2020,0,0,0
12/2/2020,454106,450651,249367,0.94,1.24,0.39,2,1.88,7.13,Wednesday,December,2020,0,0,0
12/3/2020,448454,458714,255889,1.05,1.47,-0.67,2.59,3.18,6.27,Thursday,December,2020,0,0,0
12/4/2020,453727,450613,257925,0.24,2.54,-0.20,1.63,3.15,8.35,Friday,December,2020,0,0,0
12/5/2020,431107,401364,240715,0.32,4.24,1.81,1.54,2.52,7.85,Saturday,December,2020,0,0,0
12/6/2020,419387,385759,231060,0.78,5.24,2.40,1.38,2.88,7.58,Sunday,December,2020,0,0,1
12/7/2020,437646,428102,243341,1.74,4.82,0.30,2.25,3.12,8.39,Monday,December,2020,0,0,0
12/8/2020,438791,459114,254223,1.62,3.13,-2.06,1.64,2.93,8.04,Tuesday,December,2020,0,0,0
12/9/2020,440132,459326,262404,0.83,2.66,-2.66,1.49,2.16,6.8,Wednesday,December,2020,0,0,0
12/10/2020,447238,450000,263687,0.62,1.94,-2.80,1.7,2.09,5.04,Thursday,December,2020,0,0,0
12/11/2020,455120,458727,265299,-0.16,1.56,-3.00,2.23,2.21,5.04,Friday,December,2020,0,0,0
12/12/2020,434907,417562,250433,-0.34,3.02,-1.43,1.72,2.06,5.43,Saturday,December,2020,0,0,0
12/13/2020,431610,412278,245104,0.15,2.79,-2.52,1.47,1.71,4.64,Sunday,December,2020,0,0,0
12/14/2020,449421,448392,262200,1.30,2.44,-2.83,2.21,1.97,2.72,Monday,December,2020,0,0,0
12/15/2020,443251,432304,253911,2.26,5.17,-0.77,1.43,2.86,5.55,Tuesday,December,2020,0,0,0
12/16/2020,447557,426297,249233,0.78,4.68,0.98,1.26,2.83,6.97,Wednesday,December,2020,0,0,0
12/17/2020,444451,437076,251669,1.70,4.53,-1.86,1.31,2.19,3.8,Thursday,December,2020,0,0,0
12/18/2020,443499,413140,254875,1.96,5.09,-1.09,1.61,2.85,4.88,Friday,December,2020,0,0,0
12/19/2020,400095,386425,239891,4.15,4.76,1.51,2.3,2.59,4.39,Saturday,December,2020,0,0,0
12/20/2020,389643,380137,223748,4.49,5.53,3.40,2.76,2.73,7.25,Sunday,December,2020,0,0,0
12/21/2020,417397,407567,233090,2.94,5.23,2.72,1.87,2.83,7.66,Monday,December,2020,0,0,0
12/22/2020,422981,414930,226925,2.01,4.36,2.43,1.83,3.24,6.59,Tuesday,December,2020,0,0,0
12/23/2020,432492,414706,229817,0.16,3.26,0.47,1.96,2.83,6.15,Wednesday,December,2020,0,0,0
12/24/2020,438335,397781,217287,-2.15,0.31,0.06,2.63,2.4,3.46,Thursday,December,2020,0,0,0
12/25/2020,443971,425408,216817,-3.45,-1.11,-1.82,2.15,3.82,5.52,Friday,December,2020,1,1,1
12/26/2020,433403,423103,227385,-1.03,-0.60,-4.77,1.81,2.36,4.35,Saturday,December,2020,1,1,1
12/27/2020,423124,406316,224230,0.74,2.36,-1.89,3.22,5.64,9,Sunday,December,2020,0,0,0
12/28/2020,446632,437521,241750,0.33,2.51,-1.10,2.16,4.71,9.81,Monday,December,2020,0,0,0
12/29/2020,441628,432507,244749,0.06,2.98,-0.60,1.98,3.42,8.8,Tuesday,December,2020,0,0,0
12/30/2020,441365,433485,244595,-0.57,1.75,0.00,1.88,1.9,8.74,Wednesday,December,2020,0,0,0
12/31/2020,441164,409617,238671,-1.85,1.88,0.10,1.71,2.09,3.5,Thursday,December,2020,0,0,0
1/1/2021,438408,404149,233925,-2.62,1.03,-0.80,1.61,1.58,3.29,Friday,January,2021,1,1,1
1/2/2021,443350,416198,239254,-2.28,-0.09,-2.20,1.77,1.72,5.19,Saturday,January,2021,0,0,0
1/3/2021,455189,427328,240738,-4.20,-0.82,-3.89,2.11,2.35,5.14,Sunday,January,2021,0,0,0
1/4/2021,505022,482372,263828,-6.00,-1.12,-4.48,2.41,2.55,4.27,Monday,January,2021,0,0,0
1/5/2021,518254,489398,275641,-6.14,-1.10,-6.91,2.02,2.48,4.21,Tuesday,January,2021,0,0,0
1/6/2021,532122,483970,269208,-7.48,-1.53,-5.92,1.96,2.88,5.52,Wednesday,January,2021,0,1,1
1/7/2021,528859,498373,271582,-7.76,-1.06,-4.80,2.07,2.71,5.92,Thursday,January,2021,0,0,0
1/8/2021,522561,477009,271283,-8.01,-0.73,-5.99,2.18,2.28,5.06,Friday,January,2021,0,0,0
1/9/2021,499841,448684,269019,-6.78,-1.12,-8.89,1.92,1.53,4.19,Saturday,January,2021,0,0,0
1/10/2021,484265,453492,264290,-5.03,-1.13,-7.32,1.75,2.82,5.13,Sunday,January,2021,0,0,0
1/11/2021,514369,492154,274678,-6.98,-0.23,-4.58,1.67,3.15,6.74,Monday,January,2021,0,0,0
1/12/2021,522397,502139,278735,-7.01,-2.70,-6.13,2.1,3.02,10.48,Tuesday,January,2021,0,0,0
1/13/2021,520728,516555,294917,-7.01,-2.60,-12.18,3.2,3.38,8.34,Wednesday,January,2021,0,0,0
1/14/2021,535207,531226,312898,-10.53,-5.04,-19.80,2.09,3.32,6.89,Thursday,January,2021,0,0,0
1/15/2021,542632,543119,320626,-11.34,-8.33,-18.86,2.16,2.59,5.47,Friday,January,2021,0,0,0
1/16/2021,524213,509754,291646,-10.46,-5.79,-12.70,2.05,2.09,4.63,Saturday,January,2021,0,0,0
1/17/2021,501611,475512,278181,-6.40,-4.10,-8.11,1.31,1.61,4.1,Sunday,January,2021,0,0,0
1/18/2021,519372,522599,283789,-4.31,-3.08,-6.31,1.26,2.41,4.05,Monday,January,2021,0,0,0
1/19/2021,510939,509118,272419,-4.04,-1.18,-3.08,1.4,2.22,6.52,Tuesday,January,2021,0,0,0
1/20/2021,501447,505480,275663,-2.75,1.30,-6.30,2.24,2.98,6.47,Wednesday,January,2021,0,0,0
1/21/2021,482553,476536,286583,-0.16,2.91,-7.09,3.07,3.13,7.72,Thursday,January,2021,0,0,0
1/22/2021,471759,461777,280650,-0.38,2.38,-2.67,3.6,4.39,6.2,Friday,January,2021,0,0,0
1/23/2021,451060,435336,254282,-1.91,1.45,-0.08,1.89,3.93,7.16,Saturday,January,2021,0,0,0
1/24/2021,457545,452997,240294,-4.41,-0.62,-0.32,1.16,1.48,4.24,Sunday,January,2021,0,0,0
1/25/2021,512105,504852,258196,-7.27,-1.76,-0.61,1.95,2.97,5.77,Monday,January,2021,0,0,0
1/26/2021,523270,514264,257877,-8.97,-3.44,-0.65,2.12,2.99,4.48,Tuesday,January,2021,0,0,0
1/27/2021,529143,521456,264315,-10.68,-4.16,-1.88,1.85,2.36,3.12,Wednesday,January,2021,0,0,0
1/28/2021,531691,525986,270401,-10.84,-4.70,-4.80,2.11,2.36,3.18,Thursday,January,2021,0,0,0
1/29/2021,537916,536826,279359,-11.56,-5.75,-5.48,2.06,2.87,5.3,Friday,January,2021,0,0,0
1/30/2021,522329,513024,269993,-10.57,-8.15,-6.37,1.89,2.83,5.88,Saturday,January,2021,0,0,0
1/31/2021,509350,502213,266936,-9.65,-7.90,-7.43,1.67,2.38,3.21,Sunday,January,2021,0,0,0
2/1/2021,534473,540482,290226,-10.64,-6.86,-9.81,1.66,1.62,4.34,Monday,February,2021,0,0,0
2/2/2021,543847,534680,296867,-11.34,-4.88,-9.89,2.15,2.51,3.51,Tuesday,February,2021,0,0,0
2/3/2021,545639,545152,300328,-12.14,-6.25,-10.33,1.98,3.1,5.76,Wednesday,February,2021,0,0,0
2/4/2021,559125,563460,302262,-13.29,-8.62,-11.34,2.22,3.13,5.74,Thursday,February,2021,0,0,0
2/5/2021,553779,550650,310803,-12.38,-9.12,-12.93,2.25,2.54,6.45,Friday,February,2021,0,0,0
2/6/2021,526732,512369,294441,-11.82,-9.06,-11.58,2.09,2.55,4.97,Saturday,February,2021,0,0,0
2/7/2021,521590,516702,277560,-11.94,-8.24,-8.61,2.28,2.38,4.87,Sunday,February,2021,0,0,0
2/8/2021,547421,554033,294215,-11.38,-7.66,-9.92,2.38,2.62,3.61,Monday,February,2021,0,0,0
2/9/2021,543259,558564,307666,-11.28,-7.75,-13.76,2.34,2.98,4.14,Tuesday,February,2021,0,0,0
2/10/2021,553229,564103,314312,-11.44,-8.45,-14.75,2.46,2.76,3.95,Wednesday,February,2021,0,0,0
2/11/2021,553173,526823,320632,-12.41,-10.11,-15.72,2.29,2.48,4.25,Thursday,February,2021,0,0,0
2/12/2021,552859,544332,310824,-11.76,-8.79,-12.46,2.37,2.6,2.63,Friday,February,2021,0,0,0
2/13/2021,525316,514000,278922,-11.40,-7.19,-8.38,2.15,3.03,3.92,Saturday,February,2021,0,0,0
2/14/2021,512704,497482,274739,-9.54,-5.74,-10.05,1.59,2.41,4.98,Sunday,February,2021,0,0,0
2/15/2021,532931,525917,295296,-5.59,-6.48,-9.18,1.3,1.9,4.53,Monday,February,2021,0,0,0
2/16/2021,510251,524601,291897,-4.22,-3.64,-8.23,1.37,1.81,6.05,Tuesday,February,2021,0,0,0
2/17/2021,503745,519541,317067,-3.76,-3.02,-15.97,2.04,2.59,4.43,Wednesday,February,2021,0,0,0
2/18/2021,496182,525450,319721,-3.13,-2.49,-15.46,1.77,2.67,3.85,Thursday,February,2021,0,0,0
2/19/2021,475299,489528,299553,-1.20,0.82,-8.84,1.49,2.39,4.49,Friday,February,2021,0,0,0
2/20/2021,439484,423756,280351,0.99,2.11,-6.15,1.83,2.69,4.24,Saturday,February,2021,0,0,0
2/21/2021,424107,416177,265171,1.70,2.63,-4.98,1.55,1.97,4.88,Sunday,February,2021,0,0,0
2/22/2021,447706,463429,293297,0.94,2.03,-10.28,1.13,1.94,5.96,Monday,February,2021,0,0,0
2/23/2021,438117,453007,297069,1.31,2.95,-9.01,1.56,2.39,5.6,Tuesday,February,2021,0,0,0
2/24/2021,430368,424503,280916,3.61,5.75,-3.29,2.19,3.31,4.37,Wednesday,February,2021,0,0,0
2/25/2021,426741,409088,256977,3.31,6.75,1.50,1.81,4.3,5.42,Thursday,February,2021,0,0,0
2/26/2021,420431,414684,251169,2.91,4.71,1.24,2.34,3.94,5.61,Friday,February,2021,0,0,0
2/27/2021,409564,396969,240343,2.28,2.87,0.07,1.96,2.85,5.19,Saturday,February,2021,0,0,0
2/28/2021,395875,387911,229754,2.76,4.22,1.65,2.15,2.84,4.81,Sunday,February,2021,0,0,0
3/1/2021,430634,425879,245988,1.91,3.41,2.04,1.91,2.79,5.69,Monday,March,2021,0,0,0
3/2/2021,419689,430443,244745,2.05,3.68,0.69,1.83,2.8,5.93,Tuesday,March,2021,0,0,0
3/3/2021,440484,445599,249887,0.34,1.66,-0.15,1.93,2.63,6.14,Wednesday,March,2021,0,0,0
3/4/2021,454861,451467,260254,-1.31,0.15,-4.60,2.68,3.02,5.76,Thursday,March,2021,0,0,0
3/5/2021,458017,455913,269365,-1.84,-1.14,-7.73,2,2.82,4.99,Friday,March,2021,0,0,0
3/6/2021,431924,418011,260987,0.28,1.39,-3.89,2.46,4.61,8.43,Saturday,March,2021,0,0,0
3/7/2021,429324,421066,257101,-1.43,0.43,-6.04,2.76,5.31,8.93,Sunday,March,2021,0,0,0
3/8/2021,464473,471863,275918,-2.75,-1.45,-8.83,1.74,3.15,5.12,Monday,March,2021,0,0,0
3/9/2021,454411,477356,287069,-2.00,-1.27,-12.06,1.69,3.48,6.8,Tuesday,March,2021,0,0,0
3/10/2021,474883,483157,300759,-2.76,-2.49,-15.57,3.28,2.65,8.93,Wednesday,March,2021,0,0,0
3/11/2021,472279,489918,292685,-0.68,0.46,-8.60,3.66,5.18,7.65,Thursday,March,2021,0,0,0
3/12/2021,442085,447764,279006,0.22,2.53,-3.76,1.68,2.87,7.74,Friday,March,2021,0,0,0
3/13/2021,422000,417233,254710,-0.50,1.88,-0.93,0.77,1.9,5.37,Saturday,March,2021,0,0,0
3/14/2021,410520,406888,241708,-0.22,1.53,0.07,1.12,2.04,3.67,Sunday,March,2021,0,0,0
3/15/2021,430955,441143,255789,0.01,1.65,-0.10,2.17,1.21,4.54,Monday,March,2021,0,0,0
3/16/2021,437504,445630,256168,-1.09,1.21,-1.08,1.73,1.58,3.21,Tuesday,March,2021,0,0,0
3/17/2021,441118,449011,257608,-1.86,0.62,-2.26,1.94,2.51,3.27,Wednesday,March,2021,0,0,0
3/18/2021,436116,454588,262962,-0.41,0.06,-5.28,1.92,3,4.55,Thursday,March,2021,0,0,0
3/19/2021,432695,448230,270545,-0.26,-1.44,-7.84,1.58,3.12,4.81,Friday,March,2021,0,0,0
3/20/2021,408385,400280,256387,2.20,2.23,-2.23,1.81,3.41,8.53,Saturday,March,2021,0,0,0
3/21/2021,401848,386293,239033,0.73,3.03,-0.31,2.84,4.38,7.52,Sunday,March,2021,0,0,0
3/22/2021,414171,421607,253261,2.45,3.28,-3.79,1.78,2.75,4.36,Monday,March,2021,0,0,0
3/23/2021,403008,403091,244808,3.69,5.20,0.25,1.9,2.51,4.55,Tuesday,March,2021,0,0,0
3/24/2021,396980,396675,239948,3.50,5.54,2.26,2.45,3.72,7.84,Wednesday,March,2021,0,0,0
3/25/2021,407394,398435,239152,2.52,5.42,1.53,2.18,3.34,5.39,Thursday,March,2021,0,0,0
3/26/2021,409988,390738,239798,2.79,5.68,1.34,2.54,2.7,4.03,Friday,March,2021,0,0,0
3/27/2021,385564,363054,226396,2.86,5.44,2.74,2.11,2.9,4.09,Saturday,March,2021,0,0,0
3/28/2021,371374,360865,211441,2.11,4.34,2.75,1.82,3.08,5.41,Sunday,March,2021,0,0,0
3/29/2021,389905,392842,243719,5.17,7.10,2.45,2.38,3.8,7.98,Monday,March,2021,0,0,0
3/30/2021,377353,375062,237997,6.31,9.67,3.75,2.38,3.12,5.48,Tuesday,March,2021,0,0,0
3/31/2021,380362,380250,235393,3.97,7.01,2.43,1.83,2.02,3.72,Wednesday,March,2021,0,0,0
4/1/2021,379163,384762,235659,2.45,4.69,1.44,1.88,2.58,4.5,Thursday,April,2021,1,0,0
4/2/2021,376875,368479,226922,2.70,4.26,1.21,2.97,3.07,3.59,Friday,April,2021,1,1,1
4/3/2021,378357,349409,226291,2.37,3.48,0.73,1.91,3.04,3.8,Saturday,April,2021,0,0,0
4/4/2021,374821,349367,217354,2.57,5.12,2.72,3.15,4.56,7.21,Sunday,April,2021,1,1,1
4/5/2021,402800,385974,227618,-0.17,2.36,1.39,4.09,4.46,10.08,Monday,April,2021,1,1,1
4/6/2021,423042,412697,245506,0.99,2.95,0.70,3.74,4.19,8.72,Tuesday,April,2021,0,0,0
4/7/2021,423025,411687,240617,0.68,3.26,0.91,1.98,2.68,5.95,Wednesday,April,2021,0,0,0
4/8/2021,426592,412933,237570,-0.01,2.82,0.00,2.44,2.57,4.75,Thursday,April,2021,0,0,0
4/9/2021,416575,415499,248189,0.92,4.35,0.55,3.48,5.41,10.37,Friday,April,2021,0,0,0
4/10/2021,396557,380774,230617,0.41,3.58,1.69,2.36,3.9,9.29,Saturday,April,2021,0,0,0
4/11/2021,390859,390283,215038,0.22,2.76,2.80,1.8,2.63,4.8,Sunday,April,2021,0,0,0
4/12/2021,422700,421337,225482,0.64,3.49,5.16,2.23,2.3,5.53,Monday,April,2021,0,0,0
4/13/2021,419240,422025,223785,0.71,3.01,3.68,2.39,2.76,3.44,Tuesday,April,2021,0,0,0
4/14/2021,411506,417727,225040,1.52,3.05,2.13,1.82,2.02,3.22,Wednesday,April,2021,0,0,0
4/15/2021,398460,401861,223263,2.52,4.01,3.11,1.85,2.67,4.19,Thursday,April,2021,0,0,0
4/16/2021,383764,383934,220872,3.75,5.29,4.69,2.14,3.36,5.61,Friday,April,2021,0,0,0
4/17/2021,353339,342645,205346,5.34,7.23,6.02,1.76,2.98,5.31,Saturday,April,2021,0,0,0
4/18/2021,339587,328961,195981,6.42,8.11,6.80,1.56,2.63,4.42,Sunday,April,2021,0,0,0
4/19/2021,353318,361897,210199,7.28,8.40,6.71,1.36,2.29,4.06,Monday,April,2021,0,0,0
4/20/2021,353462,358988,210099,6.57,8.14,5.83,1.72,1.78,4.13,Tuesday,April,2021,0,0,0
4/21/2021,368495,362115,209304,3.37,6.47,5.77,3.93,2.42,2.54,Wednesday,April,2021,0,0,0
4/22/2021,382265,400056,214655,2.96,4.10,4.53,3.8,4.02,2.99,Thursday,April,2021,0,0,0
4/23/2021,384153,384528,230781,2.48,4.51,2.54,3.11,4.16,3.12,Friday,April,2021,0,0,0
4/24/2021,372724,361781,219078,1.93,3.51,2.19,3.05,3.79,3.27,Saturday,April,2021,0,0,0
4/25/2021,369749,368092,212948,2.15,3.00,2.16,2.95,3.86,4.88,Sunday,April,2021,0,0,0
4/26/2021,387343,403158,231769,2.69,3.58,3.01,1.91,3.91,3.56,Monday,April,2021,0,0,0
4/27/2021,383496,392610,228399,2.97,4.87,2.22,1.94,2.06,3.32,Tuesday,April,2021,0,0,0
4/28/2021,380090,392355,228173,2.97,5.01,1.71,1.23,1.2,3.75,Wednesday,April,2021,0,0,0
4/29/2021,379939,390252,229192,3.37,5.18,2.21,1.85,1.7,2.5,Thursday,April,2021,0,0,0
4/30/2021,376991,381335,226915,3.25,5.63,2.83,1.51,2.24,2.76,Friday,April,2021,0,0,0
5/1/2021,352887,350866,212688,3.60,5.94,2.42,1.37,1.88,3.93,Saturday,May,2021,1,1,1
5/2/2021,350380,346632,208508,3.97,6.47,3.49,1.33,2.29,2.27,Sunday,May,2021,0,0,0
5/3/2021,373859,376790,221371,3.50,5.85,4.27,1.44,1.09,5.39,Monday,May,2021,0,0,0
5/4/2021,376660,379270,216277,3.50,5.33,4.64,2.72,2.71,4.06,Tuesday,May,2021,0,0,0
5/5/2021,383977,396926,223211,3.36,4.68,2.77,4.32,4.72,6.45,Wednesday,May,2021,0,0,0
5/6/2021,378188,409400,227398,3.53,4.17,3.59,2.31,3.2,2.02,Thursday,May,2021,0,0,0
5/7/2021,371371,388598,229184,3.58,4.50,3.00,1.41,2.93,2.93,Friday,May,2021,0,0,0
5/8/2021,351113,342641,212879,4.24,6.35,4.16,1.45,2.37,3.95,Saturday,May,2021,0,0,0
5/9/2021,352261,337656,200892,4.68,8.14,5.74,1.88,2.95,4.42,Sunday,May,2021,0,0,0
5/10/2021,360398,355908,217057,7.37,13.05,7.99,1.85,2.87,5.75,Monday,May,2021,0,0,0
5/11/2021,347098,340701,204675,8.71,12.69,13.54,1.08,1.47,5.79,Tuesday,May,2021,0,0,0
5/12/2021,349709,329515,201138,7.92,13.60,15.35,2.18,3,4.47,Wednesday,May,2021,0,0,0
5/13/2021,332970,306238,190765,9.34,14.24,16.98,1.84,2.16,3.77,Thursday,May,2021,1,1,1
5/14/2021,326772,311926,193585,11.04,12.26,13.90,1.62,2.02,3.59,Friday,May,2021,0,0,0
5/15/2021,319101,319918,186385,9.09,9.69,13.85,1.67,2.36,3.14,Saturday,May,2021,0,0,0
5/16/2021,321880,323951,182494,7.80,10.27,12.57,1.89,2.18,3.3,Sunday,May,2021,0,0,0
5/17/2021,327274,351141,201882,7.68,10.27,13.69,1.7,3.02,4.08,Monday,May,2021,1,0,0
5/18/2021,343809,343015,200753,8.02,11.13,13.08,1.47,1.44,2.79,Tuesday,May,2021,0,0,0
5/19/2021,341485,331452,202572,7.99,11.31,12.56,0.98,1.8,2.61,Wednesday,May,2021,0,0,0
5/20/2021,338812,336763,200891,7.49,10.53,10.88,1.02,1.98,3.81,Thursday,May,2021,0,0,0
5/21/2021,335162,330099,211913,7.78,10.28,7.95,1.51,1.89,6.26,Friday,May,2021,0,0,0
5/22/2021,315986,295861,200846,8.34,10.44,8.02,1.55,2.05,4.72,Saturday,May,2021,0,0,0
5/23/2021,309948,307285,191880,8.10,9.63,8.94,1.95,1.95,2.42,Sunday,May,2021,1,1,1
5/24/2021,316777,345883,207354,8.29,10.20,8.75,1.79,1.62,4.38,Monday,May,2021,1,0,0
5/25/2021,336461,349230,203874,10.01,10.74,10.01,2.54,3.19,3.59,Tuesday,May,2021,0,0,0
5/26/2021,330697,350584,209036,9.55,9.31,8.97,3.64,3.75,7.89,Wednesday,May,2021,0,0,0
5/27/2021,331015,367853,209586,10.26,8.54,9.32,2.47,2.47,3.43,Thursday,May,2021,0,0,0
5/28/2021,324964,334043,206777,11.04,11.42,9.81,1.89,1.9,3.8,Friday,May,2021,0,0,0
5/29/2021,300742,296917,193707,12.81,12.86,9.66,1.63,2.07,3.52,Saturday,May,2021,0,0,0
5/30/2021,294901,286114,185962,13.49,14.32,11.13,1.41,1.32,2.39,Sunday,May,2021,0,0,0
5/31/2021,315047,322362,200029,14.06,15.08,11.11,1.21,2.57,3.86,Monday,May,2021,0,0,0
6/1/2021,305175,323582,197424,14.94,13.76,13.25,1.68,3.35,3.03,Tuesday,June,2021,0,0,0
6/2/2021,298504,321739,194881,15.26,14.73,16.11,1.83,2.14,0.94,Wednesday,June,2021,0,0,0
6/3/2021,297212,320571,191138,15.93,15.93,17.01,2.01,1.85,3.08,Thursday,June,2021,0,0,0
6/4/2021,301492,307871,194458,15.76,16.62,17.84,1.4,1.23,1.48,Friday,June,2021,0,0,0
6/5/2021,285219,274285,179543,15.60,18.23,18.29,1.29,1.25,2.36,Saturday,June,2021,0,0,0
6/6/2021,281853,271238,175935,15.12,18.69,19.01,1.64,0.92,2.72,Sunday,June,2021,0,1,0
6/7/2021,305230,314165,190811,14.34,18.04,18.52,1.28,1.2,1.85,Monday,June,2021,0,0,0
6/8/2021,301845,319805,191893,14.31,16.62,17.57,0.93,0.65,2.41,Tuesday,June,2021,0,0,0
6/9/2021,288963,321206,192649,14.80,17.11,18.16,1.4,0.99,1.48,Wednesday,June,2021,0,0,0
6/10/2021,289406,321855,193392,15.78,17.77,19.15,1.36,1.81,1.35,Thursday,June,2021,0,0,0
6/11/2021,292226,310795,194567,14.89,18.45,19.54,2.46,2.71,2.46,Friday,June,2021,0,0,0
6/12/2021,280920,283264,183860,12.43,15.82,16.95,2.96,3.03,4.64,Saturday,June,2021,0,0,0
6/13/2021,288129,284188,179414,12.15,15.52,14.63,2.07,2.87,5.46,Sunday,June,2021,0,0,0
6/14/2021,306422,325773,193823,11.28,16.10,15.42,3.13,4.26,5.54,Monday,June,2021,0,0,0
6/15/2021,304650,322442,196349,11.02,15.04,14.66,2.26,3.64,7.24,Tuesday,June,2021,0,0,0
6/16/2021,309771,325750,196236,11.59,15.53,14.26,2.1,2.24,3.82,Wednesday,June,2021,0,0,0
6/17/2021,304326,322613,197411,14.31,19.01,16.58,2.18,2.84,3.43,Thursday,June,2021,0,0,0
6/18/2021,296232,309091,200361,14.41,22.02,19.29,1.39,3.31,4.6,Friday,June,2021,0,0,0
6/19/2021,289671,280486,189022,12.98,21.39,20.24,2.02,2.5,3.69,Saturday,June,2021,0,0,0
6/20/2021,283580,289488,185771,13.01,21.25,21.84,1.3,2.37,4.05,Sunday,June,2021,0,0,0
6/21/2021,304735,327294,199717,12.69,18.78,23.45,1.52,2.67,4.2,Monday,June,2021,0,0,0
6/22/2021,305791,319079,199865,12.16,17.97,23.37,2.16,1.98,3.32,Tuesday,June,2021,0,0,0
6/23/2021,299379,324879,199552,13.73,17.41,21.29,1.38,1.46,2.79,Wednesday,June,2021,0,0,0
6/24/2021,301237,311982,186583,13.71,17.89,19.11,1.8,1.61,2.45,Thursday,June,2021,0,0,0
6/25/2021,299819,264970,182978,13.73,17.19,20.02,1.05,1.03,1.26,Friday,June,2021,0,0,0
6/26/2021,282005,252911,178243,14.77,17.66,19.82,1.57,1.75,4.06,Saturday,June,2021,0,1,1
6/27/2021,277386,263066,175830,14.28,18.28,19.57,1,1.76,3.56,Sunday,June,2021,0,0,0
6/28/2021,302085,308317,188869,14.24,18.83,19.28,1.25,1.12,3.3,Monday,June,2021,0,0,0
6/29/2021,304904,312874,191942,13.95,19.45,19.80,1.08,1.48,3.44,Tuesday,June,2021,0,0,0
6/30/2021,299932,315549,192746,15.36,17.31,19.04,2.63,3.96,2.52,Wednesday,June,2021,0,0,0
7/1/2021,302371,320600,193293,16.46,17.51,19.04,2.23,4.07,3.73,Thursday,July,2021,0,0,0
7/2/2021,301923,308904,197513,17.96,19.86,20.09,1.51,2.71,3.37,Friday,July,2021,0,0,0
7/3/2021,281124,278690,186963,18.45,20.44,22.21,1.37,2.35,2.39,Saturday,July,2021,0,0,0
7/4/2021,274372,278752,185290,17.77,20.49,22.84,1.84,2.14,3.61,Sunday,July,2021,0,0,0
7/5/2021,293335,313264,201555,18.34,20.11,23.51,1.78,2.66,3.52,Monday,July,2021,0,0,0
7/6/2021,291942,311508,200645,16.99,19.95,22.96,1.84,2.74,3.92,Tuesday,July,2021,0,0,0
7/7/2021,287744,315662,200051,16.06,18.93,22.95,2.96,2.47,3.06,Wednesday,July,2021,0,0,0
7/8/2021,296037,308205,201976,15.33,19.55,21.35,2.21,1.96,2.9,Thursday,July,2021,0,0,0
7/9/2021,293502,304920,196830,16.11,19.81,21.68,1.07,2.64,3.6,Friday,July,2021,0,0,0
7/10/2021,283531,276844,188603,15.21,18.89,23.63,2.12,3.64,3.51,Saturday,July,2021,0,0,0
7/11/2021,273965,272743,185255,16.01,18.96,22.80,1.97,3.03,4.8,Sunday,July,2021,0,0,0
7/12/2021,290698,300019,194292,16.39,19.61,22.23,1.25,1.76,2.62,Monday,July,2021,0,0,0
7/13/2021,290267,302635,194080,18.16,21.57,23.45,0.99,1.92,1.03,Tuesday,July,2021,0,0,0
7/14/2021,291435,305465,195113,18.12,22.96,24.38,1.26,2.37,1.38,Wednesday,July,2021,0,0,0
7/15/2021,286622,297466,196453,17.73,23.42,24.79,1.65,1.82,2.35,Thursday,July,2021,0,0,0
7/16/2021,286714,286288,194346,16.94,21.84,21.66,1.69,3.23,3.6,Friday,July,2021,0,0,0
7/17/2021,273802,259980,180743,16.76,21.74,20.98,2.2,2.37,2.8,Saturday,July,2021,0,0,0
7/18/2021,268073,255682,176919,14.16,19.04,19.43,2.12,2.25,6.22,Sunday,July,2021,0,0,0
7/19/2021,287887,273325,187736,14.02,18.06,16.86,1.7,2.47,5.33,Monday,July,2021,0,0,0
7/20/2021,287175,270741,188888,14.20,17.92,15.57,1.6,2.7,6.09,Tuesday,July,2021,0,0,0
7/21/2021,287922,274045,190120,14.37,17.98,15.21,1.66,2.4,5.05,Wednesday,July,2021,0,0,0
7/22/2021,289144,274440,190717,15.82,19.43,16.85,1.15,2.72,6.32,Thursday,July,2021,0,0,0
7/23/2021,285443,274531,188366,16.45,18.70,15.84,1.43,2.27,4.46,Friday,July,2021,0,0,0
7/24/2021,271297,263535,180964,17.65,20.28,16.72,1.24,1.65,2.94,Saturday,July,2021,0,0,0
7/25/2021,259655,256645,178451,18.97,21.20,19.93,1.41,1.98,2.86,Sunday,July,2021,0,0,0
7/26/2021,277141,282365,193620,19.03,21.58,22.03,1.85,2.21,1.95,Monday,July,2021,0,0,0
7/27/2021,280139,282884,193034,17.56,21.23,23.13,1.86,2.56,3.65,Tuesday,July,2021,0,0,0
7/28/2021,277677,287882,194262,16.47,19.37,20.71,1.59,1.5,4.85,Wednesday,July,2021,0,0,0
7/29/2021,278044,280201,194076,14.79,17.38,19.35,1.54,3.46,6.73,Thursday,July,2021,0,0,0
7/30/2021,278731,281345,193857,15.62,16.86,16.36,1.25,2.48,7.57,Friday,July,2021,0,0,0
7/31/2021,274703,266543,184007,13.75,17.04,16.98,1.43,2.45,5.4,Saturday,July,2021,0,0,0
8/1/2021,276644,263960,179800,12.40,16.27,16.67,2.16,2.72,5.19,Sunday,August,2021,0,0,0
8/2/2021,295896,285938,192936,12.26,14.85,16.34,1.76,2.43,3.59,Monday,August,2021,0,0,0
8/3/2021,297180,287701,193086,12.38,15.23,13.90,0.95,2.46,5.36,Tuesday,August,2021,0,0,0
8/4/2021,294326,289285,193699,13.22,15.97,14.66,1.46,1.77,4.05,Wednesday,August,2021,0,0,0
8/5/2021,295643,285207,195210,13.91,16.74,15.73,1.61,2.17,1.18,Thursday,August,2021,0,0,0
8/6/2021,288525,283247,195186,15.65,17.12,16.89,2.11,2.82,4.49,Friday,August,2021,0,0,0
8/7/2021,275435,262008,183813,15.50,16.19,16.35,1.73,2.78,7.65,Saturday,August,2021,0,0,0
8/8/2021,269831,266209,180363,15.25,16.27,17.21,1.2,2.53,2.96,Sunday,August,2021,0,0,0
8/9/2021,293017,298339,197412,15.20,16.45,17.16,1.58,2.51,3.99,Monday,August,2021,0,0,0
8/10/2021,296737,302492,196240,15.11,16.26,16.78,1.76,2.38,4.1,Tuesday,August,2021,0,0,0
8/11/2021,298922,308644,200016,14.99,16.55,17.06,1.16,1.57,2.1,Wednesday,August,2021,0,0,0
8/12/2021,298844,308787,200671,15.15,17.61,17.50,1.82,2.02,1.99,Thursday,August,2021,0,0,0
8/13/2021,298714,300247,202248,14.47,18.17,18.05,2.3,2.93,4.91,Friday,August,2021,0,0,0
8/14/2021,284551,273358,184833,12.93,15.95,16.38,2.14,4.32,6.86,Saturday,August,2021,0,0,0
8/15/2021,287160,279080,180704,12.72,15.61,14.27,1.7,4.43,8.81,Sunday,August,2021,0,0,0
8/16/2021,308217,321173,199422,12.44,14.70,15.40,1.58,2.04,4.69,Monday,August,2021,0,0,0
8/17/2021,308287,322792,202981,13.28,13.83,16.34,3.02,1.96,5.09,Tuesday,August,2021,0,0,0
8/18/2021,309319,326365,204769,12.85,14.32,14.76,2.18,3.39,9.46,Wednesday,August,2021,0,0,0
8/19/2021,311175,319501,204496,12.68,14.85,14.08,1.94,3.65,8.75,Thursday,August,2021,0,0,0
8/20/2021,312616,309706,205073,12.20,14.65,14.16,1.48,2.35,6.45,Friday,August,2021,0,0,0
8/21/2021,294570,274411,194621,12.08,14.28,13.66,1.31,2.82,4.3,Saturday,August,2021,0,0,0
8/22/2021,290447,282899,190210,12.33,14.58,12.58,0.78,2.41,4.52,Sunday,August,2021,0,0,0
8/23/2021,315299,327966,198996,13.08,14.53,10.74,1.2,2.65,6.21,Monday,August,2021,0,0,0
8/24/2021,316978,320328,197857,13.46,14.64,10.63,1.19,2.23,4.66,Tuesday,August,2021,0,0,0
8/25/2021,302882,319907,207664,13.99,14.46,10.91,3.79,3.7,9.14,Wednesday,August,2021,0,0,0
8/26/2021,308526,328137,207449,12.87,12.50,12.19,4.48,4.37,8.36,Thursday,August,2021,0,0,0
8/27/2021,307337,323402,207132,13.25,13.84,12.68,2.88,4.2,7.27,Friday,August,2021,0,0,0
8/28/2021,289731,297614,194913,13.95,14.17,14.52,2.12,3.81,5.48,Saturday,August,2021,0,0,0
8/29/2021,286495,293127,182311,14.83,15.81,14.69,1.5,3.06,4.39,Sunday,August,2021,0,0,0
8/30/2021,307847,320607,199213,14.53,15.49,14.01,1.26,2.4,3.78,Monday,August,2021,0,0,0
8/31/2021,305398,316219,200616,13.90,15.24,13.96,1.74,3.11,3.26,Tuesday,August,2021,0,0,0
9/1/2021,303547,318224,200258,13.50,14.56,11.42,1.72,3.43,6.18,Wednesday,September,2021,0,0,0
9/2/2021,311891,318139,207572,13.45,14.74,9.94,2,3.24,6.45,Thursday,September,2021,0,0,0
9/3/2021,307899,316976,208047,11.89,13.77,9.02,1.77,3.29,7.66,Friday,September,2021,0,0,0
9/4/2021,298084,296870,196760,10.49,11.67,8.11,1.44,2.84,5.88,Saturday,September,2021,0,0,0
9/5/2021,293219,295979,198893,12.00,12.23,8.87,1.73,2.09,5.01,Sunday,September,2021,0,0,0
9/6/2021,313504,328123,207533,12.65,13.96,10.76,1.56,2.37,4.25,Monday,September,2021,0,0,0
9/7/2021,307960,325317,206919,14.07,14.95,12.07,1.64,2.82,5.1,Tuesday,September,2021,0,0,0
9/8/2021,299827,324614,204312,15.07,16.84,14.11,1.61,2.99,6.27,Wednesday,September,2021,0,0,0
9/9/2021,305871,329567,204721,15.03,17.13,12.67,0.9,2.44,4.95,Thursday,September,2021,0,0,0
9/10/2021,310219,322717,202980,14.26,16.25,11.43,1.63,1.9,4.24,Friday,September,2021,0,0,0
9/11/2021,294457,292348,190832,13.60,15.75,12.57,1.38,1.5,1.97,Saturday,September,2021,0,0,0
9/12/2021,289186,283844,188410,12.82,15.55,12.86,1.82,2.48,4.03,Sunday,September,2021,0,0,0
9/13/2021,318315,322449,203836,10.69,13.66,10.71,1.54,3.08,7.3,Monday,September,2021,0,0,0
9/14/2021,319186,332348,212490,10.56,12.75,7.77,0.91,1.86,7.74,Tuesday,September,2021,0,0,0
9/15/2021,322097,330893,213960,10.90,12.66,7.39,1.47,2.02,4.54,Wednesday,September,2021,0,0,0
9/16/2021,326687,340196,215759,10.23,11.34,7.14,1.96,3.17,3.28,Thursday,September,2021,0,0,0
9/17/2021,325178,339302,216592,9.87,10.88,7.31,1.96,3.47,6.5,Friday,September,2021,0,0,0
9/18/2021,313824,313002,203570,9.66,10.45,7.60,1.32,3.07,6.01,Saturday,September,2021,0,0,0
9/19/2021,308150,314996,197918,9.83,9.58,7.20,1.24,3.03,7.58,Sunday,September,2021,0,0,0
9/20/2021,337850,352958,213670,8.96,9.11,6.43,1.25,2.32,7.35,Monday,September,2021,0,0,0
9/21/2021,334186,358597,218970,9.94,9.46,6.02,1.72,1.66,4.22,Tuesday,September,2021,0,0,0
9/22/2021,325392,344389,218284,11.24,11.61,6.38,2,2.52,2.67,Wednesday,September,2021,0,0,0
9/23/2021,322413,345178,220201,9.27,11.63,7.07,2.29,3.82,7.51,Thursday,September,2021,0,0,0
9/24/2021,337599,338395,220617,9.06,11.25,8.00,2.08,3.55,7.13,Friday,September,2021,0,0,0
9/25/2021,316372,298207,205862,10.00,12.44,8.55,1.99,2.73,5.02,Saturday,September,2021,0,0,0
9/26/2021,308240,303405,198616,11.14,11.43,8.62,1.26,1.73,3.59,Sunday,September,2021,0,0,0
9/27/2021,320334,324916,217147,12.15,12.81,8.50,2.74,3.16,2.6,Monday,September,2021,0,0,0
9/28/2021,322007,340557,216691,11.11,12.02,8.20,1.94,3.96,4.35,Tuesday,September,2021,0,0,0
9/29/2021,328053,349023,216534,10.22,11.58,8.14,1.84,3.75,4.38,Wednesday,September,2021,0,0,0
9/30/2021,334920,349207,218292,9.66,10.98,8.15,2.48,3.92,6.04,Thursday,September,2021,0,0,0
10/1/2021,332220,332370,219401,9.96,11.46,8.92,3.3,4.92,4.89,Friday,October,2021,0,0,0
10/2/2021,309872,305020,202780,10.13,11.77,9.27,2.1,4.58,5.15,Saturday,October,2021,0,0,0
10/3/2021,308650,303367,196275,10.45,13.02,9.81,3.72,4.84,6.55,Sunday,October,2021,0,0,0
10/4/2021,323668,336836,211369,10.50,12.83,10.37,2.87,2.66,7.17,Monday,October,2021,0,0,0
10/5/2021,329748,339073,214804,10.11,11.37,9.86,2.1,2.26,6.56,Tuesday,October,2021,0,0,0
10/6/2021,341052,347866,212274,9.04,12.16,10.41,1.99,3.91,8.19,Wednesday,October,2021,0,0,0
10/7/2021,340666,340130,211575,8.95,11.38,10.29,1.47,2.62,7.69,Thursday,October,2021,0,0,0
10/8/2021,330461,330852,214669,10.59,10.99,10.08,2.17,2.61,5.54,Friday,October,2021,0,0,0
10/9/2021,308785,301522,200229,11.10,10.78,10.66,1.94,2.64,5.17,Saturday,October,2021,0,0,0
10/10/2021,314301,310157,197455,9.33,10.19,10.36,2.19,3.7,7.47,Sunday,October,2021,0,0,0
10/11/2021,345630,352302,213602,6.43,9.16,8.90,2.01,2.93,8.7,Monday,October,2021,0,0,0
10/12/2021,360927,364828,218972,5.32,6.90,6.68,2.15,2.77,4.04,Tuesday,October,2021,0,0,0
10/13/2021,375237,378123,222463,4.48,5.98,4.82,1.5,2.65,2.19,Wednesday,October,2021,0,0,0
10/14/2021,363196,376834,229414,7.21,9.15,5.08,2.37,3.51,5,Thursday,October,2021,0,0,0
10/15/2021,364994,359852,227420,5.60,8.72,7.01,2.69,4.57,9.01,Friday,October,2021,0,0,0
10/16/2021,357593,344253,218602,4.99,7.53,4.90,2.22,3.55,9.17,Saturday,October,2021,0,0,0
10/17/2021,363380,346004,216158,3.53,5.97,4.05,1.87,3.04,7.87,Sunday,October,2021,0,0,0
10/18/2021,398038,399749,234019,2.41,4.19,3.00,1.38,2.87,7.64,Monday,October,2021,0,0,0
10/19/2021,390486,390410,241475,3.38,6.42,0.90,0.97,2.45,4.7,Tuesday,October,2021,0,0,0
10/20/2021,374804,365299,237378,6.49,11.30,4.82,1.94,4.03,9.07,Wednesday,October,2021,0,0,0
10/21/2021,381086,376640,225634,3.66,8.12,7.03,2.66,3.41,7.74,Thursday,October,2021,0,0,0
10/22/2021,393966,390153,236435,3.26,5.50,3.55,2.67,4.1,12.56,Friday,October,2021,0,0,0
10/23/2021,373063,361255,234977,3.57,4.38,0.57,1.9,3.24,7.32,Saturday,October,2021,0,0,0
10/24/2021,359294,355095,235571,6.22,6.56,0.84,2.44,3.08,5,Sunday,October,2021,0,0,0
10/25/2021,369229,382620,234939,6.95,7.12,5.70,2.54,3.23,8.55,Monday,October,2021,0,0,0
10/26/2021,374818,379254,230103,5.66,8.00,6.53,1.74,2.82,6.13,Tuesday,October,2021,0,0,0
10/27/2021,366858,378007,232753,7.74,9.47,5.39,1.94,3.06,6.11,Wednesday,October,2021,0,0,0
10/28/2021,364836,371364,235008,8.85,10.80,6.58,2.75,3.3,5.3,Thursday,October,2021,0,0,0
10/29/2021,355860,362674,230124,8.98,8.83,8.59,2.54,2.84,7.48,Friday,October,2021,0,0,0
10/30/2021,341252,339859,219093,7.84,8.60,7.45,2.44,2.13,5.15,Saturday,October,2021,0,0,0
10/31/2021,348481,346887,220729,7.01,8.80,7.33,2.14,2.4,5.58,Sunday,October,2021,0,0,0
11/1/2021,362914,360165,228150,7.27,9.30,7.46,3.23,3.11,4.78,Monday,November,2021,0,0,0
11/2/2021,363413,371011,231607,6.88,7.88,5.85,2.23,2.13,6.38,Tuesday,November,2021,0,0,0
11/3/2021,382702,386192,234002,4.96,6.94,5.46,0.89,2.31,5.83,Wednesday,November,2021,0,0,0
11/4/2021,393357,386471,227810,3.40,6.30,6.16,1.46,2.18,5.06,Thursday,November,2021,0,0,0
11/5/2021,395986,377882,234657,3.39,5.93,4.91,1.78,2.9,5.74,Friday,November,2021,0,0,0
11/6/2021,378039,352390,225424,3.53,6.06,3.01,1.77,2.94,6.05,Saturday,November,2021,0,1,1
11/7/2021,384464,361819,232773,2.64,5.42,1.36,2.04,3.41,5.71,Sunday,November,2021,0,0,0
11/8/2021,420459,431177,254170,1.53,2.20,-1.33,1.55,2.97,8.1,Monday,November,2021,0,0,0
11/9/2021,402709,430010,262960,4.89,4.57,-0.54,2.34,3.72,6.44,Tuesday,November,2021,0,0,0
11/10/2021,390670,385197,242152,4.88,8.24,5.08,2.01,3.7,8.91,Wednesday,November,2021,0,0,0
11/11/2021,403986,398134,241296,3.93,6.22,3.78,2.57,3.55,6.94,Thursday,November,2021,0,0,0
11/12/2021,411467,402721,244034,2.03,4.49,2.83,1.64,2.72,7.43,Friday,November,2021,0,0,0
11/13/2021,395828,381624,240744,2.14,4.37,0.88,1.6,1.79,2.01,Saturday,November,2021,0,0,0
11/14/2021,398845,381412,238137,1.03,4.12,-0.94,1.23,1.66,3.27,Sunday,November,2021,0,0,0
11/15/2021,420318,413534,258538,3.62,4.38,0.35,1.64,2.72,5.11,Monday,November,2021,0,0,0
11/16/2021,396111,414349,243732,5.46,4.84,3.43,2.4,2.77,7.22,Tuesday,November,2021,0,0,0
11/17/2021,395730,416557,241868,4.10,4.89,4.15,2.27,2.74,6.66,Wednesday,November,2021,0,0,0
11/18/2021,417556,411066,239745,2.68,4.78,2.43,1.71,2.69,7.22,Thursday,November,2021,0,0,0
11/19/2021,401804,394922,247562,5.33,8.08,1.00,2.55,3.37,5.24,Friday,November,2021,0,0,0
11/20/2021,386264,375168,237980,3.14,6.25,1.24,1.77,3.06,8.27,Saturday,November,2021,0,0,0
11/21/2021,403657,397737,240788,0.09,1.87,-1.38,2.18,3.03,5.99,Sunday,November,2021,0,0,0
11/22/2021,439382,461380,269561,0.19,0.29,-3.49,1.94,3.11,5.53,Monday,November,2021,0,0,0
11/23/2021,425308,440620,268743,2.06,2.19,-2.01,1.79,2.86,4.3,Tuesday,November,2021,0,0,0
11/24/2021,416863,429790,259321,2.37,4.46,-0.42,1.87,2.63,6.51,Wednesday,November,2021,0,0,0
11/25/2021,443189,438613,262580,-1.55,3.36,-0.61,1.68,3.15,6.4,Thursday,November,2021,0,0,0
11/26/2021,464625,475041,270681,-3.63,-1.53,-5.01,1.23,1.87,4.55,Friday,November,2021,0,0,0
11/27/2021,456548,445312,277610,-4.90,-1.04,-7.59,1.83,2.76,7.31,Saturday,November,2021,0,0,0
11/28/2021,459927,442381,278043,-5.95,-1.72,-8.79,2.02,2.74,7.18,Sunday,November,2021,0,0,0
11/29/2021,494882,495510,293994,-6.31,-3.80,-8.89,1.22,2.61,7.65,Monday,November,2021,0,0,0
11/30/2021,492077,513684,301128,-5.36,-5.05,-8.15,1.72,2.79,8,Tuesday,November,2021,0,0,0
12/1/2021,504524,532287,298830,-7.19,-5.30,-7.51,1.75,1.77,6.58,Wednesday,December,2021,0,0,0
12/2/2021,504034,521445,300891,-6.53,-4.35,-9.45,1.89,2.93,5.75,Thursday,December,2021,0,0,0
12/3/2021,510577,523163,303475,-8.06,-5.50,-7.86,1.59,1.84,6.46,Friday,December,2021,0,0,0
12/4/2021,479902,476605,294238,-6.35,-3.39,-10.37,1.87,2.36,5.25,Saturday,December,2021,0,0,0
12/5/2021,475895,485105,309677,-7.78,-4.82,-16.34,2.02,3.09,6.86,Sunday,December,2021,0,0,0
12/6/2021,519439,556234,307135,-9.17,-8.10,-13.28,1.62,2.09,4.84,Monday,December,2021,0,0,1
12/7/2021,514720,560448,319891,-7.98,-8.03,-13.30,1.7,1.26,2.9,Tuesday,December,2021,0,0,0
12/8/2021,501893,520726,325876,-5.69,-3.19,-13.43,2.07,2.68,1.52,Wednesday,December,2021,0,0,0
12/9/2021,488089,493356,315911,-3.68,-1.00,-10.51,1.67,3.71,4.94,Thursday,December,2021,0,0,0
12/10/2021,474785,484916,301574,-3.33,0.04,-6.13,1.82,2.76,8.79,Friday,December,2021,0,0,0
12/11/2021,447403,442456,273152,-3.46,-0.34,-1.96,1.24,1.73,6.55,Saturday,December,2021,0,0,0
12/12/2021,429429,444676,259008,-0.57,-0.76,-1.15,1.37,1.4,2.2,Sunday,December,2021,0,0,0
12/13/2021,443675,465829,270521,0.86,1.07,-0.71,1.46,2.41,4.82,Monday,December,2021,0,0,0
12/14/2021,433564,444066,262748,0.04,2.27,0.62,1.84,2.68,6.87,Tuesday,December,2021,0,0,0
12/15/2021,421743,433478,263629,3.01,5.07,0.80,2.08,3.23,6.02,Wednesday,December,2021,0,0,0
12/16/2021,424924,436805,263065,2.49,3.89,0.15,2.69,4.31,6,Thursday,December,2021,0,0,0
12/17/2021,425295,434803,267373,2.01,1.94,-1.30,2.06,3.17,5.64,Friday,December,2021,0,0,0
12/18/2021,398556,398962,254638,2.67,3.72,0.84,2.01,3.47,5.02,Saturday,December,2021,0,0,0
12/19/2021,408414,413016,256629,0.10,2.13,-2.86,3.34,4.42,8.27,Sunday,December,2021,0,0,0
12/20/2021,450502,475119,294777,-3.12,-1.75,-10.62,2.15,3.07,8.25,Monday,December,2021,0,0,0
12/21/2021,463480,508702,301773,-4.10,-5.04,-12.77,0.72,2.23,6.22,Tuesday,December,2021,0,0,0
12/22/2021,465436,513415,302239,-3.28,-4.29,-10.39,1.25,1.63,5.09,Wednesday,December,2021,0,0,0
12/23/2021,460511,469815,278125,-4.32,-2.01,-4.74,1.51,3.08,9.69,Thursday,December,2021,0,0,0
12/24/2021,462044,458438,274679,-7.41,-6.33,-11.02,2.63,3.7,5.75,Friday,December,2021,0,0,0
12/25/2021,449845,466586,278050,-7.75,-6.24,-11.66,2.56,3.43,6.14,Saturday,December,2021,1,1,1
12/26/2021,455257,474367,286666,-7.94,-6.02,-12.94,1.9,2.41,6.59,Sunday,December,2021,1,1,1
12/27/2021,488502,505211,300670,-8.23,-5.37,-12.14,1.09,1.79,2.94,Monday,December,2021,0,0,0
12/28/2021,483829,486691,294574,-6.31,-1.74,-7.26,1.65,2.98,5.63,Tuesday,December,2021,0,0,0
12/29/2021,480621,472130,278887,-6.35,-1.20,-4.55,1.47,1.59,7.65,Wednesday,December,2021,0,0,0
12/30/2021,452809,432869,267960,-1.36,2.39,-2.89,1.44,3.16,6.91,Thursday,December,2021,0,0,0
12/31/2021,429843,394506,258947,-1.81,2.93,-2.65,1.23,2,5.08,Friday,December,2021,0,0,0
1/1/2022,428886,404491,257885,-3.04,-0.13,-7.85,1.78,2.23,5.7,Saturday,January,2022,1,1,1
1/2/2022,413104,400067,263584,0.11,3.58,-8.48,1.3,2.37,5.83,Sunday,January,2022,0,0,0
1/3/2022,439935,443504,273092,-0.28,3.39,-5.81,1.76,2.27,4.03,Monday,January,2022,0,0,0
1/4/2022,467396,472665,268518,-3.94,0.55,-4.35,1.53,3.18,4.8,Tuesday,January,2022,0,0,0
1/5/2022,475450,481731,262314,-5.57,-1.47,-3.93,2.48,2.54,2.64,Wednesday,January,2022,0,0,0
1/6/2022,488292,478721,267536,-8.15,-4.65,-9.45,1.53,3.11,6.51,Thursday,January,2022,0,1,1
1/7/2022,495185,494270,280056,-6.11,-3.68,-10.27,1.71,2.07,6.88,Friday,January,2022,0,0,0
1/8/2022,464375,449921,282471,-4.84,-1.01,-11.19,1.75,1.7,4.15,Saturday,January,2022,0,0,0
1/9/2022,454789,453930,273431,-4.53,-1.58,-9.93,2.02,2.17,3.44,Sunday,January,2022,0,0,0
1/10/2022,472301,494233,303814,-4.10,-2.06,-14.50,1.83,1.74,4.48,Monday,January,2022,0,0,0
1/11/2022,461206,495056,305224,-0.17,-1.10,-10.81,2.6,3.18,4.35,Tuesday,January,2022,0,0,0
1/12/2022,439613,469402,272966,2.01,2.28,-1.14,2.43,3.6,8.38,Wednesday,January,2022,0,0,0
1/13/2022,424357,440356,253978,4.23,5.65,2.38,2.63,4.81,7.86,Thursday,January,2022,0,0,0
1/14/2022,433005,439628,256931,0.92,3.71,-0.67,3.84,5.78,9.53,Friday,January,2022,0,0,0
1/15/2022,430779,433099,246758,-1.71,-0.35,-3.24,1.86,3.31,7.03,Saturday,January,2022,0,0,0
1/16/2022,422339,421990,243561,0.03,2.49,-1.41,3.02,3.91,7.79,Sunday,January,2022,0,0,0
1/17/2022,457544,472072,264627,-1.30,0.91,-3.86,3.45,4.78,8.25,Monday,January,2022,0,0,0
1/18/2022,448022,469368,273905,-0.29,0.48,-4.83,1.87,2.86,6.57,Tuesday,January,2022,0,0,0
1/19/2022,437621,449535,264527,0.44,3.01,0.47,3.34,3.96,7.39,Wednesday,January,2022,0,0,0
1/20/2022,473396,489866,264315,-2.78,-1.17,-1.31,3.77,6.62,7.4,Thursday,January,2022,0,0,0
1/21/2022,462113,485437,269532,-1.59,-1.91,-4.13,1.8,4.58,10.08,Friday,January,2022,0,0,0
1/22/2022,428155,449343,265757,0.38,-2.71,-8.05,1.51,2.38,5.68,Saturday,January,2022,0,0,0
1/23/2022,411331,426818,251617,1.24,1.22,-2.51,1.76,2.39,5.27,Sunday,January,2022,0,0,0
1/24/2022,438014,448768,256119,0.98,3.11,0.46,2.06,3.42,8.07,Monday,January,2022,0,0,0
1/25/2022,447112,459930,261267,-1.08,0.51,-4.24,1.77,2.1,4.85,Tuesday,January,2022,0,0,0
1/26/2022,440961,449311,269458,0.39,1.81,-4.16,2.18,2.81,6.43,Wednesday,January,2022,0,0,0
1/27/2022,433999,446521,257124,1.08,2.52,-1.69,3.12,2.7,4.68,Thursday,January,2022,0,0,0
1/28/2022,447039,445741,261892,-1.04,0.58,-3.43,2.55,4.06,6.57,Friday,January,2022,0,0,0
1/29/2022,420355,424921,256136,1.58,3.18,-3.87,3.67,3.88,8.82,Saturday,January,2022,0,0,0
1/30/2022,425171,441145,249052,-0.88,1.39,-4.05,4.21,6.85,7.94,Sunday,January,2022,0,0,0
1/31/2022,475195,495465,273991,-4.58,-3.27,-7.70,1.23,3.4,6.54,Monday,January,2022,0,0,0
2/1/2022,487018,512322,284614,-4.40,-3.63,-9.40,1.37,1.95,3.01,Tuesday,February,2022,0,0,0
2/2/2022,484211,513255,284632,-5.50,-3.93,-9.90,1.57,2.18,1.78,Wednesday,February,2022,0,0,0
2/3/2022,487813,507422,293026,-4.30,-1.98,-11.41,1.52,1.45,1.61,Thursday,February,2022,0,0,0
2/4/2022,465858,464511,285934,-0.90,2.23,-7.39,2.39,3.85,7.9,Friday,February,2022,0,0,0
2/5/2022,440839,423752,252894,-1.44,0.95,-2.90,2.6,3,6.76,Saturday,February,2022,0,0,0
2/6/2022,428609,425735,241051,-1.70,1.40,-1.59,2.25,3.48,6.69,Sunday,February,2022,0,0,0
2/7/2022,453770,461430,249849,-1.29,0.09,-1.10,2.23,2.68,3.76,Monday,February,2022,0,0,0
2/8/2022,437884,446950,252149,0.53,2.26,-2.29,2.27,2.99,4.48,Tuesday,February,2022,0,0,0
2/9/2022,443055,448836,250397,0.25,2.85,-1.92,3.2,4.22,6.25,Wednesday,February,2022,0,0,0
2/10/2022,447688,470734,248855,-1.23,1.73,-1.92,2.61,4.03,6.94,Thursday,February,2022,0,0,0
2/11/2022,459318,455705,258026,-3.38,-0.82,-4.62,2.15,2.72,5.85,Friday,February,2022,0,0,0
2/12/2022,429988,431125,250945,-0.22,0.74,-4.55,2.74,4.66,7.58,Saturday,February,2022,0,0,0
2/13/2022,403897,424240,242356,1.45,2.06,-1.00,2.71,4.89,9.21,Sunday,February,2022,0,0,0
2/14/2022,443638,456757,252748,0.24,2.81,-0.71,1.83,2.28,7.19,Monday,February,2022,0,0,0
2/15/2022,447699,445687,256744,-0.71,2.93,-0.89,1.85,3.15,6.86,Tuesday,February,2022,0,0,0
2/16/2022,447324,464460,249347,-1.36,2.04,0.02,1.33,3.08,7.59,Wednesday,February,2022,0,0,0
2/17/2022,452687,467112,250880,-1.92,1.25,-0.25,1.69,3.91,6.51,Thursday,February,2022,0,0,0
2/18/2022,448336,451790,257244,-2.06,0.94,-3.06,1.87,2.68,8.12,Friday,February,2022,0,0,0
2/19/2022,433370,429769,246439,-3.06,0.23,-3.94,2,2.89,5.65,Saturday,February,2022,0,0,0
2/20/2022,441301,436307,240321,-3.89,-0.55,-4.68,2.04,2.32,4.43,Sunday,February,2022,0,0,0
2/21/2022,460681,486857,259957,-2.33,0.47,-4.66,3.25,5.43,7.15,Monday,February,2022,0,0,0
2/22/2022,473803,494378,266170,-4.08,-3.07,-6.27,1.87,3.95,5.95,Tuesday,February,2022,0,0,0
2/23/2022,459204,471502,280158,-0.95,0.59,-9.01,2.82,2.62,3.34,Wednesday,February,2022,0,0,0
2/24/2022,447656,453454,257738,-0.28,3.29,0.36,2.53,4.28,10.34,Thursday,February,2022,0,0,0
2/25/2022,444766,446074,250544,-1.31,1.08,0.01,2.12,2.88,8.17,Friday,February,2022,0,0,0
2/26/2022,435472,418845,241883,-1.35,-0.80,-4.36,1.94,2.53,4.97,Saturday,February,2022,0,0,0
2/27/2022,403451,408354,236309,1.51,0.61,-2.45,2.4,3.36,5.86,Sunday,February,2022,0,0,0
2/28/2022,433867,442022,242493,0.54,0.36,-1.21,2.75,2.95,5.73,Monday,February,2022,0,0,0
3/1/2022,421142,451625,241477,2.01,1.04,-0.37,2.28,3.3,6.93,Tuesday,March,2022,0,0,0
3/2/2022,419346,442771,238662,1.22,1.44,-0.59,1.96,2.47,5.17,Wednesday,March,2022,0,0,0
3/3/2022,428371,440462,242581,-0.67,0.58,-1.71,1.51,2.91,4.66,Thursday,March,2022,0,0,0
3/4/2022,437730,446968,254570,-1.82,-1.44,-5.39,1.42,1.62,4.33,Friday,March,2022,0,0,0
3/5/2022,422213,424236,244458,-1.43,-1.28,-5.44,1.54,2.77,4.08,Saturday,March,2022,0,0,0
3/6/2022,405599,401378,230672,-0.62,0.56,-2.48,2.03,2.83,5.77,Sunday,March,2022,0,0,0
3/7/2022,424146,432328,250709,0.22,1.41,-3.79,1.65,2.26,4.13,Monday,March,2022,0,0,0
3/8/2022,426838,451003,257052,-0.45,0.51,-4.26,1.15,2.05,5.39,Tuesday,March,2022,0,0,0
3/9/2022,427114,448961,255323,-0.54,0.43,-5.53,1.2,1.98,4.22,Wednesday,March,2022,0,0,0
3/10/2022,420347,445320,253301,0.77,1.08,-3.19,1.72,3.24,5.88,Thursday,March,2022,0,0,0
3/11/2022,409537,427383,243777,0.96,1.06,-0.40,1.52,2.9,5.32,Friday,March,2022,0,0,0
3/12/2022,394718,391957,229543,0.40,1.47,-0.75,1.42,2,2.13,Saturday,March,2022,0,0,0
3/13/2022,386671,392756,226575,1.06,1.99,-0.97,1.35,1.96,3.38,Sunday,March,2022,0,0,0
3/14/2022,404759,419960,239651,1.28,2.18,-1.26,1.23,2.25,3.3,Monday,March,2022,0,0,0
3/15/2022,409422,427300,240641,1.16,1.82,-1.39,1.39,2.06,2.18,Tuesday,March,2022,0,0,0
3/16/2022,407258,427060,237679,1.65,2.03,-1.45,1.21,1.44,2.58,Wednesday,March,2022,0,0,0
3/17/2022,409669,432361,232879,1.91,3.11,-0.49,1.97,3.34,3.02,Thursday,March,2022,0,0,0
3/18/2022,398753,411726,236677,2.43,4.06,0.24,2.04,3.19,5.62,Friday,March,2022,0,0,0
3/19/2022,376596,375270,218718,2.74,3.41,1.55,1.18,2.34,3.57,Saturday,March,2022,0,0,0
3/20/2022,363526,370113,207303,2.70,3.63,2.47,1.48,1.67,4.2,Sunday,March,2022,0,0,0
3/21/2022,397065,400240,223441,1.74,3.58,1.64,1.41,2.46,4.36,Monday,March,2022,0,0,0
3/22/2022,396299,407590,224817,1.81,3.58,0.55,1.61,2.41,4.51,Tuesday,March,2022,0,0,0
3/23/2022,395530,395950,223696,2.16,3.81,0.38,1.66,3.02,4,Wednesday,March,2022,0,0,0
3/24/2022,388278,397137,225119,3.75,4.99,2.06,1.6,2.43,4.47,Thursday,March,2022,0,0,0
3/25/2022,381259,375381,228011,4.41,6.85,2.01,2.34,3.23,5.32,Friday,March,2022,0,0,0
3/26/2022,365877,363149,227865,2.69,4.96,-1.69,2.3,5.06,10.58,Saturday,March,2022,0,0,0
3/27/2022,348202,350932,220243,3.62,4.43,-4.35,2.29,3.14,6.54,Sunday,March,2022,0,0,0
3/28/2022,383223,391775,238910,2.43,5.73,-1.30,3.19,4.91,6.53,Monday,March,2022,0,0,0
3/29/2022,405351,422864,244832,-1.09,0.38,-5.79,1.72,2.81,3.78,Tuesday,March,2022,0,0,0
3/30/2022,414293,440943,244317,-1.69,-0.60,-4.31,1.86,2.43,5.55,Wednesday,March,2022,0,0,0
3/31/2022,413941,437947,245308,-1.52,-0.53,-4.46,1.91,1.28,2.49,Thursday,March,2022,0,0,0
4/1/2022,416395,432579,247184,-1.66,-0.68,-5.09,0.96,2.09,1.87,Friday,April,2022,0,0,0
4/2/2022,398383,401665,237596,-0.76,0.04,-3.88,1.53,2.02,2.9,Saturday,April,2022,0,0,0
4/3/2022,388067,386465,226144,0.52,1.86,-2.52,1.98,2.59,4.25,Sunday,April,2022,0,0,0
4/4/2022,410591,423005,241859,-0.19,1.42,-1.28,2.44,2.78,7.72,Monday,April,2022,0,0,0
4/5/2022,419953,437319,246887,-1.41,0.43,-1.62,2.18,4.98,9.89,Tuesday,April,2022,0,0,0
4/6/2022,413791,434120,247806,-1.14,1.28,-2.55,1.24,3.11,7.01,Wednesday,April,2022,0,0,0
4/7/2022,416325,430716,240657,-0.83,2.22,-0.96,2.92,3.17,4.41,Thursday,April,2022,0,0,0
4/8/2022,410441,438551,236786,-0.64,1.04,1.78,3.73,3.82,7.3,Friday,April,2022,0,0,0
4/9/2022,389301,398549,221605,1.28,1.75,0.68,3.02,4.06,7.64,Saturday,April,2022,0,0,0
4/10/2022,371325,371575,214268,2.32,3.33,0.88,3.24,3,6.83,Sunday,April,2022,0,0,0
4/11/2022,391197,405802,225187,1.88,3.64,1.81,2.11,2.54,5.45,Monday,April,2022,0,0,0
4/12/2022,386021,401018,220950,2.32,4.03,1.44,1.25,1.53,3.75,Tuesday,April,2022,0,0,0
4/13/2022,384788,401555,218267,2.06,4.95,1.41,1.49,1.92,2.78,Wednesday,April,2022,0,0,0
4/14/2022,365776,402186,223358,3.42,5.51,1.18,1.96,2.42,2.48,Thursday,April,2022,1,0,0
4/15/2022,350169,357309,209845,4.16,4.54,1.37,1.11,3.51,4.71,Friday,April,2022,1,1,1
4/16/2022,341296,335994,206342,4.47,5.58,1.08,1.47,1.46,2.95,Saturday,April,2022,0,0,0
4/17/2022,337156,320411,199488,5.39,6.79,2.28,1.42,1.31,2.85,Sunday,April,2022,1,1,1
4/18/2022,340838,327214,197864,6.04,7.87,3.62,1.13,1.46,2.15,Monday,April,2022,1,1,1
4/19/2022,346217,351755,208065,6.83,8.19,4.63,0.84,2.06,2.73,Tuesday,April,2022,0,0,0
4/20/2022,338358,347118,205123,7.93,8.49,5.27,1.29,2.78,4.57,Wednesday,April,2022,0,0,0
4/21/2022,329758,338491,203008,8.49,9.03,4.84,2.07,3.05,4.85,Thursday,April,2022,0,0,0
4/22/2022,325947,328166,205723,8.55,8.69,4.84,2.3,2.88,2.05,Friday,April,2022,0,0,0
4/23/2022,311898,314570,197262,7.31,7.39,4.05,2.13,3.96,4.5,Saturday,April,2022,0,0,0
4/24/2022,314932,332480,191823,5.77,6.21,3.43,1.94,3.56,6.43,Sunday,April,2022,0,0,0
4/25/2022,338828,360377,208793,6.05,7.18,4.08,1.53,2.13,3.53,Monday,April,2022,0,0,0
4/26/2022,342534,361572,210231,4.56,6.90,2.44,1.76,2.6,4.42,Tuesday,April,2022,0,0,0
4/27/2022,356003,375842,220758,3.38,4.99,0.28,1.35,2.06,3.75,Wednesday,April,2022,0,0,0
4/28/2022,358600,365392,224923,4.43,6.73,1.02,1.92,2.64,4.98,Thursday,April,2022,0,0,0
4/29/2022,355724,359565,222588,4.61,6.54,1.04,1.09,1.96,4.16,Friday,April,2022,0,0,0
4/30/2022,332171,330996,208765,5.27,7.61,2.55,1.03,1.91,4.63,Saturday,April,2022,0,0,0
5/1/2022,320016,312173,198619,6.07,8.37,3.83,1.59,2.09,3.83,Sunday,May,2022,1,1,1
5/2/2022,346985,340615,220085,5.80,9.58,4.99,2.55,3.64,6.43,Monday,May,2022,0,0,0
5/3/2022,354423,349297,218014,4.43,7.83,2.51,1.42,2.86,5.78,Tuesday,May,2022,0,0,0
5/4/2022,355644,350777,217259,4.84,7.95,2.55,2.2,2.37,4.21,Wednesday,May,2022,0,0,0
5/5/2022,337292,342995,211592,7.38,9.96,5.29,1.85,3.05,4.86,Thursday,May,2022,0,0,0
5/6/2022,332153,329656,206593,8.34,11.24,8.08,2.31,2.31,3.92,Friday,May,2022,0,0,0
5/7/2022,313910,297565,198200,6.85,10.45,6.44,2.4,2.86,4.9,Saturday,May,2022,0,0,0
5/8/2022,322073,307769,195159,6.09,8.91,4.49,1.54,2.37,5.21,Sunday,May,2022,0,0,0
5/9/2022,334393,333393,209738,7.94,10.57,6.14,2.67,2.76,4.64,Monday,May,2022,0,0,0
5/10/2022,335083,334168,206509,7.77,11.68,8.88,3.07,3.72,5.93,Tuesday,May,2022,0,0,0
5/11/2022,334813,338945,203919,7.00,11.09,8.11,2.83,4,5.79,Wednesday,May,2022,0,0,0
5/12/2022,334498,334324,202562,7.41,10.92,8.04,2.8,4.06,5.08,Thursday,May,2022,0,0,0
5/13/2022,338159,327753,196550,7.28,10.76,9.20,2.49,3.15,5.16,Friday,May,2022,0,0,0
5/14/2022,318113,295467,184940,8.04,11.15,9.42,2.58,2.44,3.59,Saturday,May,2022,0,0,0
5/15/2022,313108,290467,182645,8.59,11.32,8.32,1.64,2.78,5.52,Sunday,May,2022,0,0,0
5/16/2022,329700,331215,197883,8.42,10.51,7.95,1.79,2.78,5.27,Monday,May,2022,0,0,0
5/17/2022,306620,330665,201721,9.34,10.04,5.99,1.55,2.8,4.75,Tuesday,May,2022,1,0,0
5/18/2022,326052,323432,197046,9.46,12.63,9.32,2.25,3.26,5.41,Wednesday,May,2022,0,0,0
5/19/2022,323991,320226,193319,9.77,15.20,9.13,1.16,2.24,2.96,Thursday,May,2022,0,0,0
5/20/2022,315703,325437,191002,10.87,11.84,9.12,1.89,2.49,5.26,Friday,May,2022,0,0,0
5/21/2022,299372,296871,177807,9.14,10.18,9.62,1.28,2.53,6.29,Saturday,May,2022,0,0,0
5/22/2022,290518,294507,174816,10.26,11.32,10.29,1.1,1.46,3.63,Sunday,May,2022,0,0,0
5/23/2022,305122,324603,192157,10.63,12.05,12.22,2.3,2.05,3.39,Monday,May,2022,0,0,0
5/24/2022,316412,317726,189904,10.33,12.73,13.49,2.81,3.37,2.2,Tuesday,May,2022,0,0,0
5/25/2022,315689,317709,191195,10.05,12.68,14.35,2.46,2.82,3.38,Wednesday,May,2022,0,0,0
5/26/2022,301766,300261,184443,9.42,11.60,10.92,2.06,1.79,2.2,Thursday,May,2022,1,1,1
5/27/2022,315942,310332,188398,7.93,10.40,10.23,2.73,2.17,2.01,Friday,May,2022,0,0,0
5/28/2022,307877,302327,182120,9.33,10.40,10.32,3.32,2.21,1.88,Saturday,May,2022,0,0,0
5/29/2022,306951,295070,176625,8.09,11.55,11.97,1.27,1.88,2.88,Sunday,May,2022,0,0,0
5/30/2022,325128,324513,188774,10.00,11.32,13.28,1.75,1.97,2.43,Monday,May,2022,0,0,0
5/31/2022,312857,327921,190829,11.06,11.13,12.52,1.53,2.73,6.88,Tuesday,May,2022,0,0,0
6/1/2022,313867,323305,189639,10.80,12.05,12.96,1.58,3.07,5.42,Wednesday,June,2022,0,0,0
6/2/2022,316795,329790,191594,10.78,11.50,11.69,1.49,3.32,7.68,Thursday,June,2022,0,0,0
6/3/2022,311739,316963,191781,11.09,13.03,12.21,1.79,2.68,5.96,Friday,June,2022,0,0,0
6/4/2022,292249,281010,174963,11.25,14.27,12.95,1.65,1.95,4.42,Saturday,June,2022,0,0,0
6/5/2022,283304,276739,170033,11.45,15.23,12.55,1.4,2.85,3.76,Sunday,June,2022,1,1,1
6/6/2022,288582,282388,185050,13.37,14.50,12.38,1.75,2.91,2.5,Monday,June,2022,1,1,0
6/7/2022,306238,320132,187333,12.67,14.62,14.55,1.6,2.21,2.54,Tuesday,June,2022,0,0,0
6/8/2022,300834,321304,187147,11.60,14.21,14.48,1.3,2.68,3.47,Wednesday,June,2022,0,0,0
6/9/2022,304745,321025,187126,11.85,15.60,14.63,1.43,2.39,4.16,Thursday,June,2022,0,0,0
6/10/2022,300483,309090,189086,12.80,15.56,15.48,2.34,1.81,2.56,Friday,June,2022,0,0,0
6/11/2022,284396,279577,179622,12.70,15.95,16.89,2.86,2.81,2.95,Saturday,June,2022,0,0,0
6/12/2022,282534,282989,177811,11.71,14.90,15.82,2.59,3.63,4.21,Sunday,June,2022,0,0,0
6/13/2022,305627,319984,192371,11.47,14.13,14.86,2.05,3.08,5.11,Monday,June,2022,0,0,0
6/14/2022,309728,313726,191373,12.37,15.09,15.00,1.47,2.11,2.06,Tuesday,June,2022,0,0,0
6/15/2022,309878,321337,195821,12.62,15.52,15.12,1.26,1.9,5.86,Wednesday,June,2022,0,0,0
6/16/2022,306954,316547,198360,13.32,15.78,12.75,1.08,1.6,5.2,Thursday,June,2022,0,0,0
6/17/2022,300654,302677,196184,13.09,16.82,13.42,2.18,1.86,3.68,Friday,June,2022,0,0,0
6/18/2022,271933,274308,190976,12.02,16.15,13.35,2.61,3.91,4.4,Saturday,June,2022,0,0,0
6/19/2022,265345,286129,202634,11.36,14.30,13.04,1.38,2.24,6.27,Sunday,June,2022,0,0,0
6/20/2022,304279,315357,197269,13.15,14.40,13.42,1.4,2.14,1.62,Monday,June,2022,0,0,0
6/21/2022,306365,313234,192016,12.70,16.31,15.52,1.24,1.62,1.49,Tuesday,June,2022,0,0,0
6/22/2022,306987,322819,189340,13.06,15.90,15.88,1.59,1.63,2.61,Wednesday,June,2022,0,0,0
6/23/2022,299377,304242,190191,14.84,17.49,16.45,2.19,2.58,3.77,Thursday,June,2022,0,0,0
6/24/2022,296541,264036,173505,17.40,19.93,19.14,1.64,2.54,3,Friday,June,2022,0,0,0
6/25/2022,277478,259800,168965,18.63,21.54,21.41,1.69,2.88,1.01,Saturday,June,2022,0,1,1
6/26/2022,272348,269945,171607,17.81,22.50,23.06,1.6,2.48,0.92,Sunday,June,2022,0,0,0
6/27/2022,298045,314577,193097,17.02,22.85,24.11,1.56,2.73,0.83,Monday,June,2022,0,0,0
6/28/2022,292957,316007,194634,16.22,19.61,23.08,1.64,3.02,3.07,Tuesday,June,2022,0,0,0
6/29/2022,292612,317176,193943,16.24,19.01,22.16,1.16,1.74,4.21,Wednesday,June,2022,0,0,0
6/30/2022,291973,319972,192769,17.98,20.58,22.81,1.19,2.46,3.5,Thursday,June,2022,0,0,0
7/1/2022,287025,304295,192034,18.57,20.53,23.27,1.74,2.94,3.31,Friday,July,2022,0,0,0
7/2/2022,270877,271403,182431,15.84,18.56,23.66,2.6,3.37,3.38,Saturday,July,2022,0,0,0
7/3/2022,268057,273297,179587,14.12,18.44,21.38,2.75,2.77,4.17,Sunday,July,2022,0,0,0
7/4/2022,292370,304114,189959,13.25,16.99,20.82,2.44,3.06,2.38,Monday,July,2022,0,0,0
7/5/2022,294666,312793,188094,12.75,15.49,18.49,1.88,3.62,5.95,Tuesday,July,2022,0,0,0
7/6/2022,301782,312249,184546,12.23,15.83,16.75,2.31,2.52,5.87,Wednesday,July,2022,0,0,0
7/7/2022,297795,313830,185284,13.25,15.37,16.16,2.15,1.74,5.04,Thursday,July,2022,0,0,0
7/8/2022,297692,300965,187511,13.67,16.38,16.36,2.02,1.36,2.58,Friday,July,2022,0,0,0
7/9/2022,284627,269868,178044,12.61,16.06,15.97,2.67,2.47,2.19,Saturday,July,2022,0,0,0
7/10/2022,282371,272545,173508,13.15,15.23,16.74,2.39,1.86,1.82,Sunday,July,2022,0,0,0
7/11/2022,289082,293543,183670,14.95,16.77,18.14,1.14,2.38,1.75,Monday,July,2022,0,0,0
7/12/2022,282250,292799,183895,16.46,19.07,20.03,1.96,2.31,4.87,Tuesday,July,2022,0,0,0
7/13/2022,283479,290949,184837,14.15,18.56,18.79,2.08,2.9,3.58,Wednesday,July,2022,0,0,0
7/14/2022,289506,291387,184405,12.60,15.49,16.82,2.13,3.3,6.11,Thursday,July,2022,0,0,0
7/15/2022,292804,286023,185325,11.83,14.30,14.92,1.67,4,4.9,Friday,July,2022,0,0,0
7/16/2022,280739,267297,177154,12.39,14.34,14.00,1.71,3.38,7,Saturday,July,2022,0,0,0
7/17/2022,280148,268523,178427,13.18,15.88,13.73,1.57,2.86,5.78,Sunday,July,2022,0,0,0
7/18/2022,291744,284080,186764,14.75,17.12,15.02,1.65,2.47,3.42,Monday,July,2022,0,0,0
7/19/2022,285434,285543,185110,17.12,19.14,15.87,1.54,1.93,3.38,Tuesday,July,2022,0,0,0
7/20/2022,311582,284077,182309,18.75,21.80,17.73,2.06,2.29,4.81,Wednesday,July,2022,0,0,0
7/21/2022,283424,274654,186648,17.14,23.56,20.91,0.96,2.49,1.93,Thursday,July,2022,0,0,0
7/22/2022,286116,276209,188527,14.62,18.99,21.26,2.32,1.43,3.67,Friday,July,2022,0,0,0
7/23/2022,275928,267986,178533,14.16,16.35,18.22,1.13,2.32,3.79,Saturday,July,2022,0,0,0
7/24/2022,274952,258761,174548,14.08,17.80,17.27,2.41,1.96,2.38,Sunday,July,2022,0,0,0
7/25/2022,280366,286164,185364,14.61,18.35,18.74,3.2,3.45,3.14,Monday,July,2022,0,0,0
7/26/2022,283156,279056,188020,13.65,16.69,18.05,1.85,3.53,5,Tuesday,July,2022,0,0,0
7/27/2022,289593,282236,185412,12.93,15.60,16.93,1.93,2.51,5.78,Wednesday,July,2022,0,0,0
7/28/2022,292371,276211,184634,13.24,15.83,15.41,1.27,2.36,3.47,Thursday,July,2022,0,0,0
7/29/2022,290225,281022,186674,14.68,17.02,14.87,1.54,1.19,4.51,Friday,July,2022,0,0,0
7/30/2022,273750,260953,177861,15.21,18.05,14.09,2.06,1.35,4.56,Saturday,July,2022,0,0,0
7/31/2022,272240,259543,172333,14.39,18.14,16.50,1.93,2.78,2.89,Sunday,July,2022,0,0,0
8/1/2022,293204,280178,185569,13.46,17.19,17.73,1.62,2.6,3.38,Monday,August,2022,0,0,0
8/2/2022,296106,276358,183986,12.52,16.50,16.63,2.21,2.02,4.08,Tuesday,August,2022,0,0,0
8/3/2022,291947,282435,190046,15.54,19.33,17.04,3.08,3.61,3.7,Wednesday,August,2022,0,0,0
8/4/2022,292269,281885,191380,14.08,21.16,19.78,2.32,3.36,4.81,Thursday,August,2022,0,0,0
8/5/2022,294291,292434,192884,12.87,17.58,20.97,1.53,2.08,4.58,Friday,August,2022,0,0,0
8/6/2022,283883,257751,182033,12.31,15.25,17.24,2.39,3.95,6.8,Saturday,August,2022,0,0,0
8/7/2022,282410,267587,179414,12.31,15.05,14.91,1.43,2.02,5.29,Sunday,August,2022,0,0,0
8/8/2022,303278,294972,187862,13.90,16.28,15.05,0.99,1.41,1.91,Monday,August,2022,0,0,0
8/9/2022,300469,298281,190789,14.48,17.24,16.43,1.87,1.59,1.5,Tuesday,August,2022,0,0,0
8/10/2022,294254,301684,194097,16.84,18.51,17.60,1.92,2.68,4.12,Wednesday,August,2022,0,0,0
8/11/2022,302579,306139,197531,16.52,19.85,18.98,1.93,2.88,6.37,Thursday,August,2022,0,0,0
8/12/2022,298306,301949,198308,16.16,20.16,18.29,1.33,1.93,4.1,Friday,August,2022,0,0,0
8/13/2022,282759,275420,183700,16.45,20.79,18.16,1.56,2.22,1.8,Saturday,August,2022,0,0,0
8/14/2022,282070,273539,181027,17.67,21.24,19.30,1.47,2.1,2.91,Sunday,August,2022,0,0,0
8/15/2022,296204,307488,197886,18.54,21.40,20.86,1.75,2.46,3.38,Monday,August,2022,0,0,0
8/16/2022,289727,311418,199514,17.41,21.50,22.71,1.89,2.97,3.46,Tuesday,August,2022,0,0,0
8/17/2022,286859,320551,200751,15.11,21.18,21.29,1.94,2.46,3.4,Wednesday,August,2022,0,0,0
8/18/2022,288898,316867,197087,13.94,20.42,21.14,1.61,1.82,2.22,Thursday,August,2022,0,0,0
8/19/2022,287385,313374,199097,15.80,21.06,22.81,1.24,2.26,4.22,Friday,August,2022,0,0,0
8/20/2022,268403,288938,187284,15.81,19.35,22.51,1.72,3.05,6.1,Saturday,August,2022,0,0,0
8/21/2022,263959,282434,184356,13.95,17.85,20.16,2.69,1.92,5.29,Sunday,August,2022,0,0,0
8/22/2022,289989,309084,196022,12.91,17.01,18.12,1.49,1.92,3.25,Monday,August,2022,0,0,0
8/23/2022,294847,309269,198880,14.31,17.28,17.85,1.04,0.93,2.83,Tuesday,August,2022,0,0,0
8/24/2022,291682,309490,193994,16.19,17.65,17.87,1.03,1.94,2.34,Wednesday,August,2022,0,0,0
8/25/2022,286687,307591,187627,17.25,18.18,16.60,1.54,1.42,3.26,Thursday,August,2022,0,0,0
8/26/2022,286874,304217,191814,15.37,18.75,16.85,1.67,2.4,3.78,Friday,August,2022,0,0,0
8/27/2022,278204,283485,179867,14.45,19.11,18.23,1.17,1.21,2.43,Saturday,August,2022,0,0,0
8/28/2022,278657,279764,177200,13.33,16.04,17.57,1.84,4.18,2.05,Sunday,August,2022,0,0,0
8/29/2022,299098,311576,189526,12.91,14.29,14.55,1.69,4.37,6.38,Monday,August,2022,0,0,0
8/30/2022,298988,315034,191057,12.30,14.38,13.24,1.84,3.74,7.09,Tuesday,August,2022,0,0,0
8/31/2022,301788,320937,194760,12.53,13.74,10.11,1.41,3.14,6.98,Wednesday,August,2022,0,0,0
9/1/2022,303413,321521,199349,12.25,12.89,9.63,1.44,2.84,6.46,Thursday,September,2022,0,0,0
9/2/2022,301745,314736,201634,12.00,12.20,8.79,1.82,2.48,4.55,Friday,September,2022,0,0,0
9/3/2022,285631,290828,190158,11.76,12.28,8.71,1.37,1.13,4.2,Saturday,September,2022,0,0,0
9/4/2022,283339,285766,184643,11.95,12.93,9.08,1.39,1.83,4.75,Sunday,September,2022,0,0,0
9/5/2022,301214,321948,195614,12.84,13.17,9.18,1.17,1.81,3.7,Monday,September,2022,0,0,0
9/6/2022,300622,319196,197873,12.70,13.72,10.44,1.49,2.73,5.11,Tuesday,September,2022,0,0,0
9/7/2022,296497,319015,193834,12.35,12.97,8.81,1.45,2.33,4.66,Wednesday,September,2022,0,0,0
9/8/2022,300607,317227,196074,11.83,12.63,8.30,1.77,2.43,2.52,Thursday,September,2022,0,0,0
9/9/2022,298175,317032,197687,11.15,13.23,9.55,2.17,3.31,3.42,Friday,September,2022,0,0,0
9/10/2022,286144,295703,186336,11.12,13.34,10.57,1.22,2.51,3.51,Saturday,September,2022,0,0,0
9/11/2022,282318,288503,178021,11.62,13.61,10.90,1.15,1.49,3.67,Sunday,September,2022,0,0,0
9/12/2022,298206,316593,191456,11.65,13.46,11.13,2.51,1.47,3.06,Monday,September,2022,0,0,0
9/13/2022,299049,316620,192249,11.19,13.44,11.21,2.24,4.02,5.95,Tuesday,September,2022,0,0,0
9/14/2022,303176,324751,193288,10.56,12.94,11.32,1.91,3.14,7.12,Wednesday,September,2022,0,0,0
9/15/2022,306216,314255,190767,9.71,11.59,10.71,2.21,2.79,4.72,Thursday,September,2022,0,0,0
9/16/2022,304522,308555,193829,10.33,11.50,10.11,2.97,2.71,3.77,Friday,September,2022,0,0,0
9/17/2022,294955,285210,180544,9.56,11.34,9.46,2.67,3.09,1.86,Saturday,September,2022,0,0,0
9/18/2022,293556,290348,176215,9.43,10.97,9.80,2.67,2.44,3.54,Sunday,September,2022,0,0,0
9/19/2022,312799,326971,191404,8.74,10.49,9.67,2.77,3.76,5.08,Monday,September,2022,0,0,0
9/20/2022,316650,327528,195277,8.03,10.19,9.43,1.72,3.52,5.64,Tuesday,September,2022,0,0,0
9/21/2022,322033,335814,196063,8.65,10.08,8.09,1.12,1.78,3.22,Wednesday,September,2022,0,0,0
9/22/2022,319068,330336,197929,10.35,10.93,8.16,1.77,2.05,1.61,Thursday,September,2022,0,0,0
9/23/2022,311520,320023,196150,10.22,11.74,8.96,2.18,1.93,2.08,Friday,September,2022,0,0,0
9/24/2022,302473,291351,180884,9.05,11.82,9.19,1.75,1.46,2.19,Saturday,September,2022,0,0,0
9/25/2022,299799,289575,179759,8.49,11.11,8.40,1.56,1.91,3.57,Sunday,September,2022,0,0,0
9/26/2022,318103,324690,198138,8.58,10.42,8.35,2.91,2.76,4.1,Monday,September,2022,0,0,0
9/27/2022,317031,326195,197893,9.08,11.27,8.45,3.15,2.99,5.54,Tuesday,September,2022,0,0,0
9/28/2022,316263,323418,202222,10.01,10.61,8.13,2.76,3.83,6.23,Wednesday,September,2022,0,0,0
9/29/2022,321809,331010,207130,8.46,9.14,6.45,2.06,2.85,4.03,Thursday,September,2022,0,0,0
9/30/2022,323230,327285,205582,7.56,8.80,6.29,1.78,2.25,3.79,Friday,September,2022,0,0,0
10/1/2022,313461,290893,192765,8.39,10.29,6.99,2.44,2.99,4.62,Saturday,October,2022,0,0,0
10/2/2022,307194,292265,184840,8.50,10.33,7.76,1.17,2.15,4.19,Sunday,October,2022,0,0,0
10/3/2022,327280,324373,203068,8.78,9.93,7.41,1.85,1.97,6.42,Monday,October,2022,0,0,0
10/4/2022,331310,320428,206238,9.29,10.36,6.76,1.92,2.52,6.6,Tuesday,October,2022,0,0,0
10/5/2022,324167,316623,208289,10.03,13.26,7.95,2.54,3.5,4.42,Wednesday,October,2022,0,0,0
10/6/2022,331250,315765,197278,8.71,12.60,10.68,3.11,5.67,9.1,Thursday,October,2022,0,0,0
10/7/2022,327834,294331,200030,8.95,12.30,10.72,3.28,5.28,9.62,Friday,October,2022,0,0,0
10/8/2022,318761,262418,189371,6.73,10.58,9.83,2,4.06,8.95,Saturday,October,2022,0,0,0
10/9/2022,321508,280462,190464,7.78,9.27,7.54,2.58,2.75,5.22,Sunday,October,2022,0,0,0
10/10/2022,337373,302596,205663,8.31,10.43,9.18,3.14,4.29,7.02,Monday,October,2022,0,0,0
10/11/2022,347023,306940,203542,6.15,9.18,7.88,2.24,3.53,7.47,Tuesday,October,2022,0,0,0
10/12/2022,351225,312406,202717,6.81,8.12,5.89,2.04,2.07,4.79,Wednesday,October,2022,0,0,0
10/13/2022,338496,304015,212763,7.66,9.65,7.10,1.91,2.81,5.09,Thursday,October,2022,0,0,0
10/14/2022,343053,286027,205296,6.52,9.77,8.48,1.68,2.1,5.59,Friday,October,2022,0,0,0
10/15/2022,321388,275520,194902,6.97,10.80,9.21,2.14,2.83,5.4,Saturday,October,2022,0,0,0
10/16/2022,328239,273832,189330,6.59,10.67,10.03,2.31,3.92,7.1,Sunday,October,2022,0,0,0
10/17/2022,351367,304531,204674,5.96,9.91,7.75,1.33,3.61,8.26,Monday,October,2022,0,0,0
10/18/2022,347622,308978,208668,5.85,9.14,5.69,1.66,2.42,5.04,Tuesday,October,2022,0,0,0
10/19/2022,357908,336273,215861,4.41,5.93,3.53,1.49,2.99,5.99,Wednesday,October,2022,0,0,0
10/20/2022,369350,364004,212368,3.68,5.37,4.44,0.82,2.25,3.87,Thursday,October,2022,0,0,0
10/21/2022,370592,356151,209996,3.73,7.04,4.46,1.75,1.44,2.54,Friday,October,2022,0,0,0
10/22/2022,345243,323510,201412,5.05,8.16,5.45,1.04,1.74,4.47,Saturday,October,2022,0,0,0
10/23/2022,348633,324330,200398,5.02,7.39,4.47,0.85,1.76,4.43,Sunday,October,2022,0,0,0
10/24/2022,366544,352495,222155,5.02,8.90,0.70,2.04,2.93,2.86,Monday,October,2022,0,0,0
10/25/2022,355790,342111,225971,5.85,10.18,1.40,1.86,2.25,5.87,Tuesday,October,2022,0,0,0
10/26/2022,352991,352021,212225,6.31,9.43,5.21,1.26,2.41,3.55,Wednesday,October,2022,0,0,0
10/27/2022,343420,338121,214199,8.21,10.94,5.82,1.78,2.73,4.53,Thursday,October,2022,0,0,0
10/28/2022,337949,330435,212756,9.19,11.93,7.86,1.64,2.47,5.23,Friday,October,2022,0,0,0
10/29/2022,316685,305259,203392,7.97,11.12,7.86,2.4,3.94,7.12,Saturday,October,2022,0,0,0
10/30/2022,349846,329770,215331,6.16,8.56,3.23,1.05,2.14,7.71,Sunday,October,2022,0,0,0
10/31/2022,345684,334741,220887,7.89,9.77,2.78,1.68,2.44,4.11,Monday,October,2022,0,0,0
11/1/2022,349866,348452,213504,7.60,9.27,4.91,1.84,1.57,3.56,Tuesday,November,2022,0,0,0
11/2/2022,345146,344899,216429,7.34,9.41,4.09,2.05,1.96,2.09,Wednesday,November,2022,0,0,0
11/3/2022,355037,346219,216750,6.96,8.46,4.75,2.87,2.29,3.84,Thursday,November,2022,0,0,0
11/4/2022,351356,337145,220870,6.50,8.76,4.35,2.64,3.36,4.09,Friday,November,2022,0,0,0
11/5/2022,339928,312556,215530,5.99,7.84,1.97,1.88,3.5,6.56,Saturday,November,2022,0,1,1
11/6/2022,342666,317117,209389,5.45,7.96,4.77,1.18,3.54,7.22,Sunday,November,2022,0,0,0
11/7/2022,371054,351220,211871,4.64,8.46,6.31,1.54,2.91,8.03,Monday,November,2022,0,0,0
11/8/2022,371672,361769,214664,5.01,8.81,4.29,1.12,2.13,6.05,Tuesday,November,2022,0,0,0
11/9/2022,358005,366374,222267,6.09,9.20,4.18,2.08,2.71,5.12,Wednesday,November,2022,0,0,0
11/10/2022,365395,346987,215005,6.26,9.21,6.35,2.21,2.82,4.84,Thursday,November,2022,0,0,0
11/11/2022,353559,335629,220371,9.60,12.37,8.21,3.14,4.31,7.37,Friday,November,2022,0,0,0
11/12/2022,331592,302420,205217,7.87,11.55,9.12,2.08,3.53,8.61,Saturday,November,2022,0,0,0
11/13/2022,339790,329990,203536,6.04,7.76,4.16,1.03,1.66,5.1,Sunday,November,2022,0,0,0
11/14/2022,362657,359593,223379,5.37,7.31,3.23,0.77,1.43,3.95,Monday,November,2022,0,0,0
11/15/2022,375215,375928,228054,4.03,5.93,1.76,2.23,3.23,7.23,Tuesday,November,2022,0,0,0
11/16/2022,393729,391330,236147,2.26,4.13,-0.64,2.22,2.39,4.07,Wednesday,November,2022,0,0,0
11/17/2022,409087,409059,239219,0.61,2.61,-1.32,2.31,2.48,5.82,Thursday,November,2022,0,0,0
11/18/2022,413362,413147,243783,-0.42,1.64,-2.17,2.15,3.22,7.42,Friday,November,2022,0,0,0
11/19/2022,405604,398447,236851,-1.82,0.14,-2.44,2.67,4.16,8.3,Saturday,November,2022,0,0,0
11/20/2022,413724,418711,232343,-2.75,-0.89,-3.00,2.77,3.52,7.3,Sunday,November,2022,0,0,0
11/21/2022,436636,449208,247876,-2.66,-1.08,-3.66,3.45,3.78,7.37,Monday,November,2022,0,0,0
11/22/2022,438007,440349,249751,-2.03,0.43,-3.62,2.09,2.69,5.72,Tuesday,November,2022,0,0,0
11/23/2022,428749,441359,249082,-0.18,1.66,-3.93,2.77,2.3,5.64,Wednesday,November,2022,0,0,0
11/24/2022,419283,429110,250931,0.72,2.51,-3.70,2.18,2.1,5.17,Thursday,November,2022,0,0,0
11/25/2022,405167,407427,250962,1.75,2.46,-3.14,2.04,1.74,6.03,Friday,November,2022,0,0,0
11/26/2022,382820,381036,238507,2.11,2.46,-3.20,1.25,1.5,4.73,Saturday,November,2022,0,0,0
11/27/2022,371313,392692,233797,3.57,2.71,-3.13,2.18,1.51,4.25,Sunday,November,2022,0,0,0
11/28/2022,393901,413165,243734,2.70,3.30,-1.73,1.9,2.14,4.6,Monday,November,2022,0,0,0
11/29/2022,396542,412499,236732,1.74,2.72,-1.32,1.48,2.13,4.67,Tuesday,November,2022,0,0,0
11/30/2022,402685,413357,234110,0.63,1.85,-1.44,1.44,1.92,2.89,Wednesday,November,2022,0,0,0
12/1/2022,416771,416022,235189,-0.47,1.44,-1.85,1.77,1.79,4.09,Thursday,December,2022,0,0,0
12/2/2022,425165,415963,240518,-1.35,1.26,-2.91,1.72,2.39,5.19,Friday,December,2022,0,0,0
12/3/2022,409014,401439,234404,-2.14,-0.12,-4.27,1.84,2.1,2.7,Saturday,December,2022,0,0,0
12/4/2022,420239,406568,232434,-3.41,-0.49,-4.75,1.79,2.02,1.65,Sunday,December,2022,0,0,0
12/5/2022,447999,447487,245356,-3.09,-0.95,-5.06,1.78,1.21,2.75,Monday,December,2022,0,0,0
12/6/2022,453016,457731,231974,-3.30,-2.13,-1.50,1.91,1.86,5.62,Tuesday,December,2022,0,0,1
12/7/2022,462530,477953,240826,-5.74,-4.26,-3.21,2.08,2.35,4.37,Wednesday,December,2022,0,0,0
12/8/2022,469656,485990,247658,-6.03,-5.49,-4.17,1.77,2.19,4.6,Thursday,December,2022,0,0,0
12/9/2022,469504,467786,255856,-7.13,-3.61,-6.34,2.08,1.2,3.17,Friday,December,2022,0,0,0
12/10/2022,464374,442675,242893,-9.24,-4.09,-4.79,2.06,2.02,7.29,Saturday,December,2022,0,0,0
12/11/2022,470318,461635,236941,-9.56,-5.66,-6.04,1.82,2.37,5.9,Sunday,December,2022,0,0,0
12/12/2022,489549,494260,268455,-9.90,-5.36,-10.15,2.21,4.03,10.86,Monday,December,2022,0,0,0
12/13/2022,498001,497548,266391,-10.14,-7.56,-9.28,1.77,4.74,4.8,Tuesday,December,2022,0,0,0
12/14/2022,501210,484330,267275,-11.24,-5.82,-10.18,2.23,1.84,5.74,Wednesday,December,2022,0,0,0
12/15/2022,492588,508366,268705,-10.45,-10.11,-11.30,2.14,1.91,2.92,Thursday,December,2022,0,0,0
12/16/2022,496068,522731,268812,-9.28,-10.55,-10.07,1.47,1.86,2.71,Friday,December,2022,0,0,0
12/17/2022,453630,464645,256195,-5.43,-4.28,-6.22,0.96,3.09,4.48,Saturday,December,2022,0,0,0
12/18/2022,436986,429813,242056,-3.33,-0.62,-0.78,1.99,4.17,8.27,Sunday,December,2022,0,0,0
12/19/2022,456614,460571,253875,-3.07,-1.07,-2.67,1.42,2.41,6.72,Monday,December,2022,0,0,0
12/20/2022,432744,423240,252371,-0.19,3.21,-2.45,1.07,2.48,5.55,Tuesday,December,2022,0,0,0
12/21/2022,432192,413793,237603,-0.77,2.84,0.63,1.64,3.39,6.57,Wednesday,December,2022,0,0,0
12/22/2022,427429,404601,231368,-1.56,2.24,0.71,1.46,2.72,6.74,Thursday,December,2022,0,0,0
12/23/2022,444977,417430,229337,-6.10,-1.85,-2.23,2.12,2.67,5.37,Friday,December,2022,0,0,0
12/24/2022,453531,427991,223214,-8.89,-5.26,-5.40,1.84,1.91,5.98,Saturday,December,2022,0,0,0
12/25/2022,438120,405363,226515,-4.70,-1.76,-6.92,1.47,2.02,4.68,Sunday,December,2022,1,1,1
12/26/2022,413915,390057,231478,0.04,2.14,-5.62,1.99,3.07,7.27,Monday,December,2022,1,1,1
12/27/2022,434730,420532,241242,-2.11,0.73,-4.04,2.34,3.34,7.95,Tuesday,December,2022,0,0,0
12/28/2022,456717,434897,245483,-5.41,-0.52,-4.00,2.01,2.17,4.96,Wednesday,December,2022,0,0,0
12/29/2022,440804,398389,250774,-1.25,3.53,-2.92,2.17,3.15,6.78,Thursday,December,2022,0,0,0
12/30/2022,420297,384390,242838,0.35,3.48,0.81,2.63,3.39,6.06,Friday,December,2022,0,0,0
12/31/2022,404250,351301,229648,1.21,5.28,2.21,3.45,4.87,8.56,Saturday,December,2022,0,0,0
1/1/2023,424936,363709,226500,-5.31,1.57,-1.77,2.13,1.5,5.62,Sunday,January,2023,1,1,1
1/2/2023,470200,414168,252504,-5.25,2.14,-4.27,1.98,2.16,5.21,Monday,January,2023,0,0,0
1/3/2023,473834,443348,257454,-6.50,-1.54,-4.92,1.88,2.85,5.64,Tuesday,January,2023,0,0,0
1/4/2023,482716,473840,264636,-5.06,-0.65,-7.74,2.92,2.7,4.5,Wednesday,January,2023,0,0,0
1/5/2023,478514,464343,275453,-4.73,-1.28,-9.70,2.22,4.05,8.28,Thursday,January,2023,0,0,0
1/6/2023,477437,439056,265494,-4.17,-2.29,-10.92,2.54,3.76,4.48,Friday,January,2023,0,1,1
1/7/2023,436888,412561,269798,-1.46,1.38,-10.28,1.43,4.01,7.56,Saturday,January,2023,0,0,0
1/8/2023,406851,402233,263010,1.86,3.36,-8.23,2.41,3.83,7.46,Sunday,January,2023,0,0,0
1/9/2023,420929,427098,272667,1.05,2.81,-5.84,2.13,2.59,8.46,Monday,January,2023,0,0,0
1/10/2023,424087,417581,264128,0.05,2.73,-4.09,1.46,2.7,7.12,Tuesday,January,2023,0,0,0
1/11/2023,415144,410941,244218,1.73,4.08,0.50,3.31,4.54,9.03,Wednesday,January,2023,0,0,0
1/12/2023,415790,404680,238271,1.16,3.76,1.26,1.6,2.98,8.42,Thursday,January,2023,0,0,0
1/13/2023,422622,404311,237866,0.00,3.61,1.10,1.07,2.53,5.82,Friday,January,2023,0,0,0
1/14/2023,415695,370759,219434,-1.50,2.77,1.50,1.85,2.55,7.41,Saturday,January,2023,0,0,0
1/15/2023,415371,402401,221147,-1.58,2.92,1.34,1.37,4.95,8.99,Sunday,January,2023,0,0,0
1/16/2023,444836,427856,231875,-3.07,1.82,1.21,1.86,3.75,9.92,Monday,January,2023,0,0,0
1/17/2023,444027,429268,236552,-1.62,1.27,-0.36,2.96,3.47,7.14,Tuesday,January,2023,0,0,0
1/18/2023,443568,440471,235122,-2.43,0.92,0.14,1.31,3.21,5.51,Wednesday,January,2023,0,0,0
1/19/2023,450973,443971,238099,-3.86,-0.25,-0.39,0.87,2.04,6.19,Thursday,January,2023,0,0,0
1/20/2023,464868,437965,245446,-6.47,-0.50,-1.87,1.98,1.72,1.23,Friday,January,2023,0,0,0
1/21/2023,455432,419796,238867,-7.62,-2.28,-4.70,1.77,1.17,1.91,Saturday,January,2023,0,0,0
1/22/2023,451205,430727,238375,-6.54,-3.45,-5.70,1.07,1.44,2.33,Sunday,January,2023,0,0,0
1/23/2023,461807,468910,257443,-3.14,-2.54,-4.08,2.3,2.81,4.76,Monday,January,2023,0,0,0
1/24/2023,430271,431234,246436,0.51,0.86,-1.21,1.79,3.33,7.06,Tuesday,January,2023,0,0,0
1/25/2023,417296,428532,241242,2.07,2.92,1.76,1.95,3.77,7.43,Wednesday,January,2023,0,0,0
1/26/2023,437920,424766,235498,-1.20,1.11,-1.09,2.2,2.64,5.19,Thursday,January,2023,0,0,0
1/27/2023,451500,438380,249957,-2.61,-2.22,-6.07,1.61,2.02,3.43,Friday,January,2023,0,0,0
1/28/2023,428696,400151,239029,-0.88,0.06,-1.47,2.13,2.97,8.3,Saturday,January,2023,0,0,0
1/29/2023,407506,383458,228861,1.26,2.29,-1.22,3.06,3.27,6.82,Sunday,January,2023,0,0,0
1/30/2023,430973,418748,239561,-0.06,2.89,0.25,4.03,5.05,9.02,Monday,January,2023,0,0,0
1/31/2023,445261,441130,240344,-1.95,0.32,-2.70,1.4,2.76,7.21,Tuesday,January,2023,0,0,0
2/1/2023,454051,440511,238570,-2.94,-0.04,-3.82,1.75,1.34,3.42,Wednesday,February,2023,0,0,0
2/2/2023,470670,459630,237373,-5.69,-2.79,-4.66,1.69,2.63,5.15,Thursday,February,2023,0,0,0
2/3/2023,470857,464289,247845,-5.08,-2.66,-5.60,2.11,2.14,4.59,Friday,February,2023,0,0,0
2/4/2023,455732,437457,248815,-5.33,-5.24,-8.38,1.76,2.83,6.45,Saturday,February,2023,0,0,0
2/5/2023,423842,431934,244923,-1.04,-2.90,-5.41,1.93,2.95,6.5,Sunday,February,2023,0,0,0
2/6/2023,438343,458627,250820,-0.48,-1.92,-4.16,1.02,2.22,4.63,Monday,February,2023,0,0,0
2/7/2023,433337,441766,251031,0.81,0.92,-1.14,1.34,3.03,5.56,Tuesday,February,2023,0,0,0
2/8/2023,429302,432493,245833,1.66,1.41,0.35,2.62,3.13,6,Wednesday,February,2023,0,0,0
2/9/2023,428454,436613,246971,1.24,1.65,0.85,4.23,5.35,11.03,Thursday,February,2023,0,0,0
2/10/2023,447535,421762,252412,-0.54,1.61,-1.13,2.75,4.56,10.61,Friday,February,2023,0,0,0
2/11/2023,405927,387628,246859,1.69,1.86,-4.90,1.49,2.79,5.97,Saturday,February,2023,0,0,0
2/12/2023,394780,390237,244113,2.41,2.13,-2.06,1.91,2.75,6.78,Sunday,February,2023,0,0,0
2/13/2023,404254,400941,244115,2.15,3.51,2.16,2.17,2.79,7.13,Monday,February,2023,0,0,0
2/14/2023,426352,412458,240955,0.58,1.80,-1.06,1.18,2,4.22,Tuesday,February,2023,0,0,0
2/15/2023,425526,423912,246484,1.14,1.40,-1.55,0.93,2.39,3.89,Wednesday,February,2023,0,0,0
2/16/2023,416199,430078,245443,1.68,2.80,-0.07,1.75,2.64,5.74,Thursday,February,2023,0,0,0
2/17/2023,420643,412272,239152,1.35,3.68,0.33,2.45,2.81,6.09,Friday,February,2023,0,0,0
2/18/2023,406789,379038,233190,-0.22,2.55,-1.90,2.74,4.69,6.76,Saturday,February,2023,0,0,0
2/19/2023,414445,392892,226736,-1.31,0.42,-4.06,1.86,4.01,4.38,Sunday,February,2023,0,0,0
2/20/2023,421569,423860,245756,1.78,2.48,-6.08,3.25,3.49,5.11,Monday,February,2023,0,0,0
2/21/2023,420202,421618,250337,-0.39,0.77,-8.86,2.21,2.48,5.8,Tuesday,February,2023,0,0,0
2/22/2023,438508,449892,265404,-0.84,-1.21,-12.67,1.72,1.79,2.57,Wednesday,February,2023,0,0,0
2/23/2023,432482,437410,254597,-0.36,0.72,-5.72,1.56,2.18,7.4,Thursday,February,2023,0,0,0
2/24/2023,432397,423757,239461,-0.84,-0.33,-4.88,2.75,1.43,2.92,Friday,February,2023,0,0,0
2/25/2023,416633,409940,228859,-2.05,-1.52,-6.08,3.06,4.05,5.45,Saturday,February,2023,0,0,0
2/26/2023,406091,395692,229310,-0.76,-1.06,-8.53,2.07,2.86,7.15,Sunday,February,2023,0,0,0
2/27/2023,418858,415070,240179,0.63,1.09,-4.20,2.11,2.09,5.17,Monday,February,2023,0,0,0
2/28/2023,416655,402411,228157,0.16,1.60,-0.51,1.95,2.61,5.92,Tuesday,February,2023,0,0,0
3/1/2023,409332,397653,221594,0.54,1.46,-1.42,2.03,2.66,5.36,Wednesday,March,2023,0,0,0
3/2/2023,421092,402342,221640,-0.01,1.94,0.17,1.95,3.23,6.61,Thursday,March,2023,0,0,0
3/3/2023,427108,404467,226964,0.37,2.12,-1.51,2.29,4.48,5.8,Friday,March,2023,0,0,0
3/4/2023,420622,389076,224178,-2.29,-0.39,-2.98,2.96,5.6,6.58,Saturday,March,2023,0,0,0
3/5/2023,418144,393726,222875,-3.45,-1.64,-4.63,2.46,2.71,4.06,Sunday,March,2023,0,0,0
3/6/2023,449061,448959,253109,-5.27,-2.82,-7.92,1.44,2.29,3.07,Monday,March,2023,0,0,0
3/7/2023,461141,465597,267610,-7.19,-2.93,-10.53,2.21,3.1,3.83,Tuesday,March,2023,0,0,0
3/8/2023,469439,456776,270433,-7.05,-3.82,-9.46,1.55,4.63,7.84,Wednesday,March,2023,0,0,0
3/9/2023,468074,472665,274830,-7.02,-4.09,-11.38,1.78,2.39,4.99,Thursday,March,2023,0,0,0
3/10/2023,472130,459325,264372,-7.33,-3.40,-6.60,1.57,1.68,6.25,Friday,March,2023,0,0,0
3/11/2023,449666,423877,253932,-6.13,-3.92,-7.66,1.69,2.2,6.3,Saturday,March,2023,0,0,0
3/12/2023,437107,422544,245004,-5.02,-3.24,-6.76,1.7,2.86,6.77,Sunday,March,2023,0,0,0
3/13/2023,455257,432855,257177,-2.40,1.47,-5.15,1.95,3.81,7.44,Monday,March,2023,0,0,0
3/14/2023,441783,418860,243178,-2.89,2.56,1.00,2.26,2.9,9.43,Tuesday,March,2023,0,0,0
3/15/2023,435935,416575,241920,-3.38,-0.58,-1.62,2.23,3.12,6.19,Wednesday,March,2023,0,0,0
3/16/2023,450501,425997,247503,-3.16,-0.53,-4.28,2.35,1.99,2.42,Thursday,March,2023,0,0,0
3/17/2023,444003,411334,253061,-0.03,1.81,-4.16,3.18,4.38,3.11,Friday,March,2023,0,0,0
3/18/2023,400506,383182,230558,0.87,3.88,0.80,1.65,2.74,8.29,Saturday,March,2023,0,0,0
3/19/2023,395855,366388,219129,0.96,4.17,0.20,1.44,1.36,2.72,Sunday,March,2023,0,0,0
3/20/2023,408555,400528,234159,1.48,3.92,0.06,1.6,2.45,3.37,Monday,March,2023,0,0,0
3/21/2023,428243,406894,235998,-0.22,2.43,-1.67,1.07,1.94,4.31,Tuesday,March,2023,0,0,0
3/22/2023,416733,381820,239813,1.32,5.22,-0.89,1.73,3.32,6.52,Wednesday,March,2023,0,0,0
3/23/2023,409525,378340,235515,1.19,5.49,0.84,2.13,3.37,6.92,Thursday,March,2023,0,0,0
3/24/2023,410646,379061,238557,1.03,5.14,-0.10,1.12,3.19,4.65,Friday,March,2023,0,0,0
3/25/2023,398265,368779,229235,-0.30,2.46,-1.32,1.98,3.08,5.73,Saturday,March,2023,0,0,0
3/26/2023,393393,382724,224139,-2.92,-0.66,-4.50,1.83,3.84,5.36,Sunday,March,2023,0,0,0
3/27/2023,443097,442727,254317,-3.72,-2.53,-5.12,1.95,5.09,7.3,Monday,March,2023,0,0,0
3/28/2023,449253,438866,252428,-3.88,-2.28,-4.18,1.6,4.86,3.12,Tuesday,March,2023,0,0,0
3/29/2023,437549,437492,248087,-2.86,-1.18,-5.35,2.21,2.12,4.51,Wednesday,March,2023,0,0,0
3/30/2023,449855,437804,257942,-2.87,-0.69,-6.14,1.7,2.37,2.54,Thursday,March,2023,0,0,0
3/31/2023,427164,416245,252883,-1.00,0.39,-4.87,2.38,3.44,5.12,Friday,March,2023,0,0,0
4/1/2023,395017,376978,235197,-1.45,-0.43,-3.58,1.97,3.42,5.55,Saturday,April,2023,0,0,0
4/2/2023,388857,369290,226380,-1.08,-0.44,-3.42,1.33,3.4,5.72,Sunday,April,2023,0,0,0
4/3/2023,403444,410754,240014,0.25,-0.87,-4.02,0.65,2.3,6.33,Monday,April,2023,0,0,0
4/4/2023,391263,402703,236308,1.33,0.69,-3.90,1.67,1.78,4.51,Tuesday,April,2023,0,0,0
4/5/2023,372794,403222,231986,2.04,0.44,-0.62,1.29,3.01,5.56,Wednesday,April,2023,0,0,0
4/6/2023,365235,394338,225319,0.78,1.37,1.62,1.76,1.59,5.37,Thursday,April,2023,1,0,0
4/7/2023,365326,366878,209576,1.92,2.00,1.65,1.25,2.53,4.07,Friday,April,2023,1,1,1
4/8/2023,345564,332631,205584,3.05,4.54,1.42,1.82,2.24,2.44,Saturday,April,2023,0,0,0
4/9/2023,341710,324453,198546,3.23,4.28,2.21,1.52,1.85,2.29,Sunday,April,2023,1,1,1
4/10/2023,350011,322099,201705,3.76,4.48,2.46,2.29,1.53,1.72,Monday,April,2023,1,1,1
4/11/2023,373978,354714,217323,3.96,5.84,3.25,2.31,2.58,3.26,Tuesday,April,2023,0,0,0
4/12/2023,368219,349050,212325,4.36,6.00,4.88,2.06,2.46,3.11,Wednesday,April,2023,0,0,0
4/13/2023,365874,363000,219408,4.64,6.21,2.08,2.8,3.47,8.66,Thursday,April,2023,0,0,0
4/14/2023,369352,371321,222009,4.08,5.43,1.11,2.24,3.35,8.19,Friday,April,2023,0,0,0
4/15/2023,364802,328474,206943,3.39,6.43,1.50,1.9,2.87,5.46,Saturday,April,2023,0,0,0
4/16/2023,351039,328059,198833,4.68,6.17,2.30,1.44,2.58,3.42,Sunday,April,2023,0,0,0
4/17/2023,353463,351802,208447,5.41,6.19,3.48,2.1,2.63,1.82,Monday,April,2023,0,0,0
4/18/2023,343065,344709,201996,6.12,7.00,4.06,2.06,3.39,4.07,Tuesday,April,2023,0,0,0
4/19/2023,337935,334961,206178,6.72,7.02,4.60,1.98,2.85,3.95,Wednesday,April,2023,0,0,0
4/20/2023,332032,335245,205000,7.01,8.64,6.54,1.69,1.35,2.82,Thursday,April,2023,0,0,0
4/21/2023,330803,320698,204586,7.26,9.75,7.14,1.97,1.77,2.76,Friday,April,2023,0,0,0
4/22/2023,320901,284921,193503,6.65,10.33,6.77,1.35,2.05,3.28,Saturday,April,2023,0,0,0
4/23/2023,335812,295334,193883,4.30,8.39,5.64,1.39,2.64,3.38,Sunday,April,2023,0,0,0
4/24/2023,371958,357926,207624,3.02,6.62,6.45,2.24,2.42,4.1,Monday,April,2023,0,0,0
4/25/2023,387319,362660,208207,1.73,5.67,7.46,2.56,2.27,3.58,Tuesday,April,2023,0,0,0
4/26/2023,382936,368247,197533,1.92,5.18,7.99,2.3,2.61,2.79,Wednesday,April,2023,0,0,0
4/27/2023,365026,358613,200217,2.92,4.91,5.20,2.52,2.95,3.08,Thursday,April,2023,0,0,0
4/28/2023,363568,347671,209034,2.56,5.64,3.64,1.35,2.07,3.26,Friday,April,2023,0,0,0
4/29/2023,343554,320262,197862,2.89,5.93,3.77,2.81,2.95,4.65,Saturday,April,2023,0,0,0
4/30/2023,339648,307870,200216,3.00,5.92,3.38,2.33,3.54,6.28,Sunday,April,2023,0,0,0
5/1/2023,348906,313547,193848,2.41,6.02,4.40,1.53,2.57,4.19,Monday,May,2023,1,1,1
5/2/2023,358577,331800,213569,3.61,6.70,3.36,2.25,3.13,7.48,Tuesday,May,2023,0,0,0
5/3/2023,352855,333903,213105,3.75,6.69,3.89,1.96,2.16,4.99,Wednesday,May,2023,0,0,0
5/4/2023,355127,340535,217647,3.53,5.29,1.43,1.84,2.1,4.76,Thursday,May,2023,0,0,0
5/5/2023,350749,328003,219922,4.31,4.80,1.66,1.67,1.28,3.9,Friday,May,2023,0,0,0
5/6/2023,319490,299893,201192,4.88,5.21,3.47,1.94,2.15,2.58,Saturday,May,2023,0,0,0
5/7/2023,312983,299040,189936,6.21,7.20,5.20,1.43,2.42,3.15,Sunday,May,2023,0,0,0
5/8/2023,325150,324695,199025,7.60,9.64,7.16,2.35,2.6,3,Monday,May,2023,0,0,0
5/9/2023,317451,307675,196718,8.03,11.23,8.88,2.31,3.2,3.62,Tuesday,May,2023,0,0,0
5/10/2023,310656,310085,193175,9.21,12.14,10.57,2.19,3.21,3.21,Wednesday,May,2023,0,0,0
5/11/2023,316644,312449,190924,9.03,13.16,11.88,1.46,2.9,2.56,Thursday,May,2023,0,0,0
5/12/2023,314681,304413,188313,10.02,13.71,12.49,1.48,2.45,3.53,Friday,May,2023,0,0,0
5/13/2023,295308,267603,174922,10.02,14.23,13.70,1.21,2.16,3.43,Saturday,May,2023,0,0,0
5/14/2023,287238,273390,167984,10.51,15.08,14.50,1.62,1.89,2.89,Sunday,May,2023,0,0,0
5/15/2023,309355,307406,182120,9.97,14.39,15.11,1.49,2.28,2.86,Monday,May,2023,0,0,0
5/16/2023,312171,314724,181978,8.05,12.17,13.04,2.12,2.12,5.11,Tuesday,May,2023,0,0,0
5/17/2023,305600,320909,190351,6.30,8.82,10.67,3.19,2.65,6.48,Wednesday,May,2023,1,0,0
5/18/2023,305341,294419,182746,7.50,10.01,7.99,1.69,2.33,5.63,Thursday,May,2023,1,1,1
5/19/2023,305189,293351,181353,9.30,11.94,10.90,1.61,2.43,2.59,Friday,May,2023,0,0,0
5/20/2023,284139,265198,170508,10.74,12.99,13.55,1.6,2.16,2.34,Saturday,May,2023,0,0,0
5/21/2023,279258,261828,165813,12.15,15.16,14.93,1.25,1.72,1.45,Sunday,May,2023,0,0,0
5/22/2023,293083,293321,177772,12.77,16.19,15.93,1.16,1.38,1.83,Monday,May,2023,0,0,0
5/23/2023,296562,299252,178601,9.99,14.60,14.66,1.59,2.17,1.67,Tuesday,May,2023,0,0,0
5/24/2023,304379,294465,181179,10.33,15.74,16.22,2.2,2.31,1.68,Wednesday,May,2023,0,0,0
5/25/2023,311389,299687,186162,8.90,13.92,12.69,2.51,2.5,4.73,Thursday,May,2023,0,0,0
5/26/2023,317838,293887,191002,8.54,12.31,9.42,2.07,3.05,4.33,Friday,May,2023,0,0,0
5/27/2023,296576,264603,178231,8.88,13.24,9.95,2.47,2.61,4.32,Saturday,May,2023,0,0,0
5/28/2023,286297,268475,177246,8.65,13.30,11.09,2.71,3.2,5.96,Sunday,May,2023,1,1,1
5/29/2023,302003,304604,187023,8.30,12.59,10.23,1.73,2.48,4.18,Monday,May,2023,1,0,0
5/30/2023,315195,299807,185209,10.76,14.13,10.40,1.89,2.77,2.86,Tuesday,May,2023,0,0,0
5/31/2023,312202,303398,190856,11.11,15.71,11.58,2.08,2.73,5.46,Wednesday,May,2023,0,0,0
6/1/2023,317291,307893,195083,9.04,12.53,7.87,2.43,2.97,6.45,Thursday,June,2023,0,0,0
6/2/2023,315034,306512,199612,8.99,11.33,6.97,1.52,2.72,4.75,Friday,June,2023,0,0,0
6/3/2023,294575,274762,182306,10.42,13.57,9.30,0.97,2.01,4.98,Saturday,June,2023,0,0,0
6/4/2023,283485,270151,174177,11.54,14.13,10.75,1.62,2.39,4.21,Sunday,June,2023,0,0,0
6/5/2023,312035,296596,187452,11.85,16.30,12.21,1.45,2.17,5.25,Monday,June,2023,0,0,0
6/6/2023,312643,276100,188306,12.08,16.47,11.84,1.81,1.78,2.78,Tuesday,June,2023,0,1,0
6/7/2023,313460,303000,189199,12.35,16.36,11.64,1.9,2.17,3.42,Wednesday,June,2023,0,0,0
6/8/2023,303827,304993,196010,12.39,16.14,10.66,2.45,2.83,3.42,Thursday,June,2023,0,0,0
6/9/2023,287896,294672,190010,13.67,14.74,10.78,1.79,2.43,3.4,Friday,June,2023,0,0,0
6/10/2023,268761,260012,175410,14.79,14.94,12.32,1.8,1.77,2.15,Saturday,June,2023,0,0,0
6/11/2023,263794,264720,173231,15.33,15.87,14.61,1.81,2.28,1.58,Sunday,June,2023,0,0,0
6/12/2023,290739,300942,186995,15.44,17.22,15.84,2.14,2.64,1.21,Monday,June,2023,0,0,0
6/13/2023,292963,300521,183730,15.93,18.40,16.97,1.08,2.19,2.46,Tuesday,June,2023,0,0,0
6/14/2023,291608,299085,182623,17.54,19.66,18.47,1.18,1.68,1.78,Wednesday,June,2023,0,0,0
6/15/2023,291286,297032,182728,18.35,20.11,20.27,1.21,1.57,0.85,Thursday,June,2023,0,0,0
6/16/2023,289839,287240,179828,18.68,19.70,20.97,1.11,1.63,0.91,Friday,June,2023,0,0,0
6/17/2023,266507,260494,168377,18.85,19.97,20.49,1.33,1.87,3.1,Saturday,June,2023,0,0,0
6/18/2023,264129,266643,162280,18.07,17.25,20.00,1.89,2.28,5.54,Sunday,June,2023,0,0,0
6/19/2023,284595,303875,174268,17.46,18.06,20.74,1.8,2.16,3.84,Monday,June,2023,0,0,0
6/20/2023,286325,299273,174630,17.11,19.68,21.83,1.71,1.63,1.69,Tuesday,June,2023,0,0,0
6/21/2023,288935,298776,171663,16.50,19.58,22.19,1.9,2.36,1.61,Wednesday,June,2023,0,0,0
6/22/2023,280713,293502,165774,16.28,19.75,19.26,2.25,3.47,3.57,Thursday,June,2023,0,0,0
6/23/2023,281914,250730,149772,15.46,19.11,18.76,1.6,1.8,3.96,Friday,June,2023,0,0,0
6/24/2023,266458,244813,144936,16.26,19.03,17.12,1.08,2.16,4.09,Saturday,June,2023,0,1,1
6/25/2023,263584,252338,146344,17.56,20.32,17.69,1.33,2.18,2.41,Sunday,June,2023,0,0,0
6/26/2023,285561,297029,165747,17.28,19.89,19.58,1.71,1.87,2.26,Monday,June,2023,0,0,0
6/27/2023,282887,299373,173334,15.99,18.02,19.70,1.2,2.56,2.79,Tuesday,June,2023,0,0,0
6/28/2023,285115,292513,176791,16.96,19.94,20.22,1.79,1.36,1.69,Wednesday,June,2023,0,0,0
6/29/2023,286686,298877,180611,15.78,20.62,20.65,1.77,1.49,1.76,Thursday,June,2023,0,0,0
6/30/2023,278169,287097,179578,15.19,18.32,20.30,1.52,2.26,2.37,Friday,June,2023,0,0,0
7/1/2023,259133,261751,169263,14.71,16.91,16.31,1.48,3.61,5.82,Saturday,July,2023,0,0,0
7/2/2023,263618,262402,165320,13.39,15.22,14.97,2.06,2.15,6.2,Sunday,July,2023,0,0,0
7/3/2023,281223,297645,179958,12.46,14.14,14.08,1.56,3.81,10.32,Monday,July,2023,0,0,0
7/4/2023,280194,289828,180014,12.69,14.33,13.97,1.56,4.54,9.92,Tuesday,July,2023,0,0,0
7/5/2023,285933,290899,183228,13.05,15.65,14.85,1.44,2.8,8.17,Wednesday,July,2023,0,0,0
7/6/2023,288182,291150,183717,13.42,15.43,16.05,1.6,3.28,3.25,Thursday,July,2023,0,0,0
7/7/2023,279264,279837,185244,15.06,16.45,16.19,0.99,2.63,4.03,Friday,July,2023,0,0,0
7/8/2023,262712,253288,170228,16.71,18.38,15.91,1.19,2.05,3.25,Saturday,July,2023,0,0,0
7/9/2023,258335,254040,168589,18.16,19.35,15.50,1.22,2.04,3.5,Sunday,July,2023,0,0,0
7/10/2023,278764,279115,177614,16.66,18.37,16.74,1.47,1.86,1.79,Monday,July,2023,0,0,0
7/11/2023,271055,282646,179765,15.28,17.88,17.58,2.26,2.97,1.64,Tuesday,July,2023,0,0,0
7/12/2023,268415,285308,176907,15.06,16.82,18.74,1.84,3.34,1.18,Wednesday,July,2023,0,0,0
7/13/2023,270794,265457,173795,14.76,16.67,18.19,2.26,2.91,2.36,Thursday,July,2023,0,0,0
7/14/2023,271792,265968,174967,14.42,16.97,17.95,1.77,2.55,4.28,Friday,July,2023,0,0,0
7/15/2023,272968,242915,165412,14.11,18.29,18.65,2.31,2.53,3.81,Saturday,July,2023,0,0,0
7/16/2023,267171,244587,163967,14.70,18.03,19.50,3.44,3.87,3.78,Sunday,July,2023,0,0,0
7/17/2023,274919,267242,174671,13.97,16.75,18.38,3.09,4.13,5.28,Monday,July,2023,0,0,0
7/18/2023,276041,263708,175245,12.95,15.79,16.60,2.02,3.64,5.48,Tuesday,July,2023,0,0,0
7/19/2023,286833,257552,172580,12.20,15.13,16.42,2.11,2.4,4.5,Wednesday,July,2023,0,0,0
7/20/2023,286184,256996,173784,12.90,15.14,16.18,1.57,2.58,4.69,Thursday,July,2023,0,0,0
7/21/2023,287113,259419,174206,12.73,15.18,16.03,1.06,2.51,5.06,Friday,July,2023,0,0,0
7/22/2023,275401,241547,166158,12.46,14.68,15.65,0.54,2.65,5.34,Saturday,July,2023,0,0,0
7/23/2023,268405,244458,163413,13.61,14.97,15.68,0.92,2.39,4.38,Sunday,July,2023,0,0,0
7/24/2023,289231,264457,174494,13.41,16.38,15.59,2.24,2.35,4.43,Monday,July,2023,0,0,0
7/25/2023,284381,259546,173716,13.60,16.17,16.32,1.44,1.77,2.68,Tuesday,July,2023,0,0,0
7/26/2023,284101,260452,172863,13.36,15.26,17.14,1.6,2.43,3.54,Wednesday,July,2023,0,0,0
7/27/2023,281373,262688,173852,14.03,15.05,17.46,1.29,2.51,3.5,Thursday,July,2023,0,0,0
7/28/2023,281805,261425,176742,14.35,15.83,15.73,1.07,1.49,4.59,Friday,July,2023,0,0,0
7/29/2023,272190,239579,170822,14.77,17.37,15.00,1.3,2.89,6.23,Saturday,July,2023,0,0,0
7/30/2023,266650,243608,162011,14.55,17.02,17.65,1.62,2.29,3.5,Sunday,July,2023,0,0,0
7/31/2023,280696,269481,173787,14.50,15.40,17.12,1.37,1.58,2.22,Monday,July,2023,0,0,0
8/1/2023,280842,272236,178941,14.78,15.76,16.77,0.98,2.37,4.47,Tuesday,August,2023,0,0,0
8/2/2023,279035,268436,181080,15.41,16.19,17.60,0.87,2.87,4.94,Wednesday,August,2023,0,0,0
8/3/2023,280096,271718,179459,15.67,16.13,18.11,1.2,2.33,3.95,Thursday,August,2023,0,0,0
8/4/2023,279553,265677,182452,14.53,16.87,17.14,1.66,1.86,6.27,Friday,August,2023,0,0,0
8/5/2023,274197,254862,170972,13.09,16.06,17.60,1.24,2.25,4.51,Saturday,August,2023,0,0,0
8/6/2023,272987,259177,167693,13.65,15.20,18.49,1.5,3.02,5.08,Sunday,August,2023,0,0,0
8/7/2023,302456,281120,191154,12.62,17.07,23.54,3.29,3.29,6.28,Monday,August,2023,0,0,0
8/8/2023,306169,297729,190564,13.29,14.42,19.76,1.08,4.51,8.59,Tuesday,August,2023,0,0,0
8/9/2023,309820,309563,185512,12.51,12.99,17.43,1.59,4.73,4.45,Wednesday,August,2023,0,0,0
8/10/2023,304395,302847,187761,13.02,13.54,16.54,1.53,3.42,4.87,Thursday,August,2023,0,0,0
8/11/2023,299203,292081,188089,13.84,14.90,16.76,1.74,2.6,3.93,Friday,August,2023,0,0,0
8/12/2023,279001,269464,172373,15.13,16.79,16.55,1.74,2.49,2.49,Saturday,August,2023,0,0,0
8/13/2023,274841,269445,171059,14.69,17.06,17.71,1.8,2.69,2.53,Sunday,August,2023,0,0,0
8/14/2023,295452,311396,186763,14.64,17.97,18.23,2.22,2.3,4.34,Monday,August,2023,0,0,0
8/15/2023,300442,304416,186824,14.50,18.80,19.11,1.26,2.5,3.47,Tuesday,August,2023,0,0,0
8/16/2023,295797,306311,192264,14.63,17.55,19.03,1.01,2.57,3.91,Wednesday,August,2023,0,0,0
8/17/2023,302567,308410,192256,14.80,16.81,17.65,1.46,1.82,3.37,Thursday,August,2023,0,0,0
8/18/2023,297509,298731,183403,15.51,16.89,15.91,1.86,2.56,4.82,Friday,August,2023,0,0,0
8/19/2023,280075,272848,172838,15.65,17.69,15.38,2.2,2.46,5.88,Saturday,August,2023,0,0,0
8/20/2023,276829,276814,168372,15.75,17.12,15.97,1.81,1.9,4.57,Sunday,August,2023,0,0,0
8/21/2023,298049,310375,181526,15.35,17.15,15.85,1.88,2.37,2.58,Monday,August,2023,0,0,0
8/22/2023,297305,299053,185438,14.78,16.86,16.11,1.38,2.69,3.88,Tuesday,August,2023,0,0,0
8/23/2023,297442,304069,185098,14.01,16.68,15.60,1.31,2.01,3.34,Wednesday,August,2023,0,0,0
8/24/2023,301747,303668,187793,13.54,16.28,15.02,1.35,1.92,2.75,Thursday,August,2023,0,0,0
8/25/2023,301069,309743,188714,13.30,15.63,15.18,1.27,1.62,1.6,Friday,August,2023,0,0,0
8/26/2023,279516,281348,177282,13.47,15.94,15.74,2.05,2.94,4.5,Saturday,August,2023,0,0,0
8/27/2023,274498,275622,174677,13.11,15.96,15.57,1.99,2.51,3.51,Sunday,August,2023,0,0,0
8/28/2023,290270,305860,190080,13.27,14.77,14.73,1.17,1.97,6.29,Monday,August,2023,0,0,0
8/29/2023,298115,306927,187118,12.72,14.89,15.29,1.17,2.19,5,Tuesday,August,2023,0,0,0
8/30/2023,300317,310224,188539,12.89,15.24,15.33,0.92,1.53,3.47,Wednesday,August,2023,0,0,0
8/31/2023,299133,310205,190832,13.24,14.81,16.34,1.44,2.1,4.58,Thursday,August,2023,0,0,0
9/1/2023,295684,308358,185473,13.75,14.45,15.98,1.74,1.66,4.59,Friday,September,2023,0,0,0
9/2/2023,280899,272005,172801,13.12,14.57,14.76,1.18,1.91,5.66,Saturday,September,2023,0,0,0
9/3/2023,276234,276264,170270,12.89,14.97,14.90,1.51,2.55,4.21,Sunday,September,2023,0,0,0
9/4/2023,287810,305582,186478,14.90,17.40,15.47,2.11,2.55,5.93,Monday,September,2023,0,0,0
9/5/2023,293059,303274,188042,14.26,17.00,14.93,2.08,3.1,7.51,Tuesday,September,2023,0,0,0
9/6/2023,294800,308892,191880,13.21,15.77,12.73,1.55,1.73,5.71,Wednesday,September,2023,0,0,0
9/7/2023,291601,311520,192015,14.78,16.47,13.77,1.78,2.75,4.17,Thursday,September,2023,0,0,0
9/8/2023,283141,303781,186165,16.03,17.48,15.66,1.38,1.67,2.57,Friday,September,2023,0,0,0
9/9/2023,261616,264302,177304,16.02,18.26,16.33,1.32,2.17,3.01,Saturday,September,2023,0,0,0
9/10/2023,263288,273625,172022,15.54,18.17,16.45,1.48,2.12,4.25,Sunday,September,2023,0,0,0
9/11/2023,286839,307678,183681,14.81,17.44,16.68,2.57,1.74,2.48,Monday,September,2023,0,0,0
9/12/2023,287494,319996,188126,12.98,17.58,17.01,1.96,2.31,4.1,Tuesday,September,2023,0,0,0
9/13/2023,297846,309446,183430,9.90,14.25,15.17,2.3,2.59,3.35,Wednesday,September,2023,0,0,0
9/14/2023,315662,310019,187948,9.37,12.46,12.02,1.61,2.08,5.81,Thursday,September,2023,0,0,0
9/15/2023,312330,308056,192793,11.39,13.70,11.28,1.79,2.71,3.33,Friday,September,2023,0,0,0
9/16/2023,295921,279243,186596,11.07,15.14,13.41,1.47,3.3,7.51,Saturday,September,2023,0,0,0
9/17/2023,291071,277822,180493,9.61,13.94,11.53,1.67,2.7,6.65,Sunday,September,2023,0,0,0
9/18/2023,313965,317273,198034,11.02,14.51,9.85,2.85,3.48,3.29,Monday,September,2023,0,0,0
9/19/2023,312650,315112,202220,10.71,14.83,12.45,3,4.36,7.23,Tuesday,September,2023,0,0,0
9/20/2023,321112,311383,198604,10.43,15.48,12.76,2.18,3.79,9.41,Wednesday,September,2023,0,0,0
9/21/2023,313675,312385,198825,12.53,17.44,14.94,3.44,3.52,5.83,Thursday,September,2023,0,0,0
9/22/2023,312998,310142,187902,11.62,16.42,16.92,1.25,3.53,6.04,Friday,September,2023,0,0,0
9/23/2023,301933,281895,177992,10.28,13.80,15.10,1.73,2.55,5.25,Saturday,September,2023,0,0,0
9/24/2023,309677,282895,173968,10.17,12.72,12.83,2.09,3.35,6.34,Sunday,September,2023,0,0,0
9/25/2023,317430,315279,191093,12.35,13.81,12.54,3.58,3.51,5.99,Monday,September,2023,0,0,0
9/26/2023,317770,317651,191322,12.63,14.82,13.93,1.79,2.58,6.66,Tuesday,September,2023,0,0,0
9/27/2023,311233,319586,189447,12.32,15.33,13.77,2.07,2.53,4.99,Wednesday,September,2023,0,0,0
9/28/2023,315887,312997,186216,12.16,15.27,14.00,2.5,2.2,3.59,Thursday,September,2023,0,0,0
9/29/2023,317058,315058,190280,11.76,15.15,14.85,2.22,2.6,5.23,Friday,September,2023,0,0,0
9/30/2023,306320,286125,178823,10.76,13.50,13.12,2.27,3.93,7.62,Saturday,September,2023,0,0,0
10/1/2023,308798,284759,178670,9.87,12.67,11.08,1.49,2.66,7.45,Sunday,October,2023,0,0,0
10/2/2023,324877,323358,190314,10.10,13.21,10.41,1.48,2.7,4.96,Monday,October,2023,0,0,0
10/3/2023,333315,333202,192487,9.03,11.61,10.41,1.26,2.26,5.38,Tuesday,October,2023,0,0,0
10/4/2023,335076,327846,197558,8.29,11.46,9.09,2.04,3.51,6.16,Wednesday,October,2023,0,0,0
10/5/2023,343688,333561,208758,7.36,9.39,6.99,1.68,3,5.58,Thursday,October,2023,0,0,0
10/6/2023,350008,337639,216432,8.05,10.57,5.93,2.57,3.92,7.13,Friday,October,2023,0,0,0
10/7/2023,346467,315012,209620,5.45,8.20,4.17,2.76,5.85,11.64,Saturday,October,2023,0,0,0
10/8/2023,348669,328837,207083,4.64,6.44,3.20,1.93,4.27,10.41,Sunday,October,2023,0,0,0
10/9/2023,376641,368163,220138,4.24,6.64,2.43,1.56,2.5,4.62,Monday,October,2023,0,0,0
10/10/2023,373670,362276,220241,6.44,8.39,3.09,2.47,3.02,5.52,Tuesday,October,2023,0,0,0
10/11/2023,353621,343242,215223,7.52,12.18,8.50,3.5,5.44,11.55,Wednesday,October,2023,0,0,0
10/12/2023,360904,348631,217252,6.21,9.71,6.17,2.94,4.85,10.98,Thursday,October,2023,0,0,0
10/13/2023,364272,354482,219863,6.09,9.26,6.35,2.14,3.18,7.37,Friday,October,2023,0,0,0
10/14/2023,349229,319647,206917,5.24,9.38,7.71,2.98,5.33,9.86,Saturday,October,2023,0,0,0
10/15/2023,354327,328810,204914,4.92,7.69,4.96,2.56,3.97,9.53,Sunday,October,2023,0,0,0
10/16/2023,383099,373374,222383,4.12,5.66,4.15,1.99,3.46,7.12,Monday,October,2023,0,0,0
10/17/2023,368886,371538,223578,5.95,6.86,3.16,2.14,2.51,4.98,Tuesday,October,2023,0,0,0
10/18/2023,377596,369486,235756,4.00,5.83,0.86,1.89,2.9,5.98,Wednesday,October,2023,0,0,0
10/19/2023,400988,404420,240453,0.86,2.84,0.08,2.86,3.27,6.51,Thursday,October,2023,0,0,0
10/20/2023,417155,386929,243766,0.70,3.26,-0.73,4.06,4.86,8.48,Friday,October,2023,0,0,0
10/21/2023,403002,368349,238294,1.31,4.29,-0.92,3.76,5.04,8.14,Saturday,October,2023,0,0,0
10/22/2023,382507,350350,226362,2.92,6.52,-0.06,1.7,1.97,4.13,Sunday,October,2023,0,0,0
10/23/2023,390376,380613,235327,4.18,6.67,0.28,1.08,1.6,3.27,Monday,October,2023,0,0,0
10/24/2023,383850,388505,242951,3.61,5.13,-1.29,1.54,2.47,3.84,Tuesday,October,2023,0,0,0
10/25/2023,400040,397893,247587,2.11,4.49,-1.58,2.25,3.22,6.53,Wednesday,October,2023,0,0,0
10/26/2023,417795,405301,248836,1.46,3.93,-0.85,1.86,2.77,8.09,Thursday,October,2023,0,0,0
10/27/2023,430695,402503,243820,0.44,3.16,-1.28,1.71,2.53,5.8,Friday,October,2023,0,0,0
10/28/2023,403442,373866,234837,-0.11,2.48,-1.80,1.5,2.48,5.04,Saturday,October,2023,0,0,0
10/29/2023,381781,386920,247084,-0.63,3.08,-2.73,2.06,1.59,2.6,Sunday,October,2023,0,0,0
10/30/2023,420976,397347,251217,-1.03,4.81,-2.34,3.18,2.88,5.08,Monday,October,2023,0,0,0
10/31/2023,431483,404460,254997,-1.15,4.42,-0.72,3.34,2.61,7.73,Tuesday,October,2023,0,0,0
11/1/2023,443293,428974,261993,-2.05,1.79,-0.15,1.5,3.21,6.72,Wednesday,November,2023,0,0,0
11/2/2023,442684,405348,251592,-0.21,4.79,-0.86,2.76,2.67,5.63,Thursday,November,2023,0,0,0
11/3/2023,417812,385158,256882,2.13,7.04,0.44,2.87,3.79,7.69,Friday,November,2023,0,0,0
11/4/2023,390890,355018,233830,2.61,6.67,3.79,1.66,2.75,9.79,Saturday,November,2023,0,1,1
11/5/2023,384479,354449,218328,2.53,6.54,4.78,1.6,2.54,4.01,Sunday,November,2023,0,0,0
11/6/2023,405922,376672,227321,2.35,6.59,4.21,1.5,1.28,2.38,Monday,November,2023,0,0,0
11/7/2023,405217,383757,225597,1.51,6.01,3.79,1.39,1.39,3.9,Tuesday,November,2023,0,0,0
11/8/2023,416005,391349,233334,0.42,5.26,2.21,1.36,1.31,2.32,Wednesday,November,2023,0,0,0
11/9/2023,423763,400542,237693,1.44,5.95,1.33,1.41,2.21,3.33,Thursday,November,2023,0,0,0
11/10/2023,419529,399522,236676,1.25,5.77,3.10,1.59,1.71,6.03,Friday,November,2023,0,0,0
11/11/2023,405218,368054,227999,0.11,4.46,2.51,1.97,1.45,3.82,Saturday,November,2023,0,0,0
11/12/2023,413668,385622,230372,-1.15,3.04,0.78,2.14,2.73,6.14,Sunday,November,2023,0,0,0
11/13/2023,447983,440138,248980,-2.15,1.78,-0.78,2.23,2.63,5.57,Monday,November,2023,0,0,0
11/14/2023,455635,436089,252789,-2.37,1.23,-2.42,2.17,2.62,4.19,Tuesday,November,2023,0,0,0
11/15/2023,464461,443238,255455,-3.41,0.20,-3.03,1.92,2.57,4.57,Wednesday,November,2023,0,0,0
11/16/2023,461746,439828,256041,-3.57,-0.40,-4.96,1.87,2.53,4.58,Thursday,November,2023,0,0,0
11/17/2023,468724,443007,259884,-3.85,-0.48,-4.37,1.95,1.43,2.41,Friday,November,2023,0,0,0
11/18/2023,461289,430541,248835,-4.40,-2.40,-2.64,1.92,1.47,3.78,Saturday,November,2023,0,0,0
11/19/2023,457467,424106,241283,-4.00,-1.25,-2.49,2.02,1.03,4.48,Sunday,November,2023,0,0,0
11/20/2023,471291,459532,249659,-3.52,0.04,-2.77,1.7,1.61,4.24,Monday,November,2023,0,0,0
11/21/2023,472070,453486,251766,-3.74,-0.98,-5.45,1.51,2.13,4.37,Tuesday,November,2023,0,0,0
11/22/2023,455837,467886,275941,0.98,0.55,-4.00,2.77,4.06,7.64,Wednesday,November,2023,0,0,0
11/23/2023,440357,425079,258999,0.75,3.75,-0.82,2.86,3.36,5.87,Thursday,November,2023,0,0,0
11/24/2023,452769,434843,281833,-1.55,-0.14,-5.53,2.63,3.73,5.73,Friday,November,2023,0,0,0
11/25/2023,437102,427561,272040,-2.87,-3.31,-8.13,2.1,4.02,5.8,Saturday,November,2023,0,0,0
11/26/2023,444403,439797,274932,-4.14,-3.87,-10.26,2.08,2.42,3.51,Sunday,November,2023,0,0,0
11/27/2023,486747,492985,304630,-6.42,-4.93,-12.30,2.29,3.12,7.1,Monday,November,2023,0,0,0
11/28/2023,511651,518714,291835,-9.23,-6.05,-4.59,3.1,3.12,7.17,Tuesday,November,2023,0,0,0
11/29/2023,493623,493487,262849,-5.73,-4.65,-3.67,2.98,1.75,3.65,Wednesday,November,2023,0,0,0
11/30/2023,488694,491331,266120,-5.96,-3.10,-5.92,2.09,3.45,8.11,Thursday,November,2023,0,0,0
12/1/2023,505518,490697,272074,-8.72,-3.93,-7.41,2.35,3.15,5.69,Friday,December,2023,0,0,0
12/2/2023,498023,478010,266814,-8.73,-6.64,-8.98,2.05,2.59,3.63,Saturday,December,2023,0,0,0
12/3/2023,503440,480874,271388,-9.53,-7.37,-9.66,1.82,2.38,3.61,Sunday,December,2023,0,0,0
12/4/2023,526874,515968,292488,-10.34,-8.04,-10.40,1.87,2.22,3.31,Monday,December,2023,0,0,0
12/5/2023,525045,521650,290136,-10.66,-7.42,-10.46,1.98,1.74,2.34,Tuesday,December,2023,0,0,0
12/6/2023,520025,522556,277684,-8.78,-7.51,-8.17,1.46,1.73,5.14,Wednesday,December,2023,0,0,1
12/7/2023,518511,506128,283011,-8.15,-2.76,-6.89,1.66,2.13,5.68,Thursday,December,2023,0,0,0
12/8/2023,506891,476683,286899,-6.74,-0.50,-7.90,1.77,2.56,6.93,Friday,December,2023,0,0,0
12/9/2023,463318,448831,280242,-2.82,-0.04,-9.93,1.85,2.27,5.34,Saturday,December,2023,0,0,0
12/10/2023,451104,442701,273705,-2.58,-0.14,-8.49,1.97,2.17,4.88,Sunday,December,2023,0,0,0
12/11/2023,475063,473972,285836,-3.98,0.09,-8.10,2.28,3.05,6.25,Monday,December,2023,0,0,0
12/12/2023,475161,472882,290842,-5.66,-2.69,-9.07,1.9,2.71,5.89,Tuesday,December,2023,0,0,0
12/13/2023,487497,487176,288431,-7.79,-4.16,-7.16,2.03,2.6,2.57,Wednesday,December,2023,0,0,0
12/14/2023,499733,499242,267069,-7.68,-6.80,-6.11,2.01,2.43,2.2,Thursday,December,2023,0,0,0
12/15/2023,484734,473457,267492,-3.56,-2.01,-6.62,1.53,2.11,2.61,Friday,December,2023,0,0,0
12/16/2023,436429,414854,265319,2.17,3.68,-2.24,2.52,3.6,5.58,Saturday,December,2023,0,0,0
12/17/2023,418200,393797,252477,2.63,4.65,0.60,2.05,2.68,7.05,Sunday,December,2023,0,0,0
12/18/2023,432584,416339,262800,2.20,5.24,-0.62,1.71,2.87,5.44,Monday,December,2023,0,0,0
12/19/2023,444698,425079,258766,0.24,3.84,0.92,2.15,4.49,8.68,Tuesday,December,2023,0,0,0
12/20/2023,462277,444987,258424,-2.97,0.61,-3.39,1.63,1.8,6.67,Wednesday,December,2023,0,0,0
12/21/2023,477337,463407,267926,-3.48,0.06,-5.09,2.5,2.86,4.67,Thursday,December,2023,0,0,0
12/22/2023,471486,467321,262553,-4.43,-0.45,-2.13,2.74,5.13,8.29,Friday,December,2023,0,0,0
12/23/2023,473423,454633,242090,-8.64,-3.32,-1.56,2.39,3.93,3.95,Saturday,December,2023,0,0,0
12/24/2023,470033,438205,234174,-6.44,-4.37,-2.72,1.42,2.38,3.66,Sunday,December,2023,0,0,0
12/25/2023,451356,406056,236158,-4.54,0.15,-4.69,1.83,1.98,4.47,Monday,December,2023,1,1,1
12/26/2023,463186,430399,244444,-6.62,-3.64,-6.25,2.17,2.13,1.95,Tuesday,December,2023,1,1,1
12/27/2023,482998,452714,256501,-6.43,-3.44,-6.12,2.3,3.23,4.87,Wednesday,December,2023,0,0,0
12/28/2023,483633,433045,263412,-4.60,0.08,-5.53,1.85,2.35,5.36,Thursday,December,2023,0,0,0
12/29/2023,469217,417301,270703,-3.95,2.18,-4.28,1.84,1.56,4.24,Friday,December,2023,0,0,0
12/30/2023,456801,412362,271840,-4.90,0.22,-7.36,1.64,1.99,5.81,Saturday,December,2023,0,0,0
12/31/2023,457576,421530,289872,-4.70,-1.45,-11.63,2.39,2.34,5.16,Sunday,December,2023,0,0,0
1/1/2024,467371,436899,314340,-5.93,-1.96,-16.78,3.1,3.33,6.61,Monday,January,2024,1,1,1
1/2/2024,513005,498266,335291,-8.51,-4.83,-21.07,3.03,3.95,7.06,Tuesday,January,2024,0,0,0
1/3/2024,532718,527835,346611,-10.60,-6.13,-20.82,3.26,4.89,8,Wednesday,January,2024,0,0,0
1/4/2024,547132,544322,346855,-12.84,-8.50,-22.35,2.44,3.99,9.71,Thursday,January,2024,0,0,0
1/5/2024,558172,550213,329487,-15.48,-11.72,-21.52,2.19,3.13,8.28,Friday,January,2024,0,0,0
1/6/2024,545998,533139,319440,-16.03,-13.53,-20.89,2.33,2.4,5.31,Saturday,January,2024,0,1,1
1/7/2024,540834,526133,323399,-13.50,-10.67,-18.93,1.82,1.82,3.14,Sunday,January,2024,0,0,0
1/8/2024,548353,529344,300060,-11.44,-8.65,-6.83,2.41,2.63,6.34,Monday,January,2024,0,0,0
1/9/2024,526046,504135,279359,-7.35,-2.73,-0.24,2,2.88,6.89,Tuesday,January,2024,0,0,0
1/10/2024,510075,489243,276368,-5.99,-1.13,0.53,2.46,2.92,5.65,Wednesday,January,2024,0,0,0
1/11/2024,493367,482213,287720,-3.11,-0.97,-7.57,2.57,2.61,7.39,Thursday,January,2024,0,0,0
1/12/2024,492294,474922,303491,-3.77,-1.30,-11.56,2.23,3.17,6.68,Friday,January,2024,0,0,0
1/13/2024,468748,443943,299256,-2.49,-1.27,-9.92,1.98,2.48,7.54,Saturday,January,2024,0,0,0
1/14/2024,463363,451990,284034,-3.39,-2.46,-8.80,2.58,2.25,3.36,Sunday,January,2024,0,0,0
1/15/2024,521642,529894,309834,-8.76,-7.66,-13.14,2.38,4.39,3.75,Monday,January,2024,0,0,0
1/16/2024,548960,564573,319436,-11.20,-13.05,-17.87,1.77,2.71,6.78,Tuesday,January,2024,0,0,0
1/17/2024,535689,528744,319538,-10.27,-3.72,-14.56,3.19,4.79,6.79,Wednesday,January,2024,0,0,0
1/18/2024,543331,529766,305856,-11.49,-7.05,-9.25,2.09,3.41,7.95,Thursday,January,2024,0,0,0
1/19/2024,544185,530041,309392,-10.83,-8.86,-11.86,1.61,1.93,6.75,Friday,January,2024,0,0,0
1/20/2024,524294,503608,311164,-10.66,-8.49,-15.80,1.65,1.86,1.53,Saturday,January,2024,0,0,0
1/21/2024,486107,475794,294163,-2.92,-0.84,-6.51,2.27,3.75,6.72,Sunday,January,2024,0,0,0
1/22/2024,463375,469245,285127,2.02,3.49,-0.07,4.52,6.07,11.28,Monday,January,2024,0,0,0
1/23/2024,450952,449182,271082,1.38,2.75,1.43,2.92,4.43,9.06,Tuesday,January,2024,0,0,0
1/24/2024,457410,451981,267059,0.43,2.14,-2.08,1.56,2.45,4.75,Wednesday,January,2024,0,0,0
1/25/2024,462158,458593,275128,-1.60,-0.32,-4.03,2.06,2.92,6.25,Thursday,January,2024,0,0,0
1/26/2024,463465,479164,295120,-0.79,-0.05,-8.63,2.02,2.96,3.7,Friday,January,2024,0,0,0
1/27/2024,434341,412436,278975,0.57,1.46,-4.18,2.17,2.22,4.48,Saturday,January,2024,0,0,0
1/28/2024,414412,401588,257530,2.06,2.65,0.09,2.92,3.5,6.18,Sunday,January,2024,0,0,0
1/29/2024,433597,447586,268146,1.56,2.85,1.61,2.12,3.14,8.66,Monday,January,2024,0,0,0
1/30/2024,456186,448096,271548,-1.24,1.83,-0.88,1.66,1.24,2.71,Tuesday,January,2024,0,0,0
1/31/2024,460749,454432,260519,-0.38,2.19,0.17,3.18,3.87,5.75,Wednesday,January,2024,0,0,0
2/1/2024,456268,464313,241758,0.38,2.32,0.41,2.84,4.99,10.03,Thursday,February,2024,0,0,0
2/2/2024,442889,449884,242114,1.67,2.25,-2.93,2.49,3.34,7.14,Friday,February,2024,0,0,0
2/3/2024,412913,404110,243091,1.89,4.63,-0.34,3.77,4.6,5.43,Saturday,February,2024,0,0,0
2/4/2024,417619,427159,251912,-0.20,2.05,-1.89,2,4.21,7.7,Sunday,February,2024,0,0,0
2/5/2024,464429,464096,273573,-3.09,-0.43,-4.95,2.18,2.48,5.41,Monday,February,2024,0,0,0
2/6/2024,504215,484692,287054,-7.27,-2.48,-9.46,1.83,1.96,3.32,Tuesday,February,2024,0,0,0
2/7/2024,511402,500144,305471,-8.54,-4.21,-14.01,1.47,2.28,4.68,Wednesday,February,2024,0,0,0
2/8/2024,531102,504881,322295,-10.55,-5.27,-18.16,1.49,1.04,3.27,Thursday,February,2024,0,0,0
2/9/2024,537796,501718,324920,-11.62,-5.77,-19.35,2.08,2.27,3.62,Friday,February,2024,0,0,0
2/10/2024,516023,472088,310190,-9.73,-4.00,-17.39,2.4,3.2,3.82,Saturday,February,2024,0,0,0
2/11/2024,496131,474813,310615,-6.57,-3.12,-15.27,2.11,3.24,5.59,Sunday,February,2024,0,0,0
2/12/2024,513421,508959,315870,-5.25,-2.81,-13.98,2.19,4.02,8.49,Monday,February,2024,0,0,0
2/13/2024,499361,479549,313431,-4.66,-1.26,-12.09,1.12,2.41,10.05,Tuesday,February,2024,0,0,0
2/14/2024,487859,474241,277202,-3.10,0.05,-6.89,1.32,1.9,4.46,Wednesday,February,2024,0,0,0
2/15/2024,474202,456753,257449,-1.89,1.84,-3.62,1.29,1.51,3.36,Thursday,February,2024,0,0,0
2/16/2024,459649,438801,252384,-0.20,4.57,-1.21,1.35,2.91,7.61,Friday,February,2024,0,0,0
2/17/2024,439433,416360,257877,-1.86,1.10,-1.11,1.95,3.8,8.43,Saturday,February,2024,0,0,0
2/18/2024,452565,432960,263182,-2.55,-0.85,-6.62,1.09,2.1,4.53,Sunday,February,2024,0,0,0
2/19/2024,463424,461771,278615,-1.50,0.51,-5.31,1.26,2.23,4.18,Monday,February,2024,0,0,0
2/20/2024,459497,451522,268382,-0.30,1.09,-2.73,1.32,1.54,3.4,Tuesday,February,2024,0,0,0
2/21/2024,441096,439171,265720,0.59,2.66,-1.16,1.31,2.06,4.77,Wednesday,February,2024,0,0,0
2/22/2024,435840,451572,262752,1.76,3.22,0.35,2.32,2.73,5.09,Thursday,February,2024,0,0,0
2/23/2024,431954,449554,268632,1.43,4.26,1.59,3.66,4.46,7.9,Friday,February,2024,0,0,0
2/24/2024,414962,396903,254611,1.46,2.81,0.91,1.91,2.44,4.62,Saturday,February,2024,0,0,0
2/25/2024,409163,389470,247738,0.66,2.27,1.16,1.38,2.5,5.88,Sunday,February,2024,0,0,0
2/26/2024,436838,436888,256525,-0.44,1.47,0.26,1.5,1.23,2.65,Monday,February,2024,0,0,0
2/27/2024,448112,438202,258810,-1.07,0.79,-0.65,2.28,1.38,1.73,Tuesday,February,2024,0,0,0
2/28/2024,429897,438574,270889,1.58,1.86,-0.95,2.62,2.86,2.24,Wednesday,February,2024,0,0,0
2/29/2024,425196,429081,267260,2.58,3.02,0.40,3.12,4.06,4.9,Thursday,February,2024,0,0,0
3/1/2024,416672,433432,267130,2.60,3.96,0.33,2.01,3.08,4.98,Friday,March,2024,0,0,0
3/2/2024,400888,394955,249665,2.47,4.53,0.09,1.64,2.5,4.7,Saturday,March,2024,0,0,0
3/3/2024,396846,373166,236592,2.64,3.95,-0.20,1.91,2.05,3.8,Sunday,March,2024,0,0,0
3/4/2024,412160,428720,249813,2.21,2.05,-0.66,1.92,2.4,3.7,Monday,March,2024,0,0,0
3/5/2024,418099,441692,250469,0.72,0.81,-1.77,1.92,3.34,5.58,Tuesday,March,2024,0,0,0
3/6/2024,435959,441068,256547,-0.44,0.66,-3.70,1.74,1.68,2.65,Wednesday,March,2024,0,0,0
3/7/2024,437634,426558,262524,-0.07,0.24,-3.21,1.78,1.8,2.45,Thursday,March,2024,0,0,0
3/8/2024,430338,414655,260711,-0.61,-0.02,-2.63,1.85,2.11,2.7,Friday,March,2024,0,0,0
3/9/2024,417781,396796,247897,-1.01,-0.77,-3.52,1.88,2.08,2.34,Saturday,March,2024,0,0,0
3/10/2024,426097,414887,240125,-1.48,-0.24,-2.65,2.17,2.72,2.22,Sunday,March,2024,0,0,0
3/11/2024,445051,445329,246464,-1.11,0.66,-2.87,2.16,2.42,2.11,Monday,March,2024,0,0,0
3/12/2024,439121,435746,243890,-0.42,0.92,-3.61,1.52,1.71,3.75,Tuesday,March,2024,0,0,0
3/13/2024,431906,438353,244332,0.98,2.28,-2.03,1.89,2.03,3.95,Wednesday,March,2024,0,0,0
3/14/2024,410984,406946,245550,3.12,6.13,1.70,2.33,4.01,8.43,Thursday,March,2024,0,0,0
3/15/2024,416146,383181,230285,2.04,7.12,2.63,0.96,3.28,6.64,Friday,March,2024,0,0,0
3/16/2024,419154,362517,220976,0.06,4.36,1.24,3.83,3.03,5.72,Saturday,March,2024,0,0,0
3/17/2024,425000,392498,229116,-2.01,-0.65,-4.13,1.66,5.86,8.01,Sunday,March,2024,0,0,0
3/18/2024,443759,434114,244156,-0.94,-1.49,-6.27,1.39,2.18,5.89,Monday,March,2024,0,0,0
3/19/2024,438757,429339,236770,0.66,0.29,-3.63,1.66,2.05,1.91,Tuesday,March,2024,0,0,0
3/20/2024,425538,425580,228368,1.98,2.57,-0.44,1.13,1.98,3.39,Wednesday,March,2024,0,0,0
3/21/2024,424129,411871,221708,1.51,3.50,0.34,1.98,1.41,4.22,Thursday,March,2024,0,0,0
3/22/2024,407857,389332,227608,2.74,4.50,0.56,2.24,3.28,4.97,Friday,March,2024,0,0,0
3/23/2024,394366,362639,213524,1.49,3.59,0.63,1.79,2.98,5.27,Saturday,March,2024,0,0,0
3/24/2024,387745,378309,211629,1.21,1.87,-1.32,1.44,1.83,2.14,Sunday,March,2024,0,0,0
3/25/2024,418101,419751,224495,-0.39,1.10,-2.46,1.46,1.57,1.94,Monday,March,2024,0,0,0
3/26/2024,423724,420037,226296,-0.59,1.76,-2.32,1.36,2.44,1.52,Tuesday,March,2024,0,0,0
3/27/2024,408011,393026,226801,1.23,4.72,0.31,1.82,2.67,3.95,Wednesday,March,2024,0,0,0
3/28/2024,377008,373099,207077,2.97,5.74,3.00,2.59,2.6,4.48,Thursday,March,2024,1,0,0
3/29/2024,369094,340426,195178,3.26,5.99,2.83,1.91,2.44,4.03,Friday,March,2024,1,1,1
3/30/2024,365144,324338,187952,3.79,6.16,2.73,1.34,1.87,3.95,Saturday,March,2024,0,0,0
3/31/2024,360121,333527,187003,3.43,6.68,2.80,1.59,2.09,3.43,Sunday,March,2024,1,1,1
4/1/2024,363862,339329,185775,3.31,5.88,3.84,2.49,3.11,3.01,Monday,April,2024,1,1,1
4/2/2024,406689,429287,217935,1.16,0.30,-0.43,3.34,6.48,8.01,Tuesday,April,2024,0,0,0
4/3/2024,423230,445444,232487,-1.05,-1.35,-3.42,2.65,5.89,9.19,Wednesday,April,2024,0,0,0
4/4/2024,454505,430090,229089,-2.94,-0.61,-5.58,2.34,3.25,4.89,Thursday,April,2024,0,0,0
4/5/2024,444775,395792,236835,-1.39,2.95,-4.00,1.61,2.06,7.38,Friday,April,2024,0,0,0
4/6/2024,403934,361684,214944,1.11,4.82,-1.66,1.74,2.13,1.74,Saturday,April,2024,0,0,0
4/7/2024,374899,343879,219359,4.72,9.12,1.02,2.66,3.95,5.52,Sunday,April,2024,0,0,0
4/8/2024,375875,352889,216278,5.42,9.97,5.06,1.95,2.97,5.82,Monday,April,2024,0,0,0
4/9/2024,370597,343956,210943,5.81,9.98,5.53,1.37,1.48,1.95,Tuesday,April,2024,0,0,0
4/10/2024,368103,349325,223651,4.94,7.77,6.62,3.26,4.56,5.87,Wednesday,April,2024,0,0,0
4/11/2024,373518,363715,224678,5.70,7.81,5.28,2.73,4.5,8.31,Thursday,April,2024,0,0,0
4/12/2024,365432,359350,219829,6.17,8.71,5.14,1.93,2.77,5.29,Friday,April,2024,0,0,0
4/13/2024,340980,317597,211594,6.40,9.31,5.25,2.5,3.38,4.46,Saturday,April,2024,0,0,0
4/14/2024,344357,337198,210563,4.32,7.01,4.73,3.2,4.29,4.58,Sunday,April,2024,0,0,0
4/15/2024,376642,364465,218356,3.06,5.53,4.20,1.5,2.8,3.96,Monday,April,2024,0,0,0
4/16/2024,376530,376518,221649,3.09,4.16,3.07,2.05,3.25,1.21,Tuesday,April,2024,0,0,0
4/17/2024,379204,375791,228308,2.73,3.69,0.67,2.27,3.38,2.83,Wednesday,April,2024,0,0,0
4/18/2024,383144,387233,227775,1.66,2.34,-1.19,1.27,2.47,3.54,Thursday,April,2024,0,0,0
4/19/2024,388892,389437,240707,1.62,1.70,-2.13,1.53,2.83,5.18,Friday,April,2024,0,0,0
4/20/2024,369395,350029,238917,2.31,1.74,-2.64,2.43,3.66,2.41,Saturday,April,2024,0,0,0
4/21/2024,358490,359261,227876,2.81,1.26,-1.82,2.42,3.78,4.6,Sunday,April,2024,0,0,0
4/22/2024,382037,409135,240919,2.05,0.36,-1.18,1.28,4.54,7.9,Monday,April,2024,0,0,0
4/23/2024,377071,383360,237159,2.81,2.60,-0.64,1.93,2.42,5.83,Tuesday,April,2024,0,0,0
4/24/2024,376345,381144,225642,2.96,3.61,1.05,1.71,2.53,4.61,Wednesday,April,2024,0,0,0
4/25/2024,374175,376843,224103,2.67,2.98,1.72,1.35,2.44,5.26,Thursday,April,2024,0,0,0
4/26/2024,366348,371911,220080,3.45,3.48,2.24,1.37,1.16,3.22,Friday,April,2024,0,0,0
4/27/2024,345550,343723,205570,4.07,4.96,4.03,0.88,1.46,3.23,Saturday,April,2024,0,0,0
4/28/2024,351739,318316,199234,4.21,8.18,4.96,2.19,2.63,3.28,Sunday,April,2024,0,0,0
4/29/2024,350214,342663,205774,6.36,9.66,8.49,2.88,2.99,5.01,Monday,April,2024,0,0,0
4/30/2024,339096,313804,200174,8.36,10.88,8.10,1.16,1.66,4.07,Tuesday,April,2024,0,0,0
5/1/2024,306152,283540,192665,10.39,11.30,8.22,2.03,2.61,2.62,Wednesday,May,2024,1,1,1
5/2/2024,310647,310078,195314,11.74,11.26,9.16,2.04,2.56,1.32,Thursday,May,2024,0,0,0
5/3/2024,312227,304729,198817,11.77,11.71,9.39,1.65,2.14,2.87,Friday,May,2024,0,0,0
5/4/2024,297452,275914,189550,11.05,12.67,9.88,1.33,1.8,4.63,Saturday,May,2024,0,0,0
5/5/2024,304123,284935,194445,9.45,10.10,6.30,1.14,2.41,1.99,Sunday,May,2024,0,0,0
5/6/2024,331250,345249,208618,8.17,7.91,3.83,1.98,3.67,4.39,Monday,May,2024,0,0,0
5/7/2024,329681,340732,213000,8.01,7.41,2.91,1.62,2.46,3.12,Tuesday,May,2024,0,0,0
5/8/2024,331972,355132,210010,8.20,7.36,2.60,1.7,2.74,3.72,Wednesday,May,2024,0,0,0
5/9/2024,321859,331444,211229,8.20,8.98,4.58,2.12,1.96,3.93,Thursday,May,2024,1,1,1
5/10/2024,333393,320302,214383,7.68,9.98,5.94,1.41,2.76,5.09,Friday,May,2024,0,0,0
5/11/2024,313811,290961,198526,10.06,10.83,6.62,1.32,1.5,5.12,Saturday,May,2024,0,0,0
5/12/2024,299157,279652,191865,11.60,12.85,7.93,1.49,1.44,2.36,Sunday,May,2024,0,0,0
5/13/2024,305892,314194,189239,12.87,14.44,11.44,1.71,1.37,2.56,Monday,May,2024,0,0,0
5/14/2024,305958,306832,190256,14.05,15.25,13.57,1.59,2.28,1.78,Tuesday,May,2024,0,0,0
5/15/2024,303962,303686,190761,14.73,15.77,14.95,1.54,2.67,3.65,Wednesday,May,2024,0,0,0
5/16/2024,305987,299523,191007,15.05,15.43,15.54,1.7,2.46,4.46,Thursday,May,2024,0,0,0
5/17/2024,277612,293780,192409,14.89,15.35,16.10,1.79,2.02,2.99,Friday,May,2024,1,0,0
5/18/2024,279461,266619,181251,14.02,16.32,15.83,1.44,1.7,2.74,Saturday,May,2024,0,0,0
5/19/2024,280836,265082,178129,12.68,17.11,15.87,1.53,2.8,3.36,Sunday,May,2024,1,1,1
5/20/2024,295481,306790,194916,12.69,14.41,11.86,1.93,3.19,3.23,Monday,May,2024,1,0,0
5/21/2024,298324,305629,197472,14.54,14.54,11.89,1.62,2.17,3.12,Tuesday,May,2024,0,0,0
5/22/2024,297207,300529,193022,16.09,15.79,14.67,2.25,2.93,2.97,Wednesday,May,2024,0,0,0
5/23/2024,296150,297868,192410,17.06,16.88,17.52,2.5,2.9,4.28,Thursday,May,2024,0,0,0
5/24/2024,298993,299143,192334,14.86,16.01,18.75,1.41,2.25,3.77,Friday,May,2024,0,0,0
5/25/2024,284670,266006,179369,15.85,17.24,18.12,1.62,1.53,1.94,Saturday,May,2024,0,0,0
5/26/2024,274373,260766,173921,16.88,17.35,17.77,2.36,2.21,2.07,Sunday,May,2024,0,0,0
5/27/2024,297735,296926,188535,14.92,17.53,19.81,2.2,2.67,2.01,Monday,May,2024,0,0,0
5/28/2024,297202,298029,184348,13.88,17.26,20.68,1.69,2.23,2.06,Tuesday,May,2024,0,0,0
5/29/2024,292612,302274,185171,13.61,16.08,20.61,2.22,2.29,1.79,Wednesday,May,2024,0,0,0
5/30/2024,300094,299793,184707,13.76,16.49,20.08,1.92,1.65,1.39,Thursday,May,2024,0,0,0
5/31/2024,296710,298449,188514,15.27,18.44,21.30,1.33,2,2.15,Friday,May,2024,0,0,0
6/1/2024,282864,258973,179576,15.52,19.86,21.42,0.78,2.05,2.44,Saturday,June,2024,0,0,0
6/2/2024,278803,263210,173078,15.12,19.79,19.17,1.57,2.37,1.31,Sunday,June,2024,0,0,0
6/3/2024,297564,290313,184631,13.36,17.74,19.48,2.41,2.22,2.54,Monday,June,2024,0,0,0
6/4/2024,306276,302782,189596,11.62,16.37,18.77,3.18,2.74,5,Tuesday,June,2024,0,0,0
6/5/2024,308444,295512,192233,10.29,14.87,18.75,3.73,3.45,3.27,Wednesday,June,2024,0,0,0
6/6/2024,316868,276858,190406,9.39,12.73,16.05,2.36,3,4.31,Thursday,June,2024,0,1,0
6/7/2024,316638,285958,187626,9.36,12.62,14.18,2.21,2.58,4.53,Friday,June,2024,0,0,0
6/8/2024,306073,272309,182274,8.77,12.36,13.58,2.37,2.93,3.4,Saturday,June,2024,0,0,0
6/9/2024,301036,276659,183828,9.20,10.98,12.63,1.84,4.4,7.16,Sunday,June,2024,0,0,0
6/10/2024,317637,310104,194380,10.74,12.10,12.36,2.04,4.35,6.98,Monday,June,2024,0,0,0
6/11/2024,312364,307299,194580,11.05,13.10,13.14,1.22,1.26,4.82,Tuesday,June,2024,0,0,0
6/12/2024,312762,318496,191719,10.22,12.86,13.65,1.62,1.48,3.33,Wednesday,June,2024,0,0,0
6/13/2024,314663,314060,191025,10.37,12.08,13.66,1.8,2.35,4.49,Thursday,June,2024,0,0,0
6/14/2024,312018,304363,188575,11.47,12.94,13.73,1.7,2.37,2.52,Friday,June,2024,0,0,0
6/15/2024,296145,270045,185118,12.84,14.01,14.28,2.79,2.67,2.34,Saturday,June,2024,0,0,0
6/16/2024,289314,268071,179173,12.83,15.29,16.40,2.67,2.31,4.09,Sunday,June,2024,0,0,0
6/17/2024,308324,309544,185712,13.01,15.62,18.25,2.46,1.76,3.46,Monday,June,2024,0,0,0
6/18/2024,310236,305758,184182,12.42,15.31,16.80,1.93,2.81,4.28,Tuesday,June,2024,0,0,0
6/19/2024,309235,304502,181354,12.36,14.66,15.37,1.6,2.4,4.51,Wednesday,June,2024,0,0,0
6/20/2024,312846,290594,177070,12.50,15.53,14.79,2.49,3.38,6.53,Thursday,June,2024,0,0,0
6/21/2024,310199,258089,163498,12.95,16.30,14.96,1.5,2.03,3.92,Friday,June,2024,0,0,0
6/22/2024,292134,249684,156345,13.14,14.72,16.35,1.39,2.32,1.99,Saturday,June,2024,0,1,1
6/23/2024,282246,255025,156338,13.70,15.63,17.65,1.42,1.57,3.47,Sunday,June,2024,0,0,0
6/24/2024,302088,293608,176209,14.94,17.46,17.61,1.57,1.55,2.14,Monday,June,2024,0,0,0
6/25/2024,301442,293102,183079,15.83,19.03,19.50,2.19,2.55,3.64,Tuesday,June,2024,0,0,0
6/26/2024,300032,295681,185822,16.32,20.13,21.15,1.43,2.27,4.01,Wednesday,June,2024,0,0,0
6/27/2024,296463,291645,189375,18.42,21.58,21.75,1.78,2.12,2.9,Thursday,June,2024,0,0,0
6/28/2024,290813,289223,191490,15.82,19.57,23.54,3.19,3.03,3.01,Friday,June,2024,0,0,0
6/29/2024,282004,253470,178415,13.11,16.68,19.82,3.14,3.95,5.91,Saturday,June,2024,0,0,0
6/30/2024,285322,267927,171776,12.79,15.03,17.65,1.52,2.8,3.31,Sunday,June,2024,0,0,0
7/1/2024,304049,293600,188801,13.46,15.99,17.08,1.65,3.29,5.44,Monday,July,2024,0,0,0
7/2/2024,301672,303100,188834,12.83,15.63,17.09,1.23,1.85,4.54,Tuesday,July,2024,0,0,0
7/3/2024,299744,301097,186824,12.36,15.54,15.46,1.39,1.36,2.96,Wednesday,July,2024,0,0,0
7/4/2024,306655,291742,188773,11.49,13.93,16.49,2.59,3.4,4.12,Thursday,July,2024,0,0,0
7/5/2024,299683,286689,192314,11.19,13.30,15.50,2.09,3.56,5.12,Friday,July,2024,0,0,0
7/6/2024,286086,268325,181340,12.09,15.15,15.20,2.01,3.67,6.72,Saturday,July,2024,0,0,0
7/7/2024,285235,263764,181245,11.87,15.31,16.27,2.91,5.18,6.86,Sunday,July,2024,0,0,0
7/8/2024,296956,286855,189388,12.13,15.01,16.71,2.17,3.35,4.5,Monday,July,2024,0,0,0
7/9/2024,294610,279195,185509,13.00,16.13,16.10,1.59,2.45,4.62,Tuesday,July,2024,0,0,0
7/10/2024,298230,271590,185450,12.97,17.53,17.88,2.11,2.8,2.67,Wednesday,July,2024,0,0,0
7/11/2024,289966,276588,192882,15.08,17.82,18.59,1.75,1.93,4.63,Thursday,July,2024,0,0,0
7/12/2024,287682,271514,189781,14.82,18.62,18.64,1.47,1.54,3.51,Friday,July,2024,0,0,0
7/13/2024,277816,259517,176339,16.69,17.53,19.86,1.93,2.95,2.43,Saturday,July,2024,0,0,0
7/14/2024,275962,248683,177499,15.36,16.86,18.87,1.96,3.2,3.82,Sunday,July,2024,0,0,0
7/15/2024,285215,268733,184382,14.90,16.76,17.76,1.92,2.19,3.72,Monday,July,2024,0,0,0
7/16/2024,285087,270040,186716,15.46,17.35,18.92,1.42,1.89,2.6,Tuesday,July,2024,0,0,0
7/17/2024,286911,267579,186791,15.05,17.21,19.71,1.55,3.65,4.66,Wednesday,July,2024,0,0,0
7/18/2024,286042,261848,188156,16.12,17.26,18.45,1.44,3.79,5.03,Thursday,July,2024,0,0,0
7/19/2024,281706,262094,184633,16.64,18.19,17.63,0.94,2.67,5.4,Friday,July,2024,0,0,0
7/20/2024,267860,245404,178118,18.40,19.43,18.18,1.17,2.01,3.53,Saturday,July,2024,0,0,0
7/21/2024,262903,246601,174950,18.61,19.52,19.32,1.87,1.58,2.71,Sunday,July,2024,0,0,0
7/22/2024,280734,268908,185515,15.82,18.36,20.72,1.6,1.87,3.18,Monday,July,2024,0,0,0
7/23/2024,282662,263803,186551,15.55,18.02,20.93,0.97,1.1,3.33,Tuesday,July,2024,0,0,0
7/24/2024,283164,264832,185537,14.33,17.90,20.80,1.57,1.43,2.38,Wednesday,July,2024,0,0,0
7/25/2024,281910,260984,188196,15.20,17.78,21.24,2,1.83,2.05,Thursday,July,2024,0,0,0
7/26/2024,280585,268030,189849,15.12,18.13,21.33,2.45,2.04,2.42,Friday,July,2024,0,0,0
7/27/2024,270427,245610,179699,15.06,17.57,20.36,1.06,2.45,3.14,Saturday,July,2024,0,0,0
7/28/2024,267896,251570,177812,15.08,16.93,19.13,1.94,2.21,3.43,Sunday,July,2024,0,0,0
7/29/2024,285822,264680,189974,15.21,17.66,19.22,1.26,3.68,5.44,Monday,July,2024,0,0,0
7/30/2024,289085,265613,188467,15.61,18.09,17.84,1.65,2,4.44,Tuesday,July,2024,0,0,0
7/31/2024,283918,266678,192155,15.17,17.36,16.09,1.92,2.66,4.77,Wednesday,July,2024,0,0,0
8/1/2024,290787,268537,189343,14.84,17.35,16.15,1.12,2.76,5.61,Thursday,August,2024,0,0,0
8/2/2024,286400,272495,188382,15.72,17.69,16.96,1.18,1.89,4.05,Friday,August,2024,0,0,0
8/3/2024,274675,252744,179417,16.32,18.18,17.17,1.28,1.89,1.58,Saturday,August,2024,0,0,0
8/4/2024,271430,260640,177354,15.75,17.42,17.52,1.31,1,1.77,Sunday,August,2024,0,0,0
8/5/2024,292047,284809,191467,16.59,17.95,17.88,1.34,1.5,2.01,Monday,August,2024,0,0,0
8/6/2024,294394,284528,192542,17.39,18.95,18.15,1.74,0.95,1.81,Tuesday,August,2024,0,0,0
8/7/2024,294390,290583,194300,16.75,19.62,18.06,2.21,2.03,1.53,Wednesday,August,2024,0,0,0
8/8/2024,295857,286254,196658,15.32,18.41,18.79,2.32,2.58,2.26,Thursday,August,2024,0,0,0
8/9/2024,293863,280357,197635,14.07,16.80,19.17,2.89,3.16,3.8,Friday,August,2024,0,0,0
8/10/2024,275473,258713,188127,13.94,16.67,16.44,2.72,4.78,7.77,Saturday,August,2024,0,0,0
8/11/2024,281591,260764,182513,14.17,16.91,15.78,2.53,3.84,6.11,Sunday,August,2024,0,0,0
8/12/2024,297533,298038,195671,14.46,16.56,15.29,1.32,3.32,5.18,Monday,August,2024,0,0,0
8/13/2024,298319,300781,196262,16.10,17.92,17.94,1.48,1.68,3.35,Tuesday,August,2024,0,0,0
8/14/2024,303037,303355,195366,16.03,19.24,18.74,1.81,2.28,3.46,Wednesday,August,2024,0,0,0
8/15/2024,302857,312668,201405,15.29,19.70,19.21,2.85,3,3.33,Thursday,August,2024,0,0,0
8/16/2024,299374,294861,200508,14.41,18.34,18.08,1.98,2.9,4.93,Friday,August,2024,0,0,0
8/17/2024,286983,260806,183022,13.53,16.10,17.33,2.3,3.15,4.55,Saturday,August,2024,0,0,0
8/18/2024,289646,276433,181953,12.74,16.14,16.90,2.49,3.01,4.44,Sunday,August,2024,0,0,0
8/19/2024,313988,302359,197480,12.89,16.20,16.17,2.02,2.63,4.75,Monday,August,2024,0,0,0
8/20/2024,313472,295489,199049,14.51,17.02,16.31,3.41,2.65,1.85,Tuesday,August,2024,0,0,0
8/21/2024,307670,306476,201431,13.75,16.30,17.75,1.71,2.53,5.54,Wednesday,August,2024,0,0,0
8/22/2024,315446,306184,201740,13.00,15.52,17.97,2.93,2.99,5,Thursday,August,2024,0,0,0
8/23/2024,316555,298011,199984,12.60,16.75,16.82,3,4.39,5.95,Friday,August,2024,0,0,0
8/24/2024,301961,269900,190132,12.49,17.20,16.71,2.49,4.35,8.19,Saturday,August,2024,0,0,0
8/25/2024,297572,274873,187932,12.41,17.02,17.79,2.58,4.79,6.99,Sunday,August,2024,0,0,0
8/26/2024,319264,305922,203354,12.31,15.81,16.13,3.25,4.25,5.91,Monday,August,2024,0,0,0
8/27/2024,317206,300841,203526,12.45,16.39,15.91,2.29,3.04,5.93,Tuesday,August,2024,0,0,0
8/28/2024,312706,301466,201676,15.32,18.24,16.39,2.08,2.64,4.29,Wednesday,August,2024,0,0,0
8/29/2024,312023,300343,202151,15.21,19.39,17.60,2.11,3.12,2.89,Thursday,August,2024,0,0,0
8/30/2024,312641,305811,204985,12.69,16.82,19.14,2.09,2.52,4.37,Friday,August,2024,0,0,0
8/31/2024,293989,275620,191316,12.54,15.30,15.62,1.71,3.12,5.32,Saturday,August,2024,0,0,0
9/1/2024,290357,285176,189720,13.52,14.39,14.13,1.14,2.13,5.8,Sunday,September,2024,0,0,0
9/2/2024,307859,316925,206279,13.21,14.43,15.29,1.24,1.96,3.86,Monday,September,2024,0,0,0
9/3/2024,311222,312821,199675,13.94,16.92,16.76,2.12,2.47,1.27,Tuesday,September,2024,0,0,0
9/4/2024,302191,311769,199632,15.56,19.65,18.64,1.61,2.26,2.6,Wednesday,September,2024,0,0,0
9/5/2024,296102,311937,197751,17.62,20.24,19.29,1.49,2.04,2.15,Thursday,September,2024,0,0,0
9/6/2024,293682,305320,196438,17.53,19.18,18.44,1.25,2.14,3.13,Friday,September,2024,0,0,0
9/7/2024,274665,277799,184885,16.89,19.19,17.69,1.33,1.69,2.99,Saturday,September,2024,0,0,0
9/8/2024,276277,269282,180418,17.01,20.31,18.09,1.42,2.8,3.39,Sunday,September,2024,0,0,0
9/9/2024,296520,307171,195101,14.83,18.57,18.34,1.73,4.56,5.9,Monday,September,2024,0,0,0
9/10/2024,305898,304547,197531,11.65,15.38,18.31,2.67,4.35,7.16,Tuesday,September,2024,0,0,0
9/11/2024,311868,321078,191974,10.24,12.21,16.32,3.5,3.8,5.19,Wednesday,September,2024,0,0,0
9/12/2024,321463,316757,186861,9.94,11.82,16.09,2.26,2.57,3.17,Thursday,September,2024,0,0,0
9/13/2024,326469,317464,187490,9.26,12.33,15.41,1.44,1.57,1.61,Friday,September,2024,0,0,0
9/14/2024,309701,284196,179359,9.44,12.07,15.11,1.62,3.01,1.6,Saturday,September,2024,0,0,0
9/15/2024,303593,293732,175617,11.20,11.86,13.15,1.9,1.97,3.49,Sunday,September,2024,0,0,0
9/16/2024,320863,333272,185979,11.71,12.51,13.49,1.57,1.81,3.85,Monday,September,2024,0,0,0
9/17/2024,327462,323423,186830,11.36,13.65,14.71,1.37,1.55,3.46,Tuesday,September,2024,0,0,0
9/18/2024,322787,314093,194452,12.95,13.92,13.35,1.01,1.24,2.89,Wednesday,September,2024,0,0,0
9/19/2024,316410,315331,193257,12.77,14.21,13.98,1.13,1.31,3.03,Thursday,September,2024,0,0,0
9/20/2024,323531,296064,192222,11.52,14.87,14.08,1.34,2.31,4.9,Friday,September,2024,0,0,0
9/21/2024,311197,280107,189207,11.07,13.41,10.05,1.33,2.39,5.11,Saturday,September,2024,0,0,0
9/22/2024,312173,288059,183327,10.75,13.24,8.32,1.52,1.92,2.07,Sunday,September,2024,0,0,0
9/23/2024,336753,322589,197323,10.01,14.17,10.03,1.33,2.31,4.82,Monday,September,2024,0,0,0
9/24/2024,341855,316152,199872,9.93,14.45,13.39,1.86,2.46,4.4,Tuesday,September,2024,0,0,0
9/25/2024,342310,316387,200566,9.12,13.40,14.54,2.31,4.59,8.53,Wednesday,September,2024,0,0,0
9/26/2024,355064,320100,200826,7.75,12.08,12.41,1.71,2.76,7.07,Thursday,September,2024,0,0,0
9/27/2024,355751,320546,202636,6.63,10.49,12.03,2.2,2.34,10.05,Friday,September,2024,0,0,0
9/28/2024,353789,305716,190204,5.20,8.29,9.04,2.05,2.6,6.34,Saturday,September,2024,0,0,0
9/29/2024,354237,307944,195218,5.14,7.84,6.97,1.75,2.96,5.4,Sunday,September,2024,0,0,0
9/30/2024,370452,344712,205097,6.88,8.61,6.70,0.96,1.98,3.04,Monday,September,2024,0,0,0
10/1/2024,356944,346167,210516,7.33,9.15,7.28,1.31,2.36,4.77,Tuesday,October,2024,0,0,0
10/2/2024,357474,361734,202721,6.74,8.24,6.33,1.74,3.19,6.43,Wednesday,October,2024,0,0,0
10/3/2024,358995,360011,206123,6.96,8.30,6.02,1.4,2.2,4.68,Thursday,October,2024,0,0,0
10/4/2024,362168,350088,215299,6.35,7.71,6.18,1.32,2.01,3.91,Friday,October,2024,0,0,0
10/5/2024,347853,321091,197428,7.15,7.97,6.71,1.12,2.27,3.88,Saturday,October,2024,0,0,0
10/6/2024,338754,320894,199433,7.76,8.78,8.05,1.78,2.99,6.73,Sunday,October,2024,0,0,0
10/7/2024,366878,359161,208825,7.03,8.86,6.38,1.85,1.56,3.9,Monday,October,2024,0,0,0
10/8/2024,368343,360869,224159,8.07,10.63,5.22,1.93,2.59,5.35,Tuesday,October,2024,0,0,0
10/9/2024,353108,359506,228553,8.76,11.53,6.04,1.75,3.04,9.93,Wednesday,October,2024,0,0,0
10/10/2024,366304,345944,220288,6.35,11.22,9.49,2.31,3.44,6.41,Thursday,October,2024,0,0,0
10/11/2024,380628,345348,208527,4.23,7.78,10.09,1.9,2.71,8.31,Friday,October,2024,0,0,0
10/12/2024,380673,321738,206722,4.04,7.97,6.26,2.21,2.81,4.96,Saturday,October,2024,0,0,0
10/13/2024,361882,324164,204982,5.56,8.75,6.04,1.83,2.56,4.34,Sunday,October,2024,0,0,0
10/14/2024,383424,352200,206330,4.26,7.49,5.72,1.65,1.78,2.55,Monday,October,2024,0,0,0
10/15/2024,390152,368577,216857,4.33,5.56,4.68,1.42,2.75,5.52,Tuesday,October,2024,0,0,0
10/16/2024,378624,362205,221928,5.92,6.70,5.37,1.51,2.69,6.29,Wednesday,October,2024,0,0,0
10/17/2024,363996,345443,222423,7.72,8.89,7.72,1.67,3.64,6.9,Thursday,October,2024,0,0,0
10/18/2024,355688,344856,218611,9.30,10.27,8.66,1.02,2.83,7.07,Friday,October,2024,0,0,0
10/19/2024,337647,309055,207467,9.60,10.77,9.01,1.47,2.96,6.14,Saturday,October,2024,0,0,0
10/20/2024,331171,307889,206875,9.77,12.32,8.72,2.69,3.13,6.78,Sunday,October,2024,0,0,0
10/21/2024,352053,336790,221074,9.55,12.83,10.33,3.98,4.69,8.72,Monday,October,2024,0,0,0
10/22/2024,364387,344694,219250,7.62,10.47,9.31,2.75,3.66,7.68,Tuesday,October,2024,0,0,0
10/23/2024,373233,348553,224727,7.41,9.70,8.18,2.64,4.59,8.44,Wednesday,October,2024,0,0,0
10/24/2024,361658,345927,218207,8.61,10.12,7.98,2.19,3.43,6.09,Thursday,October,2024,0,0,0
10/25/2024,374664,351620,224814,7.56,9.01,7.58,1.46,3.1,6.02,Friday,October,2024,0,0,0
10/26/2024,358039,322317,211514,6.96,9.32,7.12,1.23,1.28,3.78,Saturday,October,2024,0,0,0
10/27/2024,347869,318875,216517,6.85,9.45,7.92,2.52,3.72,4.66,Sunday,October,2024,0,0,0
10/28/2024,388615,357200,231526,5.36,8.04,6.21,1.99,3.35,7.05,Monday,October,2024,0,0,0
10/29/2024,403044,370947,231489,4.27,8.07,4.10,1.68,2.51,6.25,Tuesday,October,2024,0,0,0
10/30/2024,397830,380802,232608,5.31,8.67,5.22,1.99,3.35,9.07,Wednesday,October,2024,0,0,0
10/31/2024,393704,376488,239257,6.41,8.70,2.37,2.72,2.8,5.12,Thursday,October,2024,0,0,0
11/1/2024,397637,357310,252442,4.28,9.22,0.28,3.88,5.08,5.34,Friday,November,2024,0,0,0
11/2/2024,403591,373964,244655,1.88,3.88,0.43,1.82,4.3,7.94,Saturday,November,2024,0,1,1
11/3/2024,375525,356693,240387,6.28,7.55,0.24,2.46,4.1,6.64,Sunday,November,2024,0,0,0
11/4/2024,390366,387864,248771,5.46,5.49,-0.10,1.28,2.52,5.98,Monday,November,2024,0,0,0
11/5/2024,395696,385182,245093,4.84,7.24,3.19,0.99,2.52,5.32,Tuesday,November,2024,0,0,0
11/6/2024,401957,385668,231063,4.73,6.58,3.94,0.84,2.59,5.68,Wednesday,November,2024,0,0,0
11/7/2024,400486,383659,234650,4.73,6.36,4.24,0.93,2.19,4.8,Thursday,November,2024,0,0,0
11/8/2024,398139,383136,238786,5.18,5.34,4.78,1.26,2.56,5.24,Friday,November,2024,0,0,0
11/9/2024,376296,355318,217334,4.45,5.52,4.38,0.61,1.64,5.46,Saturday,November,2024,0,0,0
11/10/2024,387726,362516,217996,3.44,4.91,0.47,0.68,1.41,1.82,Sunday,November,2024,0,0,0
11/11/2024,411623,396774,230910,3.62,5.13,1.77,1.02,1.78,4.4,Monday,November,2024,0,0,0
11/12/2024,411017,403450,228234,3.30,3.63,2.50,1.32,2.03,3.9,Tuesday,November,2024,0,0,0
11/13/2024,405486,392191,239753,4.44,4.73,3.85,1.32,2.68,6.59,Wednesday,November,2024,0,0,0
11/14/2024,421540,388149,243135,3.36,4.69,3.00,1.79,2.71,6.2,Thursday,November,2024,0,0,0
11/15/2024,400638,380170,240579,5.41,6.60,3.97,2.12,3.03,6.16,Friday,November,2024,0,0,0
11/16/2024,387340,349188,224607,3.70,7.58,5.17,4.07,5.57,10.08,Saturday,November,2024,0,0,0
11/17/2024,404232,366113,220601,2.39,4.72,2.54,2.29,4.55,10.31,Sunday,November,2024,0,0,0
11/18/2024,444436,416529,229620,-0.31,1.66,0.10,1.9,2.75,5.95,Monday,November,2024,0,0,0
11/19/2024,450716,447434,234641,-2.31,-0.19,-1.26,1.52,1.6,2.51,Tuesday,November,2024,0,0,0
11/20/2024,464344,466120,252833,-3.47,-0.76,-1.09,2.19,5.53,9.37,Wednesday,November,2024,0,0,0
11/21/2024,483728,477686,255451,-5.50,-3.07,-1.18,2.6,5.09,10.74,Thursday,November,2024,0,0,0
11/22/2024,499128,480549,251652,-5.15,-4.56,-2.80,2.2,3.28,8.94,Friday,November,2024,0,0,0
11/23/2024,464715,434279,251122,-2.76,-1.94,-4.46,1.78,2.95,6.55,Saturday,November,2024,0,0,0
11/24/2024,441551,408681,251299,0.42,2.75,-1.42,1.85,3.22,7.6,Sunday,November,2024,0,0,0
11/25/2024,425604,400015,252448,4.25,9.13,4.43,2.57,4.02,11.26,Monday,November,2024,0,0,0
11/26/2024,420991,402773,240034,3.00,5.99,5.12,2.5,3.32,7.53,Tuesday,November,2024,0,0,0
11/27/2024,439870,408166,229451,0.17,3.70,2.85,2.2,1.88,5.14,Wednesday,November,2024,0,0,0
11/28/2024,466152,430655,234740,-2.37,1.04,2.38,1.81,2.45,3.48,Thursday,November,2024,0,0,0
11/29/2024,467389,431340,255272,0.41,1.09,0.64,1.36,2.64,5.02,Friday,November,2024,0,0,0
11/30/2024,409006,374344,244880,3.61,3.34,1.13,2.7,3.77,7.07,Saturday,November,2024,0,0,0
12/1/2024,381656,378832,235499,5.40,4.75,4.25,2.98,3.43,8.04,Sunday,December,2024,0,0,0
12/2/2024,418782,434544,245037,3.00,4.76,3.87,2.53,2.83,9.54,Monday,December,2024,0,0,0
12/3/2024,462868,445159,256922,-2.54,0.67,-1.08,2.13,3.1,6.55,Tuesday,December,2024,0,0,0
12/4/2024,483564,466206,273519,-3.93,-2.32,-4.76,1.1,2.08,4.42,Wednesday,December,2024,0,0,0
12/5/2024,476423,475875,286147,-0.98,-0.47,-3.27,2.16,2.21,7.65,Thursday,December,2024,0,0,0
12/6/2024,458667,443599,264694,0.44,1.73,-1.20,1.62,2.81,6.46,Friday,December,2024,0,0,1
12/7/2024,431384,414173,253949,0.55,1.86,-1.59,1.9,2.38,5.17,Saturday,December,2024,0,0,0
12/8/2024,428115,405737,246676,-0.20,1.59,-1.26,2.19,1.85,2.73,Sunday,December,2024,0,0,0
12/9/2024,478239,447773,268993,-2.95,0.02,-2.16,2.17,2.06,2.7,Monday,December,2024,0,0,0
12/10/2024,477903,459923,273650,-2.22,-0.76,0.58,1.61,2.61,6.41,Tuesday,December,2024,0,0,0
12/11/2024,471351,455578,275081,-2.09,-1.15,-0.17,2.17,2.56,7.05,Wednesday,December,2024,0,0,0
12/12/2024,471274,481534,278026,-2.22,-3.17,-3.91,1.66,2.51,8.27,Thursday,December,2024,0,0,0
12/13/2024,464896,453090,273477,-0.55,-0.97,-4.64,1.59,2.94,6.44,Friday,December,2024,0,0,0
12/14/2024,447369,434099,276873,-0.76,1.00,-3.50,2.4,4.11,5.91,Saturday,December,2024,0,0,0
12/15/2024,447548,431706,284194,0.24,1.17,-8.65,2.31,3.91,5.93,Sunday,December,2024,0,0,0
12/16/2024,453897,433160,289294,1.64,4.86,-3.66,3.53,4.54,10.14,Monday,December,2024,0,0,0
12/17/2024,460847,438210,281827,-0.70,2.52,-7.17,2.16,3.83,6.85,Tuesday,December,2024,0,0,0
12/18/2024,443431,423579,291560,2.02,3.10,-8.05,2.67,2.75,5.54,Wednesday,December,2024,0,0,0
12/19/2024,441743,427650,270762,0.06,4.24,-0.51,2.14,3.27,7.47,Thursday,December,2024,0,0,0
12/20/2024,463381,432733,260600,-1.40,0.72,-2.50,2.42,2.83,6.18,Friday,December,2024,0,0,0
12/21/2024,442099,407784,262210,-0.70,2.04,-6.30,1.31,2.31,5.71,Saturday,December,2024,0,0,0
12/22/2024,428345,390461,247858,-0.13,2.87,-1.99,1.81,2.68,8.16,Sunday,December,2024,0,0,0
12/23/2024,447967,410096,233276,-2.08,1.34,-0.21,2.4,1.59,4.05,Monday,December,2024,0,0,0
12/24/2024,434437,396967,229149,-0.21,0.69,-1.49,1.63,2.26,3.1,Tuesday,December,2024,0,0,0
12/25/2024,385350,352596,223450,3.78,5.79,2.09,1.8,3.46,7,Wednesday,December,2024,1,1,1
12/26/2024,392422,354031,222165,3.24,6.00,2.19,1.67,2.87,5.9,Thursday,December,2024,1,1,1
12/27/2024,419521,385476,238790,1.17,4.44,-0.55,1.1,1.55,2.82,Friday,December,2024,0,0,0
12/28/2024,410696,376986,239390,2.01,3.60,-0.54,1.45,2.1,3.85,Saturday,December,2024,0,0,0
12/29/2024,408788,364418,231855,2.27,5.09,2.25,2.52,4.33,7.83,Sunday,December,2024,0,0,0
12/30/2024,448029,408275,254255,-1.73,3.07,-0.35,1.95,3.3,8.7,Monday,December,2024,0,0,0
12/31/2024,462864,416829,265712,-3.72,-0.26,-3.54,1.87,2.38,6.88,Tuesday,December,2024,0,0,0
1/1/2025,468333,395930,256686,-5.83,0.47,-5.49,2.43,2.39,5.21,Wednesday,January,2025,1,1,1
1/2/2025,506779,464860,271397,-8.38,-4.76,-7.59,2.39,2.77,5.09,Thursday,January,2025,0,0,0
1/3/2025,512658,484442,282161,-7.70,-6.22,-9.26,2.71,2.4,4.11,Friday,January,2025,0,0,0
1/4/2025,504695,473023,275403,-9.39,-5.53,-10.08,2,3.32,4.49,Saturday,January,2025,0,0,0
1/5/2025,510746,483633,278874,-9.61,-6.58,-11.06,1.74,2.41,3.38,Sunday,January,2025,0,0,0
1/6/2025,522589,473735,276357,-5.97,-1.38,-7.54,3.41,2.99,5.76,Monday,January,2025,0,1,1
1/7/2025,503298,479862,293232,-3.48,1.79,-4.11,3.27,3.97,7.54,Tuesday,January,2025,0,0,0
1/8/2025,505940,484690,271844,-7.63,0.37,-2.37,1.85,3.07,4.63,Wednesday,January,2025,0,0,0
1/9/2025,509461,485997,273679,-7.55,-2.21,-5.87,1.9,1.57,5.24,Thursday,January,2025,0,0,0
1/10/2025,503442,484277,281573,-7.99,-2.75,-5.37,2.51,4.74,7.84,Friday,January,2025,0,0,0
1/11/2025,490552,453733,285380,-7.63,-2.82,-6.54,2.73,6.52,8.6,Saturday,January,2025,0,0,0
1/12/2025,497559,474561,276819,-8.79,-4.83,-9.06,2.02,3.42,7.72,Sunday,January,2025,0,0,0
1/13/2025,493816,496158,287299,-0.83,-0.92,-3.08,2.49,3.86,6.53,Monday,January,2025,0,0,0
1/14/2025,455927,444856,269928,1.64,3.56,1.38,1.88,3.21,7.06,Tuesday,January,2025,0,0,0
1/15/2025,455153,443865,268129,1.67,1.08,-1.21,1.64,2.68,5.23,Wednesday,January,2025,0,0,0
1/16/2025,437998,429392,263104,2.68,4.22,2.90,1.65,2.94,7.26,Thursday,January,2025,0,0,0
1/17/2025,435412,429492,265085,3.05,3.98,1.77,1.97,3.96,6.38,Friday,January,2025,0,0,0
1/18/2025,421335,397996,251739,1.12,3.22,0.95,1.66,2.62,7.89,Saturday,January,2025,0,0,0
1/19/2025,431128,409397,256043,-0.88,1.42,-0.41,1.53,2.83,5.64,Sunday,January,2025,0,0,0
1/20/2025,466572,455252,267556,-2.08,-0.25,-6.45,1.39,1.69,5.34,Monday,January,2025,0,0,0
1/21/2025,483846,470211,289516,-2.46,0.58,-7.99,1.22,2.01,9.78,Tuesday,January,2025,0,0,0
1/22/2025,483579,452111,271118,-3.87,0.99,-3.48,1.44,1.93,6.21,Wednesday,January,2025,0,0,0
1/23/2025,498192,467191,271524,-3.82,0.63,-3.54,2.3,2.81,5.4,Thursday,January,2025,0,0,0
1/24/2025,487641,456627,276798,-1.59,2.15,-1.07,2.67,3.78,6.44,Friday,January,2025,0,0,0
1/25/2025,441752,405369,264294,1.24,3.79,1.51,3.93,4.48,9.42,Saturday,January,2025,0,0,0
1/26/2025,440282,417608,247972,0.05,1.78,0.91,2.15,3.04,6.16,Sunday,January,2025,0,0,0
1/27/2025,469093,466103,254612,-0.80,0.96,-0.91,2,2.22,2.5,Monday,January,2025,0,0,0
1/28/2025,461198,441389,253842,0.07,2.75,0.71,0.86,1.74,4.14,Tuesday,January,2025,0,0,0
1/29/2025,456390,451731,253902,-0.41,2.18,1.39,1.78,2.29,5.34,Wednesday,January,2025,0,0,0
1/30/2025,463469,453179,259158,-2.18,1.99,1.06,1.61,2.66,7.34,Thursday,January,2025,0,0,0
1/31/2025,472734,446249,258282,-3.60,0.57,-1.27,2.02,1.86,3.48,Friday,January,2025,0,0,0
2/1/2025,463581,428291,259329,-4.77,-1.27,-2.42,1.77,2.84,4.86,Saturday,February,2025,0,0,0
2/2/2025,464320,459453,259433,-3.45,-2.23,-2.87,1.27,2.42,6.02,Sunday,February,2025,0,0,0
2/3/2025,485880,493693,274706,-1.83,-1.61,-7.33,1.15,1.81,4.88,Monday,February,2025,0,0,0
2/4/2025,466963,490823,293510,0.94,0.08,-9.97,2.52,2.18,3.54,Tuesday,February,2025,0,0,0
2/5/2025,446086,442762,285255,1.53,2.75,-2.20,2.53,3.11,8.02,Wednesday,February,2025,0,0,0
2/6/2025,458212,451610,262441,-0.95,0.24,-1.32,1.33,1.86,3.32,Thursday,February,2025,0,0,0
2/7/2025,464261,457551,275574,-2.21,-0.44,-1.45,1.47,1.45,3.87,Friday,February,2025,0,0,0
2/8/2025,455157,429428,263228,-2.14,-0.39,-2.94,1.56,2.54,4.96,Saturday,February,2025,0,0,0
2/9/2025,460448,429558,270028,-3.90,-0.51,-3.51,1.74,1.42,3,Sunday,February,2025,0,0,0
2/10/2025,482889,462588,274355,-3.86,-1.09,-3.40,2.09,1.36,2.54,Monday,February,2025,0,0,0
2/11/2025,475084,468687,284269,-2.97,-1.39,-2.60,1.78,0.76,3.19,Tuesday,February,2025,0,0,0
2/12/2025,486064,479814,272674,-4.27,-2.05,-2.63,1.7,1.26,4.69,Wednesday,February,2025,0,0,0
2/13/2025,483279,489196,283846,-3.91,-2.51,-7.02,1.73,2.77,5.21,Thursday,February,2025,0,0,0
2/14/2025,494597,483828,283286,-5.51,-4.39,-9.16,1.67,2.49,4.42,Friday,February,2025,0,0,0
2/15/2025,476913,469674,289877,-6.92,-5.10,-9.57,2.54,2.83,4.69,Saturday,February,2025,0,0,0
2/16/2025,489040,465678,276328,-8.50,-6.36,-9.43,1.98,2.74,3.55,Sunday,February,2025,0,0,0
2/17/2025,502872,489682,285281,-6.82,-3.94,-8.66,2.19,2.34,3.48,Monday,February,2025,0,0,0
2/18/2025,495349,490041,296025,-6.29,-2.91,-6.52,1.95,2.34,5.21,Tuesday,February,2025,0,0,0
2/19/2025,504399,496387,293827,-6.13,-3.35,-8.11,1.49,1.9,4.39,Wednesday,February,2025,0,0,0
2/20/2025,497471,479390,297138,-3.12,-2.44,-5.20,2.31,2.4,4.59,Thursday,February,2025,0,0,0
2/21/2025,461628,459289,292288,1.42,1.23,-1.39,2.11,3.45,8.95,Friday,February,2025,0,0,0
2/22/2025,419479,394471,270859,3.42,3.23,0.25,2.17,3.11,6.34,Saturday,February,2025,0,0,0
2/23/2025,407981,399706,259186,2.99,3.43,0.33,1.62,2.45,5.78,Sunday,February,2025,0,0,0
2/24/2025,431724,422544,267572,3.52,3.61,1.03,2.72,3.21,4.76,Monday,February,2025,0,0,0
2/25/2025,433677,421613,270499,2.31,4.27,0.71,1.47,2.51,4.84,Tuesday,February,2025,0,0,0
2/26/2025,439833,419978,262258,1.38,2.66,0.72,1.45,2.07,4.03,Wednesday,February,2025,0,0,0
2/27/2025,442856,428667,261914,0.70,2.12,0.86,1.21,1.36,2.51,Thursday,February,2025,0,0,0
2/28/2025,454255,432513,255516,-0.25,1.31,0.53,1.55,1.48,1.56,Friday,February,2025,0,0,0
3/1/2025,434520,413287,245999,0.42,0.78,-0.43,1.48,2.05,2.78,Saturday,March,2025,0,0,0
3/2/2025,416621,383704,255642,2.76,3.67,0.39,2.35,3.15,5.57,Sunday,March,2025,0,0,0
3/3/2025,427272,411907,265645,3.25,4.97,1.00,2.45,4.04,5.89,Monday,March,2025,0,0,0
3/4/2025,428883,415692,263142,3.52,5.52,0.70,2.8,3.56,6.63,Tuesday,March,2025,0,0,0
3/5/2025,418125,407865,264837,4.58,6.88,1.77,3.04,4.55,6.33,Wednesday,March,2025,0,0,0
3/6/2025,405062,400990,253585,5.06,7.40,3.28,2.64,4.72,6.93,Thursday,March,2025,0,0,0
3/7/2025,411794,383250,249572,3.26,6.24,1.02,1.95,2.38,3.65,Friday,March,2025,0,0,0
3/8/2025,403270,360845,246268,2.15,6.22,3.01,1.24,1.79,5.7,Saturday,March,2025,0,0,0
3/9/2025,403798,365532,234052,2.31,4.72,0.66,1.39,2.22,2.76,Sunday,March,2025,0,0,0
3/10/2025,429962,410983,247532,0.83,2.93,0.07,2.3,2.22,3.08,Monday,March,2025,0,0,0
3/11/2025,443737,435106,253830,-0.92,0.78,-2.62,1.86,3.33,5.11,Tuesday,March,2025,0,0,0
3/12/2025,456387,446775,256408,-2.23,0.16,-4.27,2.04,2.24,5.38,Wednesday,March,2025,0,0,0
3/13/2025,451772,452453,258506,-3.17,-0.72,-3.98,1.76,2.48,3.86,Thursday,March,2025,0,0,0
3/14/2025,460530,446919,269300,-2.55,-0.80,-5.01,1.68,2.6,6.57,Friday,March,2025,0,0,0
3/15/2025,434666,400686,271114,-0.49,0.99,-0.79,1.99,4.01,8.41,Saturday,March,2025,0,0,0
3/16/2025,423023,395402,261270,-0.08,1.57,-2.81,2.66,4.05,6.79,Sunday,March,2025,0,0,0
3/17/2025,441271,425178,267409,-0.21,0.78,-3.14,1.88,3.81,6.72,Monday,March,2025,0,0,0
3/18/2025,426027,391825,262690,2.06,4.14,1.09,1.84,3.36,4.7,Tuesday,March,2025,0,0,0
3/19/2025,420375,396021,256365,1.36,3.94,1.79,1.82,2.83,6.34,Wednesday,March,2025,0,0,0
3/20/2025,424303,393264,247111,1.17,3.11,0.03,1.63,2.67,4.3,Thursday,March,2025,0,0,0
3/21/2025,413545,377134,246809,1.80,2.98,-1.21,1.66,2.19,3.15,Friday,March,2025,0,0,0
3/22/2025,386453,356119,250964,2.68,3.24,-0.47,1.92,2.06,4.05,Saturday,March,2025,0,0,0
3/23/2025,380432,352147,242403,2.90,3.64,0.77,2.1,2.76,3.89,Sunday,March,2025,0,0,0
3/24/2025,413372,390471,256278,2.09,3.75,0.97,1.75,2.37,4.67,Monday,March,2025,0,0,0
3/25/2025,408486,396040,249725,3.90,4.97,2.66,1.25,2.33,6.02,Tuesday,March,2025,0,0,0
3/26/2025,406433,382199,237539,3.80,5.23,0.96,1.68,1.7,2.7,Wednesday,March,2025,0,0,0
3/27/2025,401619,390907,252879,4.73,5.51,2.54,2.21,3.46,5.25,Thursday,March,2025,0,0,0
3/28/2025,388456,356860,253442,4.66,7.63,4.22,3.29,3.28,5.94,Friday,March,2025,0,0,0
3/29/2025,382654,336721,230905,3.82,6.57,5.38,2.51,2.82,5.27,Saturday,March,2025,0,0,0
3/30/2025,385075,355098,213168,2.57,4.51,4.92,2.03,1.49,2.64,Sunday,March,2025,0,0,0
3/31/2025,399045,373255,221410,3.44,5.53,5.05,1.77,2.54,2.01,Monday,March,2025,0,0,0
4/1/2025,381541,370068,232519,5.68,6.69,5.06,1.41,1.9,2.79,Tuesday,April,2025,0,0,0
4/2/2025,369230,356110,232117,6.39,8.71,7.26,1.36,2.03,4.25,Wednesday,April,2025,0,0,0
4/3/2025,368682,346347,229460,6.31,9.50,7.35,1.74,2.79,4.6,Thursday,April,2025,0,0,0
4/4/2025,382700,343049,247574,3.41,6.15,3.37,2.6,3.57,5.83,Friday,April,2025,0,0,0
4/5/2025,373434,346303,245448,3.08,3.17,-1.14,2.52,4.38,7.11,Saturday,April,2025,0,0,0
4/6/2025,363929,356234,232465,4.11,4.31,0.13,1.82,2.24,3.53,Sunday,April,2025,0,0,0
4/7/2025,378949,371292,235813,4.73,5.99,1.27,1.77,2.79,5.13,Monday,April,2025,0,0,0
4/8/2025,381197,373531,243408,4.86,6.23,1.60,1.49,1.9,3.4,Tuesday,April,2025,0,0,0
4/9/2025,386903,375674,256718,3.96,5.50,0.39,2.37,4.35,8.26,Wednesday,April,2025,0,0,0
4/10/2025,405059,383457,257623,4.29,4.89,-1.48,2.09,3.43,6.94,Thursday,April,2025,0,0,0
4/11/2025,389054,357380,254954,6.40,7.56,-1.07,1.82,3.29,6.65,Friday,April,2025,0,0,0
4/12/2025,342225,318821,247173,6.91,8.94,1.89,1.69,2.31,6,Saturday,April,2025,0,0,0
4/13/2025,350393,308679,224264,6.38,9.06,5.14,2.09,3.43,4.31,Sunday,April,2025,0,0,0
4/14/2025,360759,347999,233831,6.04,9.23,6.89,2.24,3.32,5.42,Monday,April,2025,0,0,0
4/15/2025,362884,338690,223712,6.74,9.74,7.76,1.83,2.01,3.09,Tuesday,April,2025,0,0,0
4/16/2025,348566,336056,225006,7.87,11.45,10.12,1.75,2.51,4.61,Wednesday,April,2025,0,0,0
4/17/2025,332853,331679,215984,8.15,11.13,9.82,1.45,1.74,1.96,Thursday,April,2025,1,0,0
4/18/2025,332762,310549,212229,7.51,11.23,10.10,1.61,1.24,3.29,Friday,April,2025,1,1,1
4/19/2025,336230,301001,205898,6.35,8.81,9.16,2.2,3.15,2.14,Saturday,April,2025,0,0,0
4/20/2025,341207,321845,219744,5.67,6.73,5.54,2.27,2.33,2.6,Sunday,April,2025,1,1,1
4/21/2025,350462,332769,223355,5.83,6.91,4.85,1.68,2.14,3.06,Monday,April,2025,1,1,1
4/22/2025,372657,357922,223152,5.35,7.78,5.26,1.34,1.28,3.44,Tuesday,April,2025,0,0,0
4/23/2025,365430,351539,226707,5.96,8.03,5.06,1.64,1.84,3.24,Wednesday,April,2025,0,0,0
4/24/2025,368095,347751,221907,4.91,6.62,3.33,1.59,2.02,3.41,Thursday,April,2025,0,0,0
4/25/2025,372116,349804,231615,4.27,5.56,2.80,1.38,2.58,3.97,Friday,April,2025,0,0,0
4/26/2025,346396,318225,230263,5.26,6.39,1.84,1.57,2.55,5.05,Saturday,April,2025,0,0,0
4/27/2025,343698,302922,223452,6.81,8.50,3.14,2.4,3.42,3.89,Sunday,April,2025,0,0,0
4/28/2025,357905,330664,223908,8.02,10.99,7.14,2.83,3.97,7,Monday,April,2025,0,0,0
4/29/2025,350811,326291,228287,8.16,11.57,6.33,1.97,2.82,5.74,Tuesday,April,2025,0,0,0
4/30/2025,345054,324071,222342,8.36,10.58,3.84,1.83,2.86,3.53,Wednesday,April,2025,0,0,0
5/1/2025,327453,293403,224997,9.11,11.05,5.25,2.05,2.74,3.28,Thursday,May,2025,1,1,1
5/2/2025,340506,307978,231948,7.88,11.48,8.14,2.88,4.15,6.97,Friday,May,2025,0,0,0
5/3/2025,331669,299670,221011,6.22,9.72,6.49,1.58,2.7,5.83,Saturday,May,2025,0,0,0
5/4/2025,335815,313555,226142,5.05,6.58,4.15,3.57,4.4,4.15,Sunday,May,2025,0,0,0
5/5/2025,364643,341550,232250,5.84,7.41,3.38,2.52,3.23,6.15,Monday,May,2025,0,0,0
5/6/2025,355258,335016,238522,6.59,8.20,3.51,2.19,3.48,5.4,Tuesday,May,2025,0,0,0
5/7/2025,345499,333431,233432,7.25,7.83,3.06,1.28,2.03,5.25,Wednesday,May,2025,0,0,0
5/8/2025,338467,327260,228855,8.54,8.53,3.75,1.3,1.96,3.44,Thursday,May,2025,0,0,0
5/9/2025,331592,333053,231995,9.40,8.60,5.10,1.12,2.26,2.15,Friday,May,2025,0,0,0
5/10/2025,309876,304995,217759,9.90,8.31,6.49,1.41,1.36,2.33,Saturday,May,2025,0,0,0
5/11/2025,301003,301218,206121,10.47,9.05,7.14,1.93,1.68,2.96,Sunday,May,2025,0,0,0
5/12/2025,318385,315892,209404,11.23,10.73,9.33,1.06,1.51,2.04,Monday,May,2025,0,0,0
5/13/2025,322884,310112,213546,11.13,12.79,10.28,2.5,1.65,1.71,Tuesday,May,2025,0,0,0
5/14/2025,331680,313080,225199,8.31,10.05,7.58,3.89,4.12,4.15,Wednesday,May,2025,0,0,0
5/15/2025,333275,310705,223219,9.68,10.78,9.09,3.2,5.45,4.15,Thursday,May,2025,0,0,0
5/16/2025,326845,299147,213351,11.02,12.12,11.79,3.2,4.65,5.35,Friday,May,2025,0,0,0
5/17/2025,294053,281220,205463,11.28,10.77,10.66,2.93,2.97,2.4,Saturday,May,2025,1,0,0
5/18/2025,300038,273884,196133,11.95,11.45,12.28,2.63,4.6,5.23,Sunday,May,2025,0,0,0
5/19/2025,314682,296261,206185,13.48,14.73,12.78,1.89,2.74,3.15,Monday,May,2025,0,0,0
5/20/2025,317611,292823,210256,12.48,14.73,10.86,2.46,2.86,4.28,Tuesday,May,2025,0,0,0
5/21/2025,324440,336461,214432,7.73,9.43,8.75,3.28,2.31,3.4,Wednesday,May,2025,0,0,0
5/22/2025,339633,347290,222966,7.04,6.70,9.73,3.71,2.52,3.79,Thursday,May,2025,0,0,0
5/23/2025,340664,333803,217495,7.15,7.72,9.83,2.92,3.91,2.79,Friday,May,2025,0,0,0
5/24/2025,318135,293460,201440,7.78,9.47,10.05,3.12,3.82,1.82,Saturday,May,2025,0,0,0
5/25/2025,321257,300350,198412,9.09,10.88,10.34,2.46,3.84,3.54,Sunday,May,2025,0,0,0
5/26/2025,324225,319453,210108,9.47,12.59,13.03,2.93,3.22,3.39,Monday,May,2025,0,0,0
5/27/2025,326305,323316,205611,8.44,11.63,13.25,3.17,3.7,4.03,Tuesday,May,2025,0,0,0
5/28/2025,319724,316249,207457,9.52,12.11,13.38,1.91,1.63,3.22,Wednesday,May,2025,0,0,0
5/29/2025,307778,278493,191925,10.08,13.34,13.68,1.99,1.78,2.36,Thursday,May,2025,1,1,1
5/30/2025,315885,293281,198327,10.52,13.42,13.39,2.55,3.25,3.28,Friday,May,2025,0,0,0
5/31/2025,303172,278703,195617,10.08,13.62,11.67,1.69,2.65,5.9,Saturday,May,2025,0,0,0
6/1/2025,306635,285069,189274,10.24,14.31,12.29,2.49,2.91,4.98,Sunday,June,2025,0,0,0
6/2/2025,323032,317212,208475,10.27,13.87,12.31,2.45,3.6,4.94,Monday,June,2025,0,0,0
6/3/2025,324083,311432,202763,10.54,13.56,13.68,3.08,2.48,4.89,Tuesday,June,2025,0,0,0
6/4/2025,316840,317669,205717,10.96,15.07,14.80,3.44,3.66,4.23,Wednesday,June,2025,0,0,0
6/5/2025,323583,308645,212285,10.14,14.11,14.43,3.3,2.9,4.59,Thursday,June,2025,0,0,0
6/6/2025,322320,286258,205400,10.06,13.55,14.39,1.5,3.37,3.12,Friday,June,2025,0,1,0
6/7/2025,300177,283015,197912,10.09,13.12,13.86,2.1,5.01,6.2,Saturday,June,2025,0,0,0
6/8/2025,293024,284324,198280,9.94,13.06,13.33,1.16,2.01,3.44,Sunday,June,2025,1,1,1
6/9/2025,306738,316287,205125,9.98,12.87,13.13,1.99,1.53,3.72,Monday,June,2025,1,0,0
6/10/2025,325415,320805,201556,9.49,12.07,13.61,1.48,2.1,4.8,Tuesday,June,2025,0,0,0
6/11/2025,319607,317234,200297,10.48,12.54,12.30,2.36,2.33,3.59,Wednesday,June,2025,0,0,0
6/12/2025,313819,306904,209807,12.07,13.97,13.44,1.27,3.87,4,Thursday,June,2025,0,0,0
6/13/2025,299751,289755,203442,14.82,15.27,14.25,2.12,2.12,4.28,Friday,June,2025,0,0,0
6/14/2025,277693,263774,192027,15.48,17.14,16.71,1.98,2.19,2.6,Saturday,June,2025,0,0,0
6/15/2025,283024,261054,180349,14.33,18.72,18.36,1.69,2.09,4.52,Sunday,June,2025,0,0,0
6/16/2025,304070,303777,188361,13.98,16.75,17.17,2.3,2.62,3.14,Monday,June,2025,0,0,0
6/17/2025,311546,302015,190811,13.21,17.07,14.87,2.5,3.13,3.82,Tuesday,June,2025,0,0,0
6/18/2025,311841,303050,190260,12.10,16.33,14.24,2.21,3,4.83,Wednesday,June,2025,0,0,0
6/19/2025,314559,293782,190660,11.83,14.89,13.06,2.28,3.31,6.34,Thursday,June,2025,0,0,0
6/20/2025,312191,254023,175406,12.68,15.74,13.76,1.79,2.67,5.19,Friday,June,2025,0,0,0
6/21/2025,287574,252071,176090,14.06,16.79,12.10,1.81,3.82,5.01,Saturday,June,2025,0,1,1
6/22/2025,291072,258676,171986,14.62,16.76,13.93,2.46,2.59,4.16,Sunday,June,2025,0,0,0
6/23/2025,306511,314974,194223,12.99,14.75,13.56,2.41,3.42,4.4,Monday,June,2025,0,0,0
6/24/2025,309951,315685,200112,12.12,13.94,12.58,1.86,3.25,5.74,Tuesday,June,2025,0,0,0
6/25/2025,307039,307647,207521,13.76,15.39,12.67,1.68,2.27,5.35,Wednesday,June,2025,0,0,0
6/26/2025,308863,306294,199592,13.81,16.94,13.29,2.41,1.92,4.22,Thursday,June,2025,0,0,0
6/27/2025,300281,295355,195596,14.52,15.82,14.57,2.4,2.3,2.82,Friday,June,2025,0,0,0
6/28/2025,291726,269112,191338,14.46,16.57,15.10,2.61,3.19,2.95,Saturday,June,2025,0,0,0
6/29/2025,293362,263874,189611,13.41,16.88,13.82,3.61,5.02,6.19,Sunday,June,2025,0,0,0
6/30/2025,309929,300170,201869,14.68,16.92,14.75,1.61,3.82,5.8,Monday,June,2025,0,0,0
7/1/2025,309048,293738,192957,15.42,19.25,16.92,2.16,2.12,5,Tuesday,July,2025,0,0,0
7/2/2025,306243,306384,188328,14.28,19.99,18.01,1.01,1.95,2.88,Wednesday,July,2025,0,0,0
7/3/2025,309394,297477,197786,12.69,16.34,15.80,2.38,3.63,5.11,Thursday,July,2025,0,0,0
7/4/2025,307696,291495,203986,12.21,15.26,12.93,1.95,2.95,9.01,Friday,July,2025,0,0,0
7/5/2025,292699,271311,191099,12.61,14.46,13.35,1.34,2.59,3.13,Saturday,July,2025,0,0,0
7/6/2025,284173,269628,192651,14.15,16.55,14.19,1.54,2.86,3.78,Sunday,July,2025,0,0,0
7/7/2025,300432,296351,198772,13.59,15.26,15.18,1.78,2.01,3.2,Monday,July,2025,0,0,0
7/8/2025,297523,295875,200592,14.74,14.97,14.16,1.52,2.48,4.23,Tuesday,July,2025,0,0,0
7/9/2025,300093,288271,192291,14.90,17.20,15.18,1.32,1.43,2.65,Wednesday,July,2025,0,0,0
7/10/2025,298214,274894,195335,15.90,18.18,16.16,1.26,2.5,4.78,Thursday,July,2025,0,0,0
7/11/2025,296362,279217,201256,18.37,17.73,17.11,1.56,4.45,6.06,Friday,July,2025,0,0,0
7/12/2025,284248,254556,191499,20.11,18.17,21.00,2.45,2.87,3.04,Saturday,July,2025,0,0,0
7/13/2025,279184,254145,184776,19.15,18.56,22.05,1.65,1.12,1.34,Sunday,July,2025,0,0,0
7/14/2025,289995,265277,196517,18.86,18.94,22.73,1.09,1.18,1.46,Monday,July,2025,0,0,0
7/15/2025,287087,269922,195437,18.61,19.60,22.86,1.17,1.01,1.67,Tuesday,July,2025,0,0,0
7/16/2025,284635,269113,196451,19.85,19.74,22.21,1.9,2.32,3.05,Wednesday,July,2025,0,0,0
7/17/2025,285002,274143,197169,21.28,21.15,21.59,1.7,2.54,2.49,Thursday,July,2025,0,0,0
7/18/2025,288931,269089,195756,20.97,21.54,21.42,1.24,1.72,4.41,Friday,July,2025,0,0,0
7/19/2025,282694,254153,185848,21.08,22.32,21.67,0.91,1.32,2.98,Saturday,July,2025,0,0,0
7/20/2025,275850,257453,182216,22.10,22.19,22.37,1.19,2.04,3.66,Sunday,July,2025,0,0,0
7/21/2025,289964,277059,192320,21.17,21.70,22.51,1.88,2.34,3.55,Monday,July,2025,0,0,0
7/22/2025,288504,274584,193209,20.74,21.15,22.37,2.12,3.02,3.68,Tuesday,July,2025,0,0,0
7/23/2025,286719,281206,196061,20.69,20.90,23.25,1.95,2.76,2.89,Wednesday,July,2025,0,0,0
7/24/2025,287459,279536,196798,20.56,21.68,23.98,1.32,2.02,2.43,Thursday,July,2025,0,0,0
7/25/2025,283999,276607,200419,19.10,21.47,24.13,1.48,2.16,1.12,Friday,July,2025,0,0,0
7/26/2025,277101,254979,189870,17.97,20.53,23.27,0.94,1.98,1.85,Saturday,July,2025,0,0,0
7/27/2025,276264,252307,188816,16.74,19.87,23.03,1.04,2.27,2.4,Sunday,July,2025,0,0,0
7/28/2025,288290,271330,199974,16.38,19.65,22.60,0.67,1.46,3.81,Monday,July,2025,0,0,0
7/29/2025,293027,263551,204323,15.38,18.30,22.47,3.09,4.01,6.03,Tuesday,July,2025,0,0,0
7/30/2025,293393,273058,201945,16.06,18.46,23.62,1.38,1.66,3.16,Wednesday,July,2025,0,0,0
7/31/2025,292377,271259,205447,17.31,18.56,23.34,1.39,1.86,2.49,Thursday,July,2025,0,0,0
8/1/2025,288408,272496,204228,17.73,17.84,21.49,0.99,1.31,3.12,Friday,August,2025,0,0,0
8/2/2025,280384,252035,190591,16.98,17.98,20.04,1.71,3.12,4.32,Saturday,August,2025,0,0,0
8/3/2025,282447,248639,188195,16.59,17.97,20.57,1.65,2.84,2.74,Sunday,August,2025,0,0,0
8/4/2025,304400,292322,205192,15.46,18.02,21.72,2.5,2.65,4.23,Monday,August,2025,0,0,0
8/5/2025,315471,280036,204615,13.98,16.68,18.84,4.52,4.46,6.15,Tuesday,August,2025,0,0,0
8/6/2025,315991,282076,202071,13.76,15.78,16.66,3.05,4.54,8.04,Wednesday,August,2025,0,0,0
8/7/2025,319248,295265,203528,13.54,16.42,16.83,2.45,3.26,6.22,Thursday,August,2025,0,0,0
8/8/2025,312785,286231,201664,14.50,17.35,16.65,2.48,2.7,4.31,Friday,August,2025,0,0,0
8/9/2025,297952,258899,193443,14.06,16.89,17.61,2.88,2.75,4.29,Saturday,August,2025,0,0,0
8/10/2025,296415,258598,193120,14.10,16.86,17.14,2.11,2.9,3.84,Sunday,August,2025,0,0,0
8/11/2025,317819,296957,204386,13.56,16.12,16.71,2.05,2.08,4.5,Monday,August,2025,0,0,0
8/12/2025,316031,305082,199603,13.88,17.24,15.69,1.46,2.25,4.07,Tuesday,August,2025,0,0,0
8/13/2025,308577,305615,196764,16.47,18.72,16.57,1.46,1.66,3.74,Wednesday,August,2025,0,0,0
8/14/2025,307225,307234,206360,17.36,20.82,18.32,1.56,2.02,2.24,Thursday,August,2025,0,0,0
8/15/2025,309476,292969,214786,15.38,20.11,19.12,2.32,3.1,5.12,Friday,August,2025,0,0,0
8/16/2025,298962,269028,198648,13.36,16.33,13.63,2.14,4.61,8.07,Saturday,August,2025,0,0,0
8/17/2025,297757,270753,199144,14.86,16.23,14.27,1.83,4.25,4.91,Sunday,August,2025,0,0,0
8/18/2025,315946,307904,203259,15.42,18.29,15.78,1.52,2.21,4.16,Monday,August,2025,0,0,0
8/19/2025,314399,305756,216496,13.22,16.10,14.38,2.86,2.73,4.8,Tuesday,August,2025,0,0,0
8/20/2025,319241,311815,214664,11.56,14.30,11.58,1.5,2.52,4.49,Wednesday,August,2025,0,0,0
8/21/2025,321959,313860,207551,10.70,13.37,11.31,1.96,1.15,3.71,Thursday,August,2025,0,0,0
8/22/2025,322386,312599,203440,10.51,11.93,11.24,2.16,1.75,1.52,Friday,August,2025,0,0,0
8/23/2025,308611,287690,197823,11.10,12.42,11.77,2.18,3.61,2.6,Saturday,August,2025,0,0,0
8/24/2025,305853,285573,200595,11.86,13.84,11.31,1.95,3.57,2.92,Sunday,August,2025,0,0,0
8/25/2025,321142,326944,216697,11.67,13.62,11.70,1.61,3.61,5.52,Monday,August,2025,0,0,0
8/26/2025,316805,322747,204330,12.73,13.72,12.08,1.17,2.23,4.07,Tuesday,August,2025,0,0,0
8/27/2025,317278,315247,204475,13.33,14.53,11.95,1.41,1.71,4.96,Wednesday,August,2025,0,0,0
8/28/2025,318526,312116,203625,13.96,16.38,12.85,1.48,2.07,3.2,Thursday,August,2025,0,0,0
8/29/2025,316069,312735,205261,13.83,16.26,13.68,1.93,2.47,5.93,Friday,August,2025,0,0,0
8/30/2025,297503,283021,197324,14.46,16.18,13.78,1.51,1.79,3.37,Saturday,August,2025,0,0,0
8/31/2025,296553,281342,187255,14.78,16.49,13.95,1.71,1.12,4.33,Sunday,August,2025,0,0,0
9/1/2025,313480,316345,199814,14.79,17.21,14.63,2.33,2.1,2.42,Monday,September,2025,0,0,0
9/2/2025,308134,320723,203983,14.56,16.66,14.81,1.68,3.12,3.63,Tuesday,September,2025,0,0,0
9/3/2025,307658,312007,211461,14.29,17.13,15.34,2.47,2.53,4.86,Wednesday,September,2025,0,0,0
9/4/2025,311669,308930,206390,15.01,18.44,15.85,3.71,3.3,1.72,Thursday,September,2025,0,0,0
9/5/2025,307783,311217,202320,13.95,17.47,16.80,1.34,2.24,2.29,Friday,September,2025,0,0,0
9/6/2025,292164,275796,189207,13.78,16.27,17.72,0.92,1.27,3.64,Saturday,September,2025,0,0,0
9/7/2025,291318,284914,186154,14.03,15.86,18.10,1.27,1.52,1.87,Sunday,September,2025,0,0,0
9/8/2025,307382,313605,193406,14.60,16.64,17.58,1.45,1.85,2.03,Monday,September,2025,0,0,0
9/9/2025,308927,312740,193912,14.41,17.40,17.03,1.56,2.39,3.2,Tuesday,September,2025,0,0,0
9/10/2025,311048,314780,198654,15.25,17.41,17.30,2.58,3.11,4.3,Wednesday,September,2025,0,0,0
9/11/2025,318668,310247,206921,14.31,16.44,17.91,2.32,5.06,7.63,Thursday,September,2025,0,0,0
9/12/2025,317849,304472,209942,12.34,15.00,15.68,2.44,3.08,7.66,Friday,September,2025,0,0,0
9/13/2025,306674,270819,195538,11.74,14.54,14.66,2.2,2.9,4.63,Saturday,September,2025,0,0,0
9/14/2025,308471,278794,189554,11.51,14.38,14.06,2.17,2.6,4.42,Sunday,September,2025,0,0,0
9/15/2025,334516,311449,216308,11.04,13.73,13.53,1.98,3.44,6.95,Monday,September,2025,0,0,0
9/16/2025,326599,310022,213268,11.48,13.64,13.57,1.28,3.35,6.82,Tuesday,September,2025,0,0,0
9/17/2025,320125,312179,199973,11.77,13.74,13.08,1.72,2.87,7.71,Wednesday,September,2025,0,0,0
9/18/2025,327719,316320,197821,11.37,14.11,12.71,2.04,3,5.32,Thursday,September,2025,0,0,0
9/19/2025,327168,309056,196695,12.24,15.47,12.07,2.09,3.18,3.95,Friday,September,2025,0,0,0
9/20/2025,317335,272826,192771,11.97,17.06,13.25,1.64,3.41,6.72,Saturday,September,2025,0,0,0
9/21/2025,322856,281830,187698,9.75,15.52,14.68,1.74,4.23,6.31,Sunday,September,2025,0,0,0
9/22/2025,346201,319472,206456,7.50,11.03,11.26,2.23,3.83,9.21,Monday,September,2025,0,0,0
9/23/2025,353358,331637,216316,7.13,9.43,7.91,1.76,3.16,7.51,Tuesday,September,2025,0,0,0
9/24/2025,354348,342027,211604,8.09,9.65,7.26,1.42,2.62,5.89,Wednesday,September,2025,0,0,0
9/25/2025,353991,332352,208737,8.67,10.66,9.08,1.47,2,4.12,Thursday,September,2025,0,0,0
9/26/2025,347053,325698,203835,9.13,11.35,9.75,1.13,1.34,3.95,Friday,September,2025,0,0,0
9/27/2025,324380,300298,188710,9.74,11.24,10.13,1.34,1.85,3.3,Saturday,September,2025,0,0,0
9/28/2025,324481,298525,193956,10.44,11.49,9.36,1.62,2.57,5,Sunday,September,2025,0,0,0
9/29/2025,343198,325827,215746,10.34,10.73,7.87,1.79,2.63,4.86,Monday,September,2025,0,0,0
9/30/2025,342761,339712,217170,9.31,9.53,7.44,1.52,2.2,3.46,Tuesday,September,2025,0,0,0
10/1/2025,349180,339439,214461,8.53,9.15,7.17,1.49,1.7,3.04,Wednesday,October,2025,0,0,0
10/2/2025,352698,325269,221055,9.03,8.98,7.15,2.28,1.86,4.16,Thursday,October,2025,0,0,0
10/3/2025,361568,313716,233594,9.69,9.29,6.76,3.51,2.78,3.64,Friday,October,2025,0,0,0
10/4/2025,350024,313766,223095,7.79,9.02,6.88,4.87,5.7,7.02,Saturday,October,2025,0,0,0
10/5/2025,347935,313292,214095,8.56,10.32,8.69,2.34,2.56,6.42,Sunday,October,2025,0,0,0
10/6/2025,352980,330875,207870,9.08,10.73,9.26,1.37,1.59,4.29,Monday,October,2025,0,0,0
10/7/2025,341721,332071,209034,10.25,11.38,10.05,1.62,3.09,4.68,Tuesday,October,2025,0,0,0
10/8/2025,344402,327894,212259,8.87,11.63,10.51,1.73,2.8,7.69,Wednesday,October,2025,0,0,0
10/9/2025,363570,338876,216707,8.22,10.25,10.14,2.29,3.01,5,Thursday,October,2025,0,0,0
10/10/2025,375413,322158,226244,9.01,10.62,8.64,2.36,2.73,5.2,Friday,October,2025,0,0,0
10/11/2025,348528,287886,217261,9.96,11.73,8.20,2.17,3.39,8.32,Saturday,October,2025,0,0,0
10/12/2025,341931,300285,220685,8.82,9.84,6.27,1.95,3.99,8.18,Sunday,October,2025,0,0,0
10/13/2025,364824,360399,222059,8.09,7.16,5.58,1.25,3.04,7.72,Monday,October,2025,0,0,0
10/14/2025,353653,347688,213000,9.03,8.29,5.69,1.71,2.21,5.21,Tuesday,October,2025,0,0,0
10/15/2025,356058,339503,222853,8.16,10.14,6.51,1.79,2.28,4.31,Wednesday,October,2025,0,0,0
10/16/2025,370221,340730,237924,6.63,8.99,6.03,1.89,2.73,5.93,Thursday,October,2025,0,0,0
10/17/2025,382378,368242,227428,3.93,4.99,2.58,2.19,2.39,2.99,Friday,October,2025,0,0,0
10/18/2025,375289,347528,236742,3.82,3.75,1.21,1.29,2.46,2.68,Saturday,October,2025,0,0,0
10/19/2025,372083,349997,234828,3.50,4.57,3.52,1.22,2.57,5.13,Sunday,October,2025,0,0,0
10/20/2025,391364,337075,234850,3.99,5.97,4.13,1.45,2.88,5.62,Monday,October,2025,0,0,0
10/21/2025,387574,352053,241178,5.35,8.68,4.82,1.58,3.91,7.08,Tuesday,October,2025,0,0,0
10/22/2025,370918,356268,247699,6.94,10.30,4.61,1.59,3.44,8.09,Wednesday,October,2025,0,0,0
10/23/2025,370911,352465,238097,7.08,9.98,5.51,1.53,2.2,5.75,Thursday,October,2025,0,0,0
10/24/2025,383994,336402,226550,7.41,9.65,6.30,2.67,3.22,5.34,Friday,October,2025,0,0,0
10/25/2025,384543,318796,227685,6.68,8.40,7.75,1.95,1.54,5.89,Saturday,October,2025,0,0,0
10/26/2025,387146,332745,223530,5.52,7.08,7.57,1.07,1.5,4.35,Sunday,October,2025,0,0,0
10/27/2025,393106,365564,233611,4.78,6.21,6.07,1.48,1.66,4.7,Monday,October,2025,0,0,0
10/28/2025,403736,361357,229831,3.24,5.58,5.15,1.46,1.51,4.63,Tuesday,October,2025,0,0,0
10/29/2025,405230,372939,225917,2.53,6.24,4.76,1.46,1.69,3.53,Wednesday,October,2025,0,0,0
10/30/2025,412586,369559,237963,3.12,7.37,4.74,2.4,2.75,5.52,Thursday,October,2025,0,0,0
10/31/2025,418384,368365,232092,2.32,5.85,5.05,1.55,2.57,5.31,Friday,October,2025,0,0,0
11/1/2025,397969,330356,223045,4.88,7.51,4.65,2.36,2.36,2.73,Saturday,November,2025,0,1,1
11/2/2025,372661,325402,230433,5.62,8.62,5.64,1.14,2.56,6.58,Sunday,November,2025,0,0,0
11/3/2025,386411,354920,234178,5.55,7.53,6.84,1.65,2.25,3.72,Monday,November,2025,0,0,0
11/4/2025,370492,345228,243009,8.40,10.32,7.24,2.34,3.22,5.85,Tuesday,November,2025,0,0,0
11/5/2025,369520,341891,235294,8.73,10.32,9.39,1.68,3.07,7.64,Wednesday,November,2025,0,0,0
11/6/2025,373490,348357,236540,8.55,9.71,7.94,1.08,1.96,4.54,Thursday,November,2025,0,0,0
11/7/2025,372625,354745,229488,7.28,7.43,6.85,0.77,1.65,3.69,Friday,November,2025,0,0,0
11/8/2025,367262,340148,223743,6.21,6.24,5.23,0.66,1.29,2.91,Saturday,November,2025,0,0,0
11/9/2025,373872,340325,229879,5.75,6.00,4.81,0.77,1.66,3.81,Sunday,November,2025,0,0,0
11/10/2025,399833,382062,239463,5.18,5.87,1.63,0.62,0.8,2.12,Monday,November,2025,0,0,0
11/11/2025,400419,378696,245489,5.18,6.09,2.75,1.49,1.24,2.82,Tuesday,November,2025,0,0,0
11/12/2025,398712,369900,253582,6.46,8.09,5.91,3.09,4.07,7.89,Wednesday,November,2025,0,0,0
11/13/2025,421369,369419,253058,3.02,7.62,5.41,2.24,3.45,9.73,Thursday,November,2025,0,0,0
11/14/2025,445543,401381,264315,-0.60,1.81,-0.04,1.9,3.03,5.88,Friday,November,2025,0,0,0
11/15/2025,434465,384168,269489,-0.61,-0.10,-0.75,1.83,3.3,7.79,Saturday,November,2025,0,0,0
11/16/2025,425850,383418,244476,-0.20,0.73,0.78,1.75,2.98,9.37,Sunday,November,2025,0,0,0
11/17/2025,452886,446234,259082,-0.80,-1.19,-1.32,1.92,2.54,3.66,Monday,November,2025,0,0,0
11/18/2025,461355,460515,270017,-2.03,-1.55,-3.39,1.59,1.74,4.75,Tuesday,November,2025,0,0,0
11/19/2025,477369,476427,279030,-4.12,-1.76,-4.09,1.67,1.48,2.77,Wednesday,November,2025,0,0,0
11/20/2025,494808,481291,272606,-5.09,-2.25,-1.99,1.93,2.59,6.39,Thursday,November,2025,0,0,0
11/21/2025,495132,467479,263500,-3.76,-3.92,-2.26,1.28,3.44,3.54,Friday,November,2025,0,0,0
11/22/2025,443095,406138,282461,0.15,0.43,-1.95,2.06,3.5,7.07,Saturday,November,2025,0,0,0
11/23/2025,426116,400465,248104,-0.38,0.83,2.01,1.73,3.17,8.91,Sunday,November,2025,0,0,0
11/24/2025,462345,460688,249923,-2.15,-1.15,0.30,1.08,1.26,4.65,Monday,November,2025,0,0,0
11/25/2025,484511,465327,265590,-3.40,-1.26,-2.85,1.22,1.41,3.82,Tuesday,November,2025,0,0,0
11/26/2025,489731,472352,297249,-2.41,-2.07,-2.73,1.18,1.7,2.45,Wednesday,November,2025,0,0,0
11/27/2025,454439,446543,298351,2.85,1.12,-0.89,2.94,3.46,5.52,Thursday,November,2025,0,0,0
11/28/2025,422979,395974,275524,4.86,6.28,4.35,3.34,4.18,10.03,Friday,November,2025,0,0,0
11/29/2025,413835,365196,253204,2.36,5.87,4.89,2.49,4.42,9.18,Saturday,November,2025,0,0,0
11/30/2025,435702,376362,248785,0.25,4.78,2.62,1.7,2.81,6.8,Sunday,November,2025,0,0,0
12/1/2025,455845,408440,259492,0.43,4.11,2.45,1.57,3.32,7.54,Monday,December,2025,0,0,0
12/2/2025,438286,411420,265883,3.26,3.80,3.10,3.03,3.98,7.34,Tuesday,December,2025,0,0,0
12/3/2025,429584,420794,265343,2.86,3.49,3.44,1.17,2.42,7.06,Wednesday,December,2025,0,0,0
12/4/2025,434572,419561,252556,1.84,3.52,2.21,1.07,1.95,4.37,Thursday,December,2025,0,0,0
12/5/2025,441477,410842,244828,0.98,3.74,2.26,1.26,1.6,3.76,Friday,December,2025,0,0,0
12/6/2025,416382,392440,254296,1.02,4.23,2.15,1.54,2.08,5.49,Saturday,December,2025,0,0,1
12/7/2025,419351,392892,256314,1.10,4.46,1.17,1.23,1.63,4.67,Sunday,December,2025,0,0,0
12/8/2025,445653,399320,266992,2.20,6.07,1.22,1.74,2.82,6.54,Monday,December,2025,0,0,0
12/9/2025,444933,395495,252598,1.08,5.93,2.12,1.61,2.28,6.86,Tuesday,December,2025,0,0,0
12/10/2025,441769,399848,266007,3.22,6.86,1.88,1.82,3.4,5.39,Wednesday,December,2025,0,0,0
12/11/2025,433534,421066,261872,3.09,6.70,1.07,1.73,2.55,5.57,Thursday,December,2025,0,0,0
12/12/2025,435812,437350,282483,1.87,3.89,-5.16,1.34,2.16,5.74,Friday,December,2025,0,0,0
12/13/2025,415190,401888,289180,2.40,3.83,-6.04,1.5,2.94,3.29,Saturday,December,2025,0,0,0
12/14/2025,409078,387482,289537,4.41,5.54,-2.73,2.3,2.84,6.19,Sunday,December,2025,0,0,0
12/15/2025,416309,396673,279863,5.48,6.28,1.77,2.62,3.5,4.94,Monday,December,2025,0,0,0
12/16/2025,417857,408748,257395,4.62,5.24,2.82,2.31,2.82,6.11,Tuesday,December,2025,0,0,0
12/17/2025,431999,403253,265758,2.22,4.69,3.30,1.55,2.94,7.17,Wednesday,December,2025,0,0,0
12/18/2025,435922,399969,273594,3.90,4.80,1.91,3.13,2.85,6.13,Thursday,December,2025,0,0,0
12/19/2025,437757,381071,265362,4.65,6.63,4.31,3.5,3.39,7.62,Friday,December,2025,0,0,0
12/20/2025,415771,358381,251114,2.66,5.75,4.48,2.13,3.69,7.05,Saturday,December,2025,0,0,0
12/21/2025,434307,386572,250250,-0.96,2.44,1.55,1.84,2.83,6.9,Sunday,December,2025,0,0,0
12/22/2025,470763,439693,261305,-2.21,0.15,-2.61,1.58,2.08,5.61,Monday,December,2025,0,0,0
12/23/2025,468776,448499,278787,-1.87,-0.44,-5.07,0.95,1.97,4.23,Tuesday,December,2025,0,0,0
12/24/2025,459943,408850,258097,-2.27,-1.87,-2.41,1.69,2.26,5.7,Wednesday,December,2025,0,0,0
12/25/2025,440489,400345,236196,-0.07,-0.15,2.97,1.62,3.33,8.03,Thursday,December,2025,1,1,1
12/26/2025,436830,381242,239900,0.23,1.38,1.23,1.8,2.55,5.75,Friday,December,2025,1,1,1
12/27/2025,439183,404502,242299,0.36,2.11,0.92,3.09,5.05,8.17,Saturday,December,2025,0,0,0
12/28/2025,448323,397686,262317,-1.18,0.42,-1.98,1.91,4.08,8.98,Sunday,December,2025,0,0,0
12/29/2025,475403,436956,289056,-1.92,-0.66,-3.22,3.3,4.56,8.75,Monday,December,2025,0,0,0
12/30/2025,478167,462099,299849,-2.70,-2.50,-6.41,2.69,4.65,9.97,Tuesday,December,2025,0,0,0
12/31/2025,470353,445878,306519,-2.70,-2.50,-6.41,1.86,1.59,6.44,Wednesday,December,2025,0,0,0
